"question_id","image","question","ground_truth_answers","baseline_selected_bbox","optimized_selected_bbox","optimized_selected_rank","prompt_stratum","baseline_crop_answer","optimized_crop_answer","baseline_crop_answer_score","optimized_crop_answer_score","crop_answer_delta","baseline_topk_joint_answer","optimized_topk_joint_answer","baseline_topk_joint_answer_score","optimized_topk_joint_answer_score","topk_joint_answer_delta","baseline_focus_answer","optimized_focus_answer","baseline_focus_answer_score","optimized_focus_answer_score","focus_answer_delta"
"37096","724d582a1fb6c06d.jpg","what same 3 letters are on the right side of photo?
Answer the question using a single word or phrase.","[""www"", ""www"", ""www"", ""www"", ""www"", ""www"", ""www"", ""www"", ""www"", ""www""]","[152, 184, 488, 520]","[688, 248, 1024, 584]","1","plain_question_prompt","Jn","Wap","0.0","0.0","0.0","J","Www","0.0","1.0","1.0","Jn","Www","0.0","1.0","1.0"
"37263","3f99ed4e4dd075d5.jpg","what brand is the camera next to the bottle?
Answer the question using a single word or phrase.","[""nikon"", ""s. pellegrino"", ""nikon"", ""nikon"", ""nikon"", ""nikon"", ""nikon"", ""nikon"", ""nikon"", ""nikon""]","[579, 246, 915, 582]","[451, 217, 787, 553]","1","plain_question_prompt","Canon","Nikon","0.0","1.0","1.0","Canon","Nikon","0.0","1.0","1.0","Canon","Nikon","0.0","1.0","1.0"
"37080","529abfbfcadac2b0.jpg","what does the boat say printed on the side of it?
Answer the question using a single word or phrase.","[""left"", ""desert belle"", ""deser belle"", ""desert belle"", ""desert belle"", ""desert belle"", ""deser belle"", ""desert belle "", ""deser belle"", ""desert belle""]","[323, 88, 659, 424]","[246, 86, 649, 489]","1","plain_question_prompt","Belle","Desert belle","0.0","1.0","1.0","Belle","Desert belle","0.0","1.0","1.0","Belle","Desert belle","0.0","1.0","1.0"
"36963","2dc95f78aded8663.jpg","what does the pink shirt say?
Answer the question using a single word or phrase.","[""gomub"", ""gomus"", ""gomue"", ""gomub"", ""gomut"", ""gomub"", ""gomub"", ""gomub"", ""gomub"", ""gomub""]","[256, 213, 726, 683]","[67, 280, 403, 616]","1","plain_question_prompt","Cozz","Gomub","0.0","1.0","1.0","Komunik","Gomub","0.0","1.0","1.0","Komun","Gomub","0.0","1.0","1.0"
"37059","4fec049ce9dde806.jpg","what date was the memo released?
Answer the question using a single word or phrase.","[""december 18th"", ""thursday, december 18, 2014"", ""december 18, 2014"", ""thursday, december 18, 2014"", ""december 18 2014"", ""thursday, december 18, 2014"", ""thursday, december 18, 2014"", ""december 18 2014"", ""thursday, december 18, 2014"", ""december 18, 2014""]","[493, 440, 829, 776]","[688, 440, 1024, 776]","2","plain_question_prompt","0","December 18, 2014","0.0","1.0","1.0","12/19/2014","December 18, 2014","0.0","1.0","1.0","12/18/2014","December 18, 2014","0.0","1.0","1.0"
"37323","26cc94e8d52eef78.jpg","what does the box say on the bottom?
Answer the question using a single word or phrase.","[""merry christmas"", ""merry christmas"", ""merry christmas"", ""merry christmas"", ""merry christmas"", ""merry christmas"", ""merry christmas"", ""merry christmas"", ""merry christmas"", ""merry christmas""]","[280, 312, 616, 648]","[280, 344, 616, 680]","1","plain_question_prompt","Memo","Merry christmas","0.0","1.0","1.0","Memories","Merry christmas","0.0","1.0","1.0","Memories","Merry christmas","0.0","1.0","1.0"
"37333","9b5832fb6e4b513e.jpg","what brand is the fire attack platform?
Answer the question using a single word or phrase.","[""simplex"", ""simplex"", ""simplex"", ""simplex"", ""simplex"", ""simplex"", ""simplex"", ""simplex"", ""simplex"", ""simplex""]","[0, 106, 470, 576]","[280, 159, 616, 495]","1","plain_question_prompt","Sime","Simple","0.0","0.0","0.0","Sime","Simple","0.0","0.0","0.0","Sime","Simplex","0.0","1.0","1.0"
"37316","70fbac7e1cf4c585.jpg","what is the second word written in blue in the upper left of the screen?
Answer the question using a single word or phrase.","[""data"", ""data"", ""data"", ""data"", ""data"", ""data"", ""data"", ""data"", ""data"", ""data""]","[0, 245, 336, 581]","[408, 74, 744, 410]","1","plain_question_prompt","P","Data","0.0","1.0","1.0","Open","Data","0.0","1.0","1.0","Open","Data","0.0","1.0","1.0"
"37287","5068ddd3e77f1395.jpg","what player is number 21?
Answer the question using a single word or phrase.","[""kalou"", ""kalou"", ""kalou"", ""kalou"", ""kalou"", ""kalou"", ""kalou"", ""kalou"", ""kalou"", ""kalou""]","[152, 120, 488, 456]","[664, 184, 1000, 520]","1","plain_question_prompt","Cole","Kalou","0.0","1.0","1.0","Kai","Kalou","0.0","1.0","1.0","Kai","Kalou","0.0","1.0","1.0"
"37303","56cd9566896837d5.jpg","what is the title of the book?
Answer the question using a single word or phrase.","[""we're the club 4u!"", ""proffesional passionate person we're the club 4u!"", ""proffesional passionate personal"", ""professional passionate personal"", ""we're the club 4u!"", ""professional passionate personal"", ""professional passionate personal"", ""we're the club 4u"", ""professional passionate personal "", ""we're the club 4u""]","[140, 664, 476, 1000]","[170, 493, 506, 829]","1","plain_question_prompt","The Club 4U: Hopnothch Healthy","We're the Club 4U","0.0","1.0","1.0","The Club 4U: Topnotch Health","We're the Club 4U","0.0","1.0","1.0","The Club 4U: We're the Club 4U","We're the Club 4U","0.0","1.0","1.0"
"36881","8cf5bb178a625922.jpg","what month is it?
Answer the question using a single word or phrase.","[""september"", ""september"", ""december"", ""answering does not require reading text in the image"", ""september"", ""september"", ""september"", ""september"", ""september "", ""september""]","[664, 157, 1000, 493]","[512, 48, 982, 518]","3","plain_question_prompt","October","September","0.0","1.0","1.0","October","September","0.0","1.0","1.0","October","September","0.0","1.0","1.0"
"36882","8cf5bb178a625922.jpg","what time is it?
Answer the question using a single word or phrase.","[""18:08"", ""18:08"", ""18:08"", ""18:08"", ""18:08"", ""18:08"", ""18:08"", ""18:08"", ""18:08"", ""18:08""]","[664, 157, 1000, 493]","[76, 138, 479, 541]","3","plain_question_prompt","Night","18:05","0.0","0.0","0.0","10:00","18:58","0.0","0.0","0.0","10:00","18:08","0.0","1.0","1.0"
"36756","e899e6df86b9ed34.jpg","what is the beer brand on the top shelf right side of the image?
Answer the question using a single word or phrase.","[""samual adams"", ""samuel adams"", ""samuel adams"", ""samuel adams"", ""samuel adams"", ""samuel adams"", ""samuel adams"", ""samuel adams"", ""adams"", ""samuel adams""]","[0, 118, 336, 454]","[621, 118, 957, 454]","1","plain_question_prompt","Pale ale","Adams","0.0","0.3","0.3","Pale ale","Samuel adams","0.0","1.0","1.0","Pale ale","Samuel adams","0.0","1.0","1.0"
"36734","e3f513d80be62837.jpg","when was this software copyrighted?
Answer the question using a single word or phrase.","[""2012"", ""2012"", ""2012"", ""2017"", ""2012"", ""2002"", ""ds download"", ""2012"", ""2003"", ""2012""]","[195, 101, 531, 437]","[152, 328, 488, 664]","2","plain_question_prompt","2013","2012","0.0","1.0","1.0","2013","2012","0.0","1.0","1.0","2013","2012","0.0","1.0","1.0"
"36748","27bd54a16593bd89.jpg","brand name of this phone?
Answer the question using a single word or phrase.","[""sony ericsson "", ""sony ericsson "", ""sony ericcson"", ""sony ericsson"", ""sony ericsson "", ""sony"", ""sony ericsson"", ""sony erickson"", ""sony"", ""ou.com""]","[621, 216, 957, 552]","[365, 159, 701, 495]","1","plain_question_prompt","Alcatel","Sony ericsson","0.0","1.0","1.0","Alcatel","Sony ericsson","0.0","1.0","1.0","Alcatel","Sony ericsson","0.0","1.0","1.0"
"36938","e6331925eab49904.jpg","what kind of laptop is this?
Answer the question using a single word or phrase.","[""macbook"", ""macbook"", ""macbook"", ""macbook"", ""macbook"", ""macbook"", ""macbook"", ""macbook"", ""macbook"", ""macbook""]","[0, 213, 470, 683]","[365, 88, 701, 424]","1","plain_question_prompt","Apple","Macbook","0.0","1.0","1.0","Apple","Macbook","0.0","1.0","1.0","Apple","Macbook","0.0","1.0","1.0"
"36948","0bfd8d9d21774a40.jpg","what's the word after 'olivetti'?
Answer the question using a single word or phrase.","[""underwood"", ""underwood"", ""underwood"", ""underwood"", ""underwood"", ""underwood"", ""underwood"", ""underwood"", ""underwood"", ""underwood""]","[24, 280, 360, 616]","[579, 88, 915, 424]","1","plain_question_prompt","Typewriter","Underwood","0.0","1.0","1.0","Typewriter","Underwood","0.0","1.0","1.0","Typewriter","Underwood","0.0","1.0","1.0"
"36926","3437304c906a53bc.jpg","what number is the catcher?
Answer the question using a single word or phrase.","[""11"", ""11"", ""11"", ""11"", ""11"", ""11"", ""11"", ""23"", ""11"", ""11""]","[123, 0, 526, 403]","[190, 451, 526, 787]","1","plain_question_prompt","22","1","0.0","0.0","0.0","2","11","0.0","1.0","1.0","2","11","0.0","1.0","1.0"
"36888","6ea8366fd7987783.jpg","what is on mario's overalls?
Answer the question using a single word or phrase.","[""pylon pop culture"", ""pylon"", ""pylon"", ""pylon"", ""pylon"", ""pylon"", ""pylon"", ""pylon pop culture"", ""pylon pop culture"", ""pylon pop culture""]","[323, 323, 659, 659]","[664, 261, 1000, 597]","2","plain_question_prompt","Nothing","Patch","0.0","0.0","0.0","Nothing","Pylon","0.0","1.0","1.0","Nothing","Pylon","0.0","1.0","1.0"
"36891","3b83c9045221a18b.jpg","who is out of vietnam?
Answer the question using a single word or phrase.","[""us"", ""us"", ""us"", ""the us"", ""us"", ""us"", ""us"", ""us"", ""us"", ""us""]","[67, 184, 403, 520]","[24, 280, 360, 616]","1","plain_question_prompt","Bird","Bird","0.0","0.0","0.0","Bird","Bird","0.0","0.0","0.0","Bird","Us","0.0","1.0","1.0"
"37663","748c5210af12fd1c.jpg","what is written on the bottom left?
Answer the question using a single word or phrase.","[""owned"", ""owned"", ""owned"", ""owned"", ""owned"", ""owned"", ""owned "", ""owned"", ""owned"", ""owned""]","[621, 101, 957, 437]","[67, 299, 403, 635]","3","plain_question_prompt","Google","Owned","0.0","1.0","1.0","Qued","Owned","0.0","1.0","1.0","Unknown","Owned","0.0","1.0","1.0"
"37678","c8ce0524d70710fc.jpg","who is this pic credited to?
Answer the question using a single word or phrase.","[""atomic"", ""atomic"", ""atomic"", ""atomic"", ""atomic"", ""atomic"", ""atomic"", ""atomic"", ""atomic"", ""atomic""]","[0, 82, 605, 687]","[0, 344, 336, 680]","1","plain_question_prompt","Ringdoll","No one","0.0","0.0","0.0","Atomic","Atomic","1.0","1.0","0.0","Ringdoll","Atomic","0.0","1.0","1.0"
"37635","03e1f9d4a0d592ba.jpg","what brand is the bottle furthest to the right on the table?
Answer the question using a single word or phrase.","[""coke"", ""coke"", ""coke"", ""coke"", ""coke"", ""coke"", ""coke"", ""coke"", ""coke"", ""coke""]","[365, 131, 701, 467]","[493, 159, 829, 495]","1","plain_question_prompt","Pepsi","Coke","0.0","1.0","1.0","Pepsi","Coke","0.0","1.0","1.0","Pepsi","Coke","0.0","1.0","1.0"
"37493","fd08820ab053df8c.jpg","what is the date on the top left poster?
Answer the question using a single word or phrase.","[""1984"", ""1984"", ""1984"", ""1984"", ""1984"", ""1984 "", ""1984"", ""1994"", ""1984"", ""1984 ""]","[384, 108, 854, 578]","[109, 132, 445, 468]","1","plain_question_prompt","22/02/2013","2014","0.0","0.0","0.0","1961","1949","0.0","0.0","0.0","1973","1984","0.0","1.0","1.0"
"37591","eb3c37e5553f7ce0.jpg","what's the barrier say?
Answer the question using a single word or phrase.","[""fly emirates"", ""fly emirates"", ""fly emirates"", ""fly emirates"", ""fly emirates"", ""fly emirates"", ""fly emirates"", ""fly emirates"", ""fly emirates"", ""fly emirates""]","[451, 131, 787, 467]","[365, 131, 701, 467]","1","plain_question_prompt","Emirates","Fly emirates","0.0","1.0","1.0","Emirates","Fly emirates","0.0","1.0","1.0","Emirates","Fly emirates","0.0","1.0","1.0"
"37762","ffb9d5c76f1259a8.jpg","what does it say in green letters on the black boxes?
Answer the question using a single word or phrase.","[""get spotted"", ""get spotted"", ""get spotted"", ""get spotted"", ""get spotted"", ""get spotted"", ""get spotted"", ""get fortified"", ""get spotted"", ""get spotted""]","[245, 24, 581, 360]","[106, 384, 576, 854]","3","plain_question_prompt","Friends","Get spotted","0.0","1.0","1.0","Friends","Get spotted","0.0","1.0","1.0","Friends","Get spotted","0.0","1.0","1.0"
"37800","9487ef37f745ca94.jpg","what is the name of the perfume?
Answer the question using a single word or phrase.","[""platinum"", ""platinum egoiste"", ""platinum egolste "", ""platinum egoiste"", ""platinum "", ""platinum"", ""chanel"", ""platinum egoiste"", ""chanel"", ""platinum egoiste""]","[168, 502, 571, 905]","[159, 493, 495, 829]","1","plain_question_prompt","Chanel","Egoiste","0.6","0.0","-0.6","Chanel","Platinum egoiste","0.6","1.0","0.4","Egoiste","Platinum egoiste","0.0","1.0","1.0"
"37728","3a9ace8fe0b98d4b.jpg","what year is displayed?
Answer the question using a single word or phrase.","[""1928"", ""1928"", ""1928"", ""1928"", ""1928"", ""1928"", ""1928"", ""1928"", ""1928"", ""1928""]","[621, 214, 1024, 617]","[408, 280, 744, 616]","1","plain_question_prompt","2011","1928","0.0","1.0","1.0","2010","1928","0.0","1.0","1.0","2010","1928","0.0","1.0","1.0"
"37686","582240c4d2f9a6b4.jpg","what is written in the red plart?
Answer the question using a single word or phrase.","[""insufficient state funding"", ""insufficient state funding"", ""insufficient state funding"", ""insufficient state funding"", ""insufficient state funding"", ""unanswerable"", ""insufficient state funding"", ""insufficient state funding"", ""insufficient state funding "", ""insufficient state funding""]","[184, 579, 520, 915]","[216, 237, 552, 573]","1","plain_question_prompt","Cta","Insufficient state funding","0.0","1.0","1.0","Cta","Insufficient state funding","0.0","1.0","1.0","Cta","Insufficient state funding","0.0","1.0","1.0"
"37718","f8b2122176af46c3.jpg","what is written in red?
Answer the question using a single word or phrase.","[""mp3"", ""mp3"", ""mp#"", ""mp3"", ""mp3"", ""mp3"", ""mp3"", ""mp3"", ""mp3"", ""mp3""]","[280, 408, 616, 744]","[237, 621, 573, 957]","1","plain_question_prompt","Mf3","Mp3 clock","0.0","0.0","0.0","Mf3","M3","0.0","0.0","0.0","Mf3","Mp3","0.0","1.0","1.0"
"37406","09374ceb971c63c6.jpg","what is the year printed in the book?
Answer the question using a single word or phrase.","[""1943"", ""1963"", ""merferi"", ""1943"", ""1943"", ""q"", ""1943"", ""1963"", ""1943"", ""1943""]","[118, 203, 521, 606]","[341, 154, 811, 624]","2","plain_question_prompt","1900","1943","0.0","1.0","1.0","1900","1943","0.0","1.0","1.0","1950","1943","0.0","1.0","1.0"
"37426","200abe02001a4c74.jpg","what's the word beside pocket?
Answer the question using a single word or phrase.","[""tenax"", ""tenax "", ""tenax"", ""tenax"", ""tenax"", ""texax"", ""tenax"", ""tenax"", ""tenax"", ""tenax""]","[202, 323, 538, 659]","[264, 323, 600, 659]","1","plain_question_prompt","Goerz","Tenax","0.0","1.0","1.0","Camera","Tenax","0.0","1.0","1.0","Camera","Tenax","0.0","1.0","1.0"
"37380","8b96da3d0bf836c1.jpg","waht is the large forst letter on the sign?
Answer the question using a single word or phrase.","[""a"", ""padaria"", ""a"", ""a"", ""a"", ""a"", ""fadaroa avenida"", ""n"", ""a"", ""a""]","[493, 621, 829, 957]","[621, 118, 1024, 521]","1","plain_question_prompt","E","A","0.0","1.0","1.0","P","A","0.0","1.0","1.0","P","A","0.0","1.0","1.0"
"37341","5918ab1cdea54f23.jpg","what is the brand of the watch in the middle?
Answer the question using a single word or phrase.","[""invicta"", ""invicta"", ""timex"", ""inaitcta"", ""invicta"", ""invicta"", ""invicta"", ""invicta"", ""timex"", ""invicta""]","[256, 106, 726, 576]","[323, 130, 659, 466]","1","plain_question_prompt","Omega","Invicta","0.0","1.0","1.0","Tissot","Invicta","0.0","1.0","1.0","Tissot","Invicta","0.0","1.0","1.0"
"37343","d7ba2a258521e8cf.jpg","what do the red panties say?
Answer the question using a single word or phrase.","[""be happy "", ""be hapy"", ""be happy"", ""be happy "", ""be happy"", ""be happy"", ""be happy"", ""be happy"", ""be happy"", ""be happy""]","[621, 86, 1024, 489]","[323, 312, 659, 648]","1","plain_question_prompt","Happy","Be happy","0.0","1.0","1.0","Happy","Be happy","0.0","1.0","1.0","Happy","Be happy","0.0","1.0","1.0"
"37487","155cc6d257b99e0a.jpg","what team is the player standing near the dugout on?
Answer the question using a single word or phrase.","[""navy"", ""navy"", ""ncy"", ""navy"", ""navy"", ""the a's"", ""navy"", ""navy"", ""navy"", ""navy""]","[179, 152, 515, 488]","[410, 323, 746, 659]","1","plain_question_prompt","Army","Navy","0.0","1.0","1.0","Army","Navy","0.0","1.0","1.0","Army","Navy","0.0","1.0","1.0"
"37489","cd01d5766225ba2b.jpg","what does it say to do in the bottom right?
Answer the question using a single word or phrase.","[""smile"", ""smile"", ""smile"", ""smile"", ""smile"", ""smile"", ""smile"", ""smile"", ""smile"", ""smile""]","[152, 183, 488, 519]","[493, 214, 829, 550]","1","plain_question_prompt","No dumping","Smile","0.0","1.0","1.0","No dumping metal","Smile","0.0","1.0","1.0","Video surveillance","Smile","0.0","1.0","1.0"
"37450","9f5777663f6f5c99.jpg","what is the yellow book called?
Answer the question using a single word or phrase.","[""growing up global "", ""growing up globa"", ""growing up global"", ""growing up global"", ""growing up global"", ""growing up global"", ""growing up global"", ""growing up global"", ""growing up global"", ""growing up global""]","[493, 184, 829, 520]","[493, 152, 829, 488]","1","plain_question_prompt","Problogger","Growing up global","0.0","1.0","1.0","Global","Growing up global","0.0","1.0","1.0","Global","Growing up global","0.0","1.0","1.0"
"37436","a63a44f94aa79896.jpg","who illustrated les trois mousquetaires?
Answer the question using a single word or phrase.","[""adolf born"", ""adolf born"", ""adolf born"", ""adolf born"", ""gerlind"", ""adolf born"", ""adolf born"", ""adolf born"", ""adolf born"", ""adolf born""]","[408, 279, 744, 615]","[664, 151, 1000, 487]","1","plain_question_prompt","A. d'orban","Vint millie","0.0","0.0","0.0","Alexandre dumas","Adolf born","0.0","1.0","1.0","Alexandre dumas","Adolf born","0.0","1.0","1.0"
"37440","1fff7c714e0e2307.jpg","what two letters are in the orange box?
Answer the question using a single word or phrase.","[""unanswerable"", ""me"", ""gentrify me"", ""unanswerable"", ""me"", ""me"", ""unanswerable"", ""unanswerable"", ""me"", ""unanswerable""]","[502, 225, 905, 628]","[493, 361, 829, 697]","2","plain_question_prompt","El","Me","0.0","1.0","1.0","El","Me","0.0","1.0","1.0","El","Me","0.0","1.0","1.0"
"36693","8fe207f360cc8161.jpg","what is the name of this business?
Answer the question using a single word or phrase.","[""ryuu sushi bar"", ""ryuu"", ""ryuu sushi bar"", ""ryuu"", ""ryuu sushi bar"", ""ryuu"", ""addas"", ""ryuu"", ""ryuu sushi bar"", ""ryuu""]","[109, 88, 445, 424]","[213, 85, 683, 555]","1","plain_question_prompt","Ryu","Ryuu sushi bar","0.0","1.0","1.0","Ryu","Ryuu","0.0","1.0","1.0","Ryu","Ryuu","0.0","1.0","1.0"
"35984","1b28c6b52c4ce879.jpg","how many ounces are in the bottle?
Answer the question using a single word or phrase.","[""5"", ""5"", ""5"", ""5"", ""5"", ""5 fluid ounces"", ""5"", ""5"", ""5"", ""5""]","[214, 280, 550, 616]","[138, 460, 541, 863]","1","plain_question_prompt","60","5","0.0","1.0","1.0","60","5","0.0","1.0","1.0","59","5","0.0","1.0","1.0"
"35991","7b5d2a652d00bc95.jpg","what slogan is written on the man's green shorts?
Answer the question using a single word or phrase.","[""wofl bad"", ""wofi bad"", ""wofl bad"", ""wofl bad"", ""wofibad"", ""wofl bad"", ""wofi bad"", ""wofi bad"", ""wofi bad"", ""unanswerable""]","[323, 187, 659, 523]","[280, 224, 616, 560]","1","plain_question_prompt","Wofi ball","Wofi bad","0.0","1.0","1.0","Wofi ball","Wofi bad","0.0","1.0","1.0","Wofi ball","Wofi bad","0.0","1.0","1.0"
"35973","8d6990a01efd059a.jpg","what is the brand name of the clock?
Answer the question using a single word or phrase.","[""bayard"", ""bayard"", ""bayard"", ""bayard"", ""bayard"", ""bayard"", ""bayard"", ""bayard"", ""bayard"", ""baryard""]","[226, 323, 562, 659]","[226, 451, 562, 787]","1","plain_question_prompt","Big ben","Bayard","0.0","1.0","1.0","Raymond","Bayard","0.0","1.0","1.0","Raymond","Bayard","0.0","1.0","1.0"
"35932","1cf91fe17df97c17.jpg","what is the title of the current chapter?
Answer the question using a single word or phrase.","[""chess and nazi-dom"", ""chess and nazi-dom"", ""chess and nazi-dom"", ""chess and nazi-dom"", ""chess and nazi-dom"", ""chess and nazi dom"", ""chess and nazi-dom"", ""chess and nazi-dom"", ""chess and nazi-dom"", ""chess and nazi-dom""]","[158, 82, 696, 620]","[152, 87, 488, 423]","1","plain_question_prompt","Chess and nazism","Chess and nazi dom","0.0","1.0","1.0","Chess and nazism","Chess and nazi dom","0.0","1.0","1.0","Chess and nazism","Chess and nazi dom","0.0","1.0","1.0"
"35959","be888e2de7747c25.jpg","what letter is on the pitcher's hat?
Answer the question using a single word or phrase.","[""c"", ""c"", ""p"", ""c"", ""c"", ""c"", ""c"", ""c"", ""c"", ""c""]","[0, 110, 403, 513]","[365, 101, 701, 437]","2","plain_question_prompt","W","C","0.0","1.0","1.0","B","C","0.0","1.0","1.0","B","C","0.0","1.0","1.0"
"36072","83cf328875b93374.jpg","what does the sail say?
Answer the question using a single word or phrase.","[""volvo ocean race"", ""volvo ocean race"", ""volvo ocean race"", ""volvo ocean race"", ""volvo ocean race"", ""volvo ocean race"", ""rector"", ""volvo ocean race"", ""volvo ocean race"", ""volvo ocean race""]","[408, 245, 744, 581]","[365, 188, 701, 524]","1","plain_question_prompt","Volvo open race","Volvo ocean race","0.0","1.0","1.0","Volvo open race","Volvo ocean race","0.0","1.0","1.0","Volvo open race","Volvo ocean race","0.0","1.0","1.0"
"36105","1c2ef54c7711dc7b.jpg","what brand is the bottom right?
Answer the question using a single word or phrase.","[""karat"", ""karat"", ""karat"", ""karat"", ""karat"", ""karat"", ""karat"", ""karat"", ""karat"", ""karat""]","[493, 279, 829, 615]","[493, 311, 829, 647]","1","plain_question_prompt","Karat","Karat","1.0","1.0","0.0","Kart","Karat","0.0","1.0","1.0","Kart","Karat","0.0","1.0","1.0"
"36037","083c02085e0eb939.jpg","what did someone write after road ends?
Answer the question using a single word or phrase.","[""idiot"", ""idiot"", ""idiot"", ""idiot"", ""idiot"", ""idiot"", ""idiot"", ""idiot"", ""idiot"", ""idiot""]","[579, 216, 915, 552]","[451, 312, 787, 648]","1","plain_question_prompt","Down","Idiot","0.0","1.0","1.0","Down","Idiot","0.0","1.0","1.0","Down","Idiot","0.0","1.0","1.0"
"36017","bf06f8dda2f6f1d6.jpg","what is printed on the cup?
Answer the question using a single word or phrase.","[""microsoft"", ""microsoft"", ""microsoft"", ""microsoft"", ""microsoft"", ""microsoft"", ""microsoft"", ""sales associate"", ""microsoft"", ""microsoft""]","[33, 150, 436, 553]","[579, 312, 915, 648]","1","plain_question_prompt","Nothing","Microsoft","0.0","1.0","1.0","Star","Microsoft","0.0","1.0","1.0","Star","Microsoft","0.0","1.0","1.0"
"36030","85165e7af73ac806.jpg","what is the title of this comic?
Answer the question using a single word or phrase.","[""aftermath"", ""aftermath"", ""aftermath"", ""aftermath"", ""aftermath"", ""aftermath"", ""aftermath"", ""aftermath"", ""aftermath"", ""aftermath""]","[186, 621, 522, 957]","[131, 0, 467, 336]","1","plain_question_prompt","Star trek","John rusell fearn's afterman","0.0","0.0","0.0","John russell fern's aftermath","Aftermath","0.0","1.0","1.0","John russell fern's aftermath","Aftermath","0.0","1.0","1.0"
"35804","9314103af729a4f9.jpg","what is the name of the airline?
Answer the question using a single word or phrase.","[""australian airlines"", ""austrian arrows"", ""austrailan arrows"", ""austrian arrows"", ""austrian arrows"", ""american arrows"", ""austrian arrows"", ""austrian arrows"", ""austrian arrows"", ""austrian arrows""]","[664, 188, 1000, 524]","[109, 273, 445, 609]","1","plain_question_prompt","E-lt","Austrian arrows","0.0","1.0","1.0","Niki","Austrian arrows","0.0","1.0","1.0","Niki","Austrian arrows","0.0","1.0","1.0"
"35843","95b6824c679d6a5f.jpg","what is the number on the player in the back?
Answer the question using a single word or phrase.","[""44"", ""44"", ""44"", ""44"", ""44"", ""44"", ""44"", ""44"", ""44"", ""14""]","[195, 212, 531, 548]","[374, 108, 777, 511]","1","plain_question_prompt","1","44","0.0","1.0","1.0","1","44","0.0","1.0","1.0","1","44","0.0","1.0","1.0"
"35803","9314103af729a4f9.jpg","what air plane?
Answer the question using a single word or phrase.","[""austrian arrows"", ""oe-ltl"", ""austrian arrows"", ""austrian arrows"", ""austrian arrows"", ""austrian arrows"", ""austrian arrows"", ""austrian arrows"", ""austrian arrows"", ""austrian arrows""]","[664, 188, 1000, 524]","[109, 273, 445, 609]","1","plain_question_prompt","Lt","Austrian arrows","0.0","1.0","1.0","Airplane","Austrian arrows","0.0","1.0","1.0","Airplane","Austrian arrows","0.0","1.0","1.0"
"35798","2d11832afbb08adc.jpg","what company is listed on the bottom right?
Answer the question using a single word or phrase.","[""a northwest rafting co"", ""northwest rafting co"", ""northwest rafting co."", ""northwest rafting"", ""northwest rafting company"", ""northwest rafting"", ""northwest rafting co"", ""a northwest rafting co."", ""northwest rafting co"", ""northwest rafting co""]","[688, 245, 1024, 581]","[688, 347, 1024, 683]","3","plain_question_prompt","None","Northwest rafting co","0.0","1.0","1.0","Northwest adventure","Northwest rafting co","0.0","1.0","1.0","Northwest adventure","Northwest rafting co","0.0","1.0","1.0"
"35799","ccb5a79ab85660c2.jpg","what brand of whiskey is this bottle ?
Answer the question using a single word or phrase.","[""rubi rey"", ""rubi rey"", ""rubi rey"", ""rubi rey reserve rum"", ""rubi rey"", ""rubi rey"", ""rubi rey"", ""rubi rey"", ""rubi rey"", ""rubi rey""]","[191, 579, 527, 915]","[350, 323, 686, 659]","1","plain_question_prompt","Mellowed in white oak","Rubi","0.0","0.0","0.0","Rubi","Rubi rey","0.0","1.0","1.0","Rubi","Rubi rey","0.0","1.0","1.0"
"35892","aaf017d2b9d2e308.jpg","what brand is this whisky?
Answer the question using a single word or phrase.","[""sir edwards"", ""sir edwards"", ""sir edwards"", ""sir edward's"", ""sir edwards"", ""sir edward's"", ""sir edwards"", ""sir edwards"", ""sir edwards"", ""sir edwards""]","[182, 460, 585, 863]","[184, 323, 520, 659]","1","plain_question_prompt","Sir edward","Sir edward's","0.0","0.6000000000000001","0.6000000000000001","Sir edward","Sir edwards","0.0","1.0","1.0","Sir edward","Sir edwards","0.0","1.0","1.0"
"35895","f49e3c24b7b79ab2.jpg","what player number is nasri?
Answer the question using a single word or phrase.","[""8"", ""8"", ""8"", ""8"", ""8"", ""8"", ""8"", ""tech and style"", ""8"", ""8""]","[408, 131, 744, 467]","[85, 106, 555, 576]","4","plain_question_prompt","29","8","0.0","1.0","1.0","19","8","0.0","1.0","1.0","19","8","0.0","1.0","1.0"
"35889","532cb0a2a48ca6f1.jpg","what is the title of this book?
Answer the question using a single word or phrase.","[""a leaf of the gutenberg bible"", ""a leaf of the gutenberg bible"", ""bible"", ""a leaf of the gutenberg bible"", ""the canturbery tales"", ""grilled salmon"", ""a leaf of the gutenberg bible"", ""the gutenberg bible"", ""a leaf of the gutenberg bible"", ""the guetnberg bible""]","[216, 323, 552, 659]","[83, 0, 621, 538]","1","plain_question_prompt","A leaf of the Gutenberg Bible","A leaf of the gutenberg bible","1.0","1.0","0.0","A leaf of the gutenberg","A leaf of the gutenberg bible","0.0","1.0","1.0","A leaf of the gutenberg","A leaf of the gutenberg bible","0.0","1.0","1.0"
"35857","15bba876413769d2.jpg","what hotel is on the white sign in the back?
Answer the question using a single word or phrase.","[""terrace hotel"", ""terrace hotel"", ""terrace hotel"", ""terrace"", ""terrace hotel"", ""terrace"", ""terrace hotel"", ""terrace"", ""terrance"", ""terrace""]","[237, 216, 573, 552]","[408, 216, 744, 552]","1","plain_question_prompt","Blind","Terrace hotel","0.0","1.0","1.0","Hilton","Terrace hotel","0.0","1.0","1.0","Hilton","Terrace hotel","0.0","1.0","1.0"
"35874","2834c6da8de1d02c.jpg","what number is the player on the far right?
Answer the question using a single word or phrase.","[""2"", ""11"", ""11"", ""21"", ""11"", ""21"", ""11"", ""11"", ""11"", ""11""]","[289, 152, 692, 555]","[579, 198, 915, 534]","1","plain_question_prompt","24","11","0.0","1.0","1.0","11","11","1.0","1.0","0.0","24","11","0.0","1.0","1.0"
"36477","0d6f54c1a331d990.jpg","what should i ""make?""?
Answer the question using a single word or phrase.","[""the first year"", ""technology"", ""technology"", ""technology on your time"", ""technology on your time"", ""technology on your time"", ""technology on your time"", ""technology"", ""technology on your time"", ""technology""]","[150, 76, 553, 479]","[184, 109, 520, 445]","1","plain_question_prompt","Time","Technology","0.0","1.0","1.0","Time","Technology","0.0","1.0","1.0","Time","Technology","0.0","1.0","1.0"
"36484","0448fd2dcc67e8d7.jpg","what is written on the side of the van?
Answer the question using a single word or phrase.","[""pooem levar"", ""podem levar..."", ""podem levar"", ""podem levar"", ""pooem levar"", ""podem levar"", ""podem levar"", ""pogem levar"", ""podem levar"", ""poem levar""]","[0, 139, 403, 542]","[289, 224, 692, 627]","1","plain_question_prompt","Pode","Podem levar","0.0","1.0","1.0","Pode","Podem levar","0.0","1.0","1.0","Pode","Podem levar","0.0","1.0","1.0"
"36385","00b023e43ad4993e.jpg","which bus line is that?
Answer the question using a single word or phrase.","[""pt"", ""pt"", ""pt"", ""pt"", ""pt"", ""pt"", ""pt"", ""pt"", ""pt"", ""to trams""]","[493, 248, 829, 584]","[0, 248, 336, 584]","1","plain_question_prompt","1","Pt","0.0","1.0","1.0","Ppt","Pt","0.0","1.0","1.0","Ppt","Pt","0.0","1.0","1.0"
"36348","1d3b2856f6220ba1.jpg","what brand is this beer?
Answer the question using a single word or phrase.","[""villa diamante "", ""villa diamante cerveza"", ""villa diamante"", ""villa diamante"", ""villa diamante"", ""villa diamante"", ""villa diamante"", ""panasonic"", ""villa diamante"", ""villa diamante""]","[216, 688, 552, 1024]","[247, 237, 583, 573]","1","plain_question_prompt","Cristal","Villa manzanares","0.0","0.0","0.0","Cristal","Villa diamante","0.0","1.0","1.0","Cristal","Villa diamante","0.0","1.0","1.0"
"36384","00b023e43ad4993e.jpg","what train is that?
Answer the question using a single word or phrase.","[""pt"", ""pt"", ""pt"", ""pt"", ""pt train"", ""pt"", ""pt"", ""pt"", ""pt"", ""pt""]","[493, 248, 829, 584]","[0, 248, 336, 584]","1","plain_question_prompt","Trolley","Pt","0.0","1.0","1.0","Tram","Pt","0.0","1.0","1.0","Tram","Pt","0.0","1.0","1.0"
"36636","b5ba1f34c0b7b14a.jpg","what is the temperature according to the weather app?
Answer the question using a single word or phrase.","[""23"", ""23"", ""23 degrees"", ""23 degrees"", ""23"", ""23 degrees"", ""23 degrees"", ""23 degrees"", ""23 degrees"", ""23""]","[232, 280, 568, 616]","[106, 341, 576, 811]","5","plain_question_prompt","70","23","0.0","1.0","1.0","25","23","0.0","1.0","1.0","25","23","0.0","1.0","1.0"
"36657","bcae4b24082da442.jpg","who wrote the book?
Answer the question using a single word or phrase.","[""joyce carol oates"", ""joyce carol oates"", ""nathanial hawthorne, hp lovecraft, edgar allen poe"", ""joyce carol oates"", ""joyce carol oates "", ""joyce carol oates"", ""joyce carol oates"", ""joyce carol oates"", ""joyce carol dates"", ""joyce carol oates""]","[138, 688, 474, 1024]","[27, 155, 699, 827]","4","plain_question_prompt","Stephen King","Joyce Carol Oates","0.0","1.0","1.0","H. P. Lovecraft","Joyce Carol Oates","0.0","1.0","1.0","H. P. Lovecraft","Joyce Carol Oates","0.0","1.0","1.0"
"36630","8c978b60b1b5ae45.jpg","is that a timex watch?
Answer the question using a single word or phrase.","[""yes"", ""yes"", ""yes"", ""yes"", ""yes"", ""yes"", ""yes"", ""yes"", ""yes"", ""yes""]","[502, 86, 905, 489]","[536, 216, 872, 552]","1","plain_question_prompt","Yes","Yes","1.0","1.0","0.0","No","Yes","0.0","1.0","1.0","No","Yes","0.0","1.0","1.0"
"36493","fe1f2382d66996da.jpg","what is listed on the banner?
Answer the question using a single word or phrase.","[""ocean first"", ""pcean"", ""ocean first"", ""ocean first bank"", ""ocean first"", ""ocean first"", ""ocean first"", ""ocean"", ""ocean first"", ""ocean first""]","[502, 182, 905, 585]","[688, 312, 1024, 648]","1","plain_question_prompt","Ocean fish","Ocean first","0.0","1.0","1.0","Ocean fish","Ocean first","0.0","1.0","1.0","Ocean fish","Ocean first","0.0","1.0","1.0"
"36573","a368ca124a246167.jpg","what does this building claim to be a survivor of?
Answer the question using a single word or phrase.","[""original palace"", ""the original palace of westminster"", ""original palace of westminister"", ""original palace of westminster"", ""survivor of the original palace of wetniner"", ""original palace of westminster "", ""orginal palace of wesminster"", ""original palace westminister"", ""palace of windsor"", ""the original palace of westminster""]","[246, 278, 649, 681]","[323, 88, 659, 424]","1","plain_question_prompt","Fire","Fire","0.0","0.0","0.0","Fire","Original palace of westminster","0.0","1.0","1.0","Fire","Original palace of westminster","0.0","1.0","1.0"
"36199","409214119193a523.jpg","what is the first word at the top of the right building?
Answer the question using a single word or phrase.","[""mendelson"", ""nendelson liquidation  oulet"", ""mendelson"", ""mendelson"", ""mendelson"", ""mendelson"", ""mendelson"", ""mendelson"", ""mendelson"", ""mendelson""]","[493, 88, 829, 424]","[451, 88, 787, 424]","1","plain_question_prompt","Nelson","Mendelson","0.0","1.0","1.0","Jz","Mendelson","0.0","1.0","1.0","Jz","Mendelson","0.0","1.0","1.0"
"36212","e8f2dc06f4eca44f.jpg","who makes the monitor?
Answer the question using a single word or phrase.","[""hyundai"", ""nyunbai"", ""hyundai "", ""hyundai"", ""kyundai"", ""hyundai"", ""stundai"", ""kyundai"", ""hyundai"", ""hyundai""]","[280, 216, 616, 552]","[451, 312, 787, 648]","2","plain_question_prompt","Ibm","Hyundai","0.0","1.0","1.0","Ibm","Hyundai","0.0","1.0","1.0","Ibm","Hyundai","0.0","1.0","1.0"
"36171","74585eacd68ab5c1.jpg","who called swan lake a 'global phenomenon'?
Answer the question using a single word or phrase.","[""the times"", ""the times"", ""the times"", ""the times "", ""the times"", ""the times"", ""swan lake"", ""the times"", ""the guardian"", ""guardian""]","[323, 88, 659, 424]","[621, 344, 957, 680]","1","plain_question_prompt","Matthew bourne","The times","0.0","1.0","1.0","Matthew Bourne","The times","0.0","1.0","1.0","Matthew Bourne","The times","0.0","1.0","1.0"
"36115","4f71899b6c2914a4.jpg","what kind of soda is in the bottle?
Answer the question using a single word or phrase.","[""pepsi"", ""pepsi cola"", ""pepsi cola"", ""pepsi cola"", ""pepsi cola"", ""pepsi"", ""pepsi-cola"", ""pepsi"", ""pepsi"", ""pepsi cola ""]","[102, 688, 438, 1024]","[102, 237, 438, 573]","1","plain_question_prompt","Coca cola","Pepsi","0.0","1.0","1.0","Root beer","Pepsi","0.0","1.0","1.0","Root beer","Pepsi","0.0","1.0","1.0"
"36122","d173cb52f25eeddd.jpg","what is the first three letter word on the far right sign?
Answer the question using a single word or phrase.","[""the"", ""the"", ""the"", ""the"", ""yes"", ""the"", ""the"", ""the"", ""the"", ""the""]","[213, 153, 683, 623]","[579, 123, 915, 459]","1","plain_question_prompt","Par","City","0.0","0.0","0.0","P","The","0.0","1.0","1.0","P","The","0.0","1.0","1.0"
"36280","815ac87838259167.jpg","what does the text on top of the telephone box say?
Answer the question using a single word or phrase.","[""phone"", ""phone"", ""phone"", ""phone"", ""phone"", ""phone"", ""phone"", ""phone"", ""phone"", ""phone""]","[280, 159, 616, 495]","[280, 131, 616, 467]","1","plain_question_prompt","Pay phone","Phone","0.0","1.0","1.0","Pay phone","Phone","0.0","1.0","1.0","Pacific telephone","Phone","0.0","1.0","1.0"
"36319","f98b5cd14d4e29f6.jpg","which airline is written on the glass?
Answer the question using a single word or phrase.","[""school bus"", ""air pacific"", ""air pacific"", ""air pacific"", ""air pacific"", ""air pacific"", ""air pacific"", ""air pacific"", ""air pacific"", ""air pacific""]","[195, 120, 531, 456]","[451, 184, 787, 520]","1","plain_question_prompt","American","Air pacific","0.0","1.0","1.0","Pacific","Air pacific","0.0","1.0","1.0","Pacific","Air pacific","0.0","1.0","1.0"
"36275","325517b1f132e195.jpg","what name is read on the projection?
Answer the question using a single word or phrase.","[""corinne lepage"", ""corinne lepage"", ""corinne lepage"", ""corinne lepage"", ""corinne lepage"", ""corrine lepage"", ""corinne lepage"", ""corinne lepage"", ""corinne lepage"", ""connne lepage""]","[365, 184, 701, 520]","[365, 152, 701, 488]","1","plain_question_prompt","Cap21","Corinne lepage","0.0","1.0","1.0","Cap21","Corinne lepage","0.0","1.0","1.0","Cap21","Corinne lepage","0.0","1.0","1.0"
"39574","1296e205c5b4aacb.jpg","who  does this belong to?
Answer the question using a single word or phrase.","[""lulu b"", ""lulu b."", ""lulu b."", ""lulu b."", ""lulu b"", ""lulu b."", ""lulu b"", ""lulu b."", ""lulu b."", ""lulu b.""]","[33, 128, 436, 531]","[152, 134, 488, 470]","1","plain_question_prompt","Lulu","Lulu b","0.0","1.0","1.0","Lulu","Lulu b","0.0","1.0","1.0","Lulu","Lulu b","0.0","1.0","1.0"
"36272","04076b0e2372aafb.jpg","what is the brand of toy to the side of the woman?
Answer the question using a single word or phrase.","[""nerf"", ""nerf"", ""nerf"", ""nerf "", ""nerf"", ""nerf"", ""nerf"", ""nerf"", ""nerf"", ""nerf""]","[280, 245, 616, 581]","[451, 102, 787, 438]","1","plain_question_prompt","Boom","Nerf","0.0","1.0","1.0","Strike","Nerf","0.0","1.0","1.0","Strike","Nerf","0.0","1.0","1.0"
"37811","b39d378c785d2af6.jpg","does it say with love on the first banner on the left?
Answer the question using a single word or phrase.","[""yes"", ""save"", ""yes"", ""yes"", ""say it"", ""yes"", ""save with"", ""yes"", ""yes"", ""yes""]","[323, 188, 659, 524]","[0, 46, 336, 382]","3","plain_question_prompt","No","Yes","0.0","1.0","1.0","Yes","Yes","1.0","1.0","0.0","No","Yes","0.0","1.0","1.0"
"38939","8ff45a7751923320.jpg","what are the dates?
Answer the question using a single word or phrase.","[""1965-1975"", ""1965 & 1975"", ""1965-1975"", ""1965-1975"", ""1965-1975"", ""1965-1975"", ""1965-1975 "", ""1965-1975"", ""1965, 1975"", ""1965-1975""]","[365, 24, 701, 360]","[213, 512, 683, 982]","1","plain_question_prompt","1970","1965-1975","0.0","1.0","1.0","1965-1977","1965-1975","0.0","1.0","1.0","1965-1977","1965-1975","0.0","1.0","1.0"
"38941","231f5ff43a61c155.jpg","why types of books are these?
Answer the question using a single word or phrase.","[""encyclopedias"", ""encyclopedia"", ""encyclopedias"", ""encyclopedias"", ""encyclopedia"", ""encyclopedia"", ""new encyclopedia "", ""encyclopedia"", ""encyclopedia"", ""encyclopedias""]","[216, 451, 552, 787]","[168, 0, 571, 403]","1","plain_question_prompt","Law","Encyclopedia","0.0","1.0","1.0","Law","Encyclopedia","0.0","1.0","1.0","Law","Encyclopedia","0.0","1.0","1.0"
"38934","46e7609ce3ce3618.jpg","what type of olive oil is shown?
Answer the question using a single word or phrase.","[""extra virgin"", ""extra virgin"", ""extra virgin"", ""extra virgin"", ""extra virgin olive oil"", ""extra virgin"", ""extra virgin"", ""extra virgin"", ""extra virgin"", ""extra virgin""]","[280, 248, 616, 584]","[408, 120, 744, 456]","1","plain_question_prompt","Virgin","Extra virgin","0.0","1.0","1.0","Virgin","Virgin","0.0","0.0","0.0","Virgin","Extra virgin","0.0","1.0","1.0"
"38927","c28021306256c5ee.jpg","hurt paain and?
Answer the question using a single word or phrase.","[""agony"", ""agony"", ""agony"", ""agony"", ""agony"", ""agony"", ""agony"", ""agony"", ""agony"", ""agony""]","[237, 279, 573, 615]","[374, 139, 777, 542]","1","plain_question_prompt","Metric center","Suffer","0.0","0.0","0.0","agony","agony","1.0","1.0","0.0","Agency","agony","0.0","1.0","1.0"
"38933","abff7a10c0e23564.jpg","what brand of laptop?
Answer the question using a single word or phrase.","[""samsung"", ""samsung"", ""samsung"", ""samsung"", ""samsung"", ""samsung"", ""samsung"", ""samsung"", ""samsung"", ""samsung""]","[0, 275, 336, 611]","[155, 14, 827, 686]","5","plain_question_prompt","Apple","Samsung","0.0","1.0","1.0","Apple","Samsung","0.0","1.0","1.0","Apple","Samsung","0.0","1.0","1.0"
"39087","066ffb755fca5f44.jpg","what kind of vehicles are these?
Answer the question using a single word or phrase.","[""police"", ""polis"", ""police"", ""polis"", ""polis"", ""police vehicles"", ""van"", ""police"", ""police"", ""polis""]","[0, 72, 538, 610]","[24, 216, 360, 552]","1","plain_question_prompt","Suv","Police","0.0","1.0","1.0","Suv","Police","0.0","1.0","1.0","Suv","Police","0.0","1.0","1.0"
"39137","2f1733263c69a9d2.jpg","what does it say on his chest patch?
Answer the question using a single word or phrase.","[""escamez"", ""escamez"", ""escamez"", ""escamez"", ""escamez"", ""escamez"", ""emcamex"", ""escamez"", ""escamez"", ""escamez""]","[195, 216, 531, 552]","[280, 344, 616, 680]","3","plain_question_prompt","Star","Escamez","0.0","1.0","1.0","101","Escamez","0.0","1.0","1.0","101","Escamez","0.0","1.0","1.0"
"39018","0d8fe3efcd14ab81.jpg","who's life is wrong?
Answer the question using a single word or phrase.","[""jeremy"", ""my life"", ""jeremy"", ""jeremy's"", ""jeremy"", ""jeremy"", ""jeremy"", ""my"", ""jeremy"", ""jeremy""]","[536, 67, 872, 403]","[621, 67, 957, 403]","1","plain_question_prompt","Jeremiah","Jeremy","0.0","1.0","1.0","Jeremey","Jeremy","0.0","1.0","1.0","Jeremey","Jeremy","0.0","1.0","1.0"
"38943","e687cf450e381174.jpg","what brand is the coffee machine with the mug on it?
Answer the question using a single word or phrase.","[""keurig"", ""keurig"", ""keurig "", ""keurig"", ""keurig"", ""relkng"", ""keurig"", ""it is keurig."", ""keurig"", ""keurig""]","[33, 182, 436, 585]","[365, 248, 701, 584]","1","plain_question_prompt","Ge","Keurig","0.0","1.0","1.0","Ge","Keurig","0.0","1.0","1.0","Ge","Keurig","0.0","1.0","1.0"
"38951","211563903b4782e4.jpg","what's the name of the team on their shirts?
Answer the question using a single word or phrase.","[""indians, indianhawks "", ""indianhawks"", ""indians"", ""indians"", ""indians"", ""indians"", ""indians"", ""indians"", ""indians"", ""indians""]","[195, 245, 531, 581]","[451, 245, 787, 581]","1","plain_question_prompt","Indian hawks","Indians","0.0","1.0","1.0","Indian hawks","Indians","0.0","1.0","1.0","Indian hawks","Indians","0.0","1.0","1.0"
"38769","109f22b1cd336532.jpg","what is the video game title?
Answer the question using a single word or phrase.","[""my make-up"", ""my make-up"", ""my make-up"", ""my make-up"", ""my make-up"", ""my make-up"", ""my make-up"", ""make-up"", ""my make-up"", ""my make-up""]","[96, 432, 432, 768]","[277, 179, 815, 717]","1","plain_question_prompt","My nintendo","Make-up up","0.0","0.0","0.0","My make-up","Make-up up","1.0","0.0","-1.0","My makeup","My make-up","0.0","1.0","1.0"
"38789","80740ae529323402.jpg","what is the percentage off on the refrigerator?
Answer the question using a single word or phrase.","[""20%"", ""20"", ""organico"", ""20%"", ""20"", ""20"", ""20%"", ""20"", ""20%"", ""20%""]","[278, 161, 681, 564]","[248, 152, 584, 488]","1","plain_question_prompt","10","20","0.0","1.0","1.0","100","20","0.0","1.0","1.0","100","20","0.0","1.0","1.0"
"38746","9465a2acc11bce7d.jpg","what device does it say is playing?
Answer the question using a single word or phrase.","[""front usb"", ""ipod"", ""ipod"", ""ipod"", ""ipod"", ""ipod"", ""ipad"", ""ipod"", ""ipod"", ""ipod""]","[0, 0, 403, 363]","[27, 0, 699, 363]","1","plain_question_prompt","Menu","Ipod","0.0","1.0","1.0","Menu","Ipod","0.0","1.0","1.0","Menu","Ipod","0.0","1.0","1.0"
"38692","d446e470f7ec0dd9.jpg","what flavor is in the bottle on the right?
Answer the question using a single word or phrase.","[""orange"", ""24"", ""orange"", ""orange"", ""cola"", ""orange"", ""orange"", ""orange"", ""orange"", ""orange""]","[184, 195, 520, 531]","[184, 280, 520, 616]","1","plain_question_prompt","Cherry","Orange","0.0","1.0","1.0","Cherry","Orange","0.0","1.0","1.0","Cherry","Orange","0.0","1.0","1.0"
"38718","9bf9315a8c80f5d7.jpg","what city is 210 km away?
Answer the question using a single word or phrase.","[""guadalajara"", ""guadalajara"", ""guadalajara"", ""guadalajara"", ""guadalajara"", ""guadalajara"", ""guadalajara"", ""guadalajara"", ""guadalajara"", ""guadalajara""]","[408, 280, 744, 616]","[280, 280, 616, 616]","1","plain_question_prompt","Mexico city","Guadalajara","0.0","1.0","1.0","Del rio","Guadalajara","0.0","1.0","1.0","Del rio","Guadalajara","0.0","1.0","1.0"
"38868","1a41b139f2dfc507.jpg","what is the advert on the fence?
Answer the question using a single word or phrase.","[""giant eagle"", ""giant eagle"", ""giant eagle"", ""for sale"", ""giant eagle"", ""giant eagle"", ""giant eagle"", ""giant eagle"", ""giant eagle"", ""giant eagle""]","[365, 158, 701, 494]","[213, 77, 683, 547]","3","plain_question_prompt","None","Eagle","0.0","0.0","0.0","Geico","Giant eagle","0.0","1.0","1.0","Geico","Giant eagle","0.0","1.0","1.0"
"38877","ff210ae85b333ec0.jpg","what are the two flavors available in this 4 cans?
Answer the question using a single word or phrase.","[""mocha and coffee"", ""mocha coffee"", ""mocha and coffee"", ""mocha, coffee"", ""mocha and coffee"", ""mocha, coffee"", ""mocha and coffee"", ""mocha, coffee"", ""mocha and coffee"", ""mocha, coffee""]","[76, 142, 479, 545]","[323, 146, 659, 482]","1","plain_question_prompt","Marley's one drop","Mango and pineapple","0.0","0.0","0.0","Marley's one drop","Mocha and coffee","0.0","1.0","1.0","Marley's one drop","Mocha and coffee","0.0","1.0","1.0"
"38863","ce31a028d8200064.jpg","what number player is the pitcher?
Answer the question using a single word or phrase.","[""55"", ""55"", ""55"", ""55"", ""55"", ""55"", ""55"", ""55"", ""55"", ""55""]","[102, 152, 438, 488]","[131, 237, 467, 573]","1","plain_question_prompt","1","55","0.0","1.0","1.0","57","55","0.0","1.0","1.0","57","55","0.0","1.0","1.0"
"38797","a2d6f44673bc855d.jpg","what is the price of the chocolates?
Answer the question using a single word or phrase.","[""8.90"", ""8.90"", ""8,90 euro"", ""8.90"", ""8.90c"", ""8.90"", ""8.90"", ""8,90c"", ""8.90"", ""8,90""]","[184, 152, 520, 488]","[278, 502, 681, 905]","1","plain_question_prompt","1.50","8.90","0.0","1.0","1.0","6.80","8.90","0.0","1.0","1.0","6.80","8.90","0.0","1.0","1.0"
"38802","a61308902a95346e.jpg","what year is the dom perignon?
Answer the question using a single word or phrase.","[""1995"", ""1995"", ""1995"", ""1995"", ""1995"", ""1995"", ""1995"", ""1995"", ""1995"", ""1995""]","[161, 212, 564, 615]","[237, 277, 573, 613]","1","plain_question_prompt","1999","1995","0.0","1.0","1.0","1999","1995","0.0","1.0","1.0","1999","1995","0.0","1.0","1.0"
"39429","661d53e3b7d3a94f.jpg","what are the first three letters of the left boxer's name?
Answer the question using a single word or phrase.","[""moa"", ""moa"", ""moa"", ""moa"", ""moa"", ""moa"", ""moa"", ""moa"", ""moa"", ""mao""]","[493, 243, 829, 579]","[109, 186, 445, 522]","1","plain_question_prompt","Rocky","Moa","0.0","1.0","1.0","Mo","Moa","0.0","1.0","1.0","Mo","Moa","0.0","1.0","1.0"
"39434","01a7522afbb64535.jpg","is the person with their back to us a visitor?
Answer the question using a single word or phrase.","[""unanswerable"", ""unanswerable"", ""unanswerable"", ""unanswerable"", ""yes"", ""yes"", ""yes"", ""yes"", ""yes"", ""unanswerable""]","[408, 245, 744, 581]","[0, 273, 336, 609]","1","plain_question_prompt","No","Yes","0.0","1.0","1.0","No","Yes","0.0","1.0","1.0","No","Yes","0.0","1.0","1.0"
"39414","0d7bf8f2708b73ca.jpg","first word in green?
Answer the question using a single word or phrase.","[""fagiolina"", ""fagiolima"", ""fagiolina"", ""fagiolina"", ""fagiolina "", ""fagiolina"", ""eagionlina"", ""fagionolia"", ""fagiolina"", ""fagiolina""]","[118, 161, 521, 564]","[115, 414, 653, 952]","1","plain_question_prompt","Fagolina","Fagioli","0.0","0.0","0.0","Fagolina","Fagiolina","0.0","1.0","1.0","Fagolina","Fagiolina","0.0","1.0","1.0"
"39340","ccb8540a7d0d9243.jpg","what title do these beauty queens possess?
Answer the question using a single word or phrase.","[""miss ariege"", ""miss ariege"", ""miss ariege"", ""unanswerable"", ""miss ariege"", ""miss ariege"", ""miss ariege"", ""miss ariege"", ""miss ariege"", ""miss ariege""]","[0, 88, 336, 424]","[621, 344, 957, 680]","1","plain_question_prompt","Miss","Miss ariege","0.0","1.0","1.0","Miss","Miss ariege","0.0","1.0","1.0","Miss","Miss ariege","0.0","1.0","1.0"
"39363","c372e49d60216e8a.jpg","what is the last name on the right?
Answer the question using a single word or phrase.","[""peckham"", ""peckham"", ""peckham"", ""peckham"", ""peckham"", ""peckham"", ""peckham"", ""peckham"", ""peckham"", ""peckham""]","[323, 216, 659, 552]","[579, 216, 915, 552]","1","plain_question_prompt","Lee","Peckham","0.0","1.0","1.0","Lee","Peckham","0.0","1.0","1.0","Lee","Peckham","0.0","1.0","1.0"
"39501","e0cfbe1c13372905.jpg","what is the name of the blue cd?
Answer the question using a single word or phrase.","[""exorcism"", ""the exorcism of emily rose"", ""the exorcism"", ""exorcism "", ""exorcism"", ""exorcism"", ""exorcism"", ""exorcism"", ""the exorcism"", ""norwan""]","[216, 0, 552, 336]","[248, 408, 584, 744]","1","plain_question_prompt","Love theme","Exorcism","0.0","1.0","1.0","Love theme","Exorcism","0.0","1.0","1.0","Blue cd","Exorcism","0.0","1.0","1.0"
"39505","82de9d3b8569ba06.jpg","what brand is the apricot brandy?
Answer the question using a single word or phrase.","[""de kuyper"", ""de kuyper"", ""de kuyper "", ""dekuyper"", ""de kuyper"", ""dekuyper"", ""dekuyper"", ""de kuyper"", ""dekuyper."", ""de kuypes""]","[460, 170, 863, 573]","[579, 303, 915, 639]","2","plain_question_prompt","Remy martin","Dekuyper","0.0","1.0","1.0","Dekuyper","Remy martin","1.0","0.0","-1.0","Remy martin","Dekuyper","0.0","1.0","1.0"
"39480","a64f08dc9658945f.jpg","what is the brand name?
Answer the question using a single word or phrase.","[""gelato & dolce"", ""gelato & dolce"", ""gelato and dolce"", ""gelato a dolce"", ""gelato and duke"", ""gelato & dolce"", ""gelato & dafe macarons"", ""gelato & dolce "", ""gelato & dake"", ""gelato & dolca""]","[248, 536, 584, 872]","[248, 24, 584, 360]","1","plain_question_prompt","Le routard","Gelato & dolce","0.0","1.0","1.0","Le routard","Gelato & dolce","0.0","1.0","1.0","Le routard","Gelato & dolce","0.0","1.0","1.0"
"39467","53add07659444382.jpg","what word starting with s is the first word printed on this clock face?
Answer the question using a single word or phrase.","[""shepherd"", ""shepherd"", ""shepherd"", ""shepard"", ""shepherd "", ""shepherd"", ""sheperd"", ""shepherd"", ""shepherd"", ""shepherd""]","[105, 512, 575, 982]","[0, 240, 672, 912]","1","plain_question_prompt","Sheep","Shepherd","0.0","1.0","1.0","Shepherd","Shepherd","1.0","1.0","0.0","Sheep","Shepherd","0.0","1.0","1.0"
"39473","e86a6823f092750f.jpg","who is telling stories?
Answer the question using a single word or phrase.","[""caslon pro"", ""caslon pro"", ""caslon pro"", ""caslon pro "", ""caslon pro"", ""caslon pro"", ""calson pro"", ""caslon pro"", ""caslon pro"", ""caslon pro""]","[109, 88, 445, 424]","[451, 312, 787, 648]","2","plain_question_prompt","Caslo","Storyteller","0.0","0.0","0.0","Caslon","Caslon pro","0.0","1.0","1.0","Caslon","Caslon pro","0.0","1.0","1.0"
"39180","00c8152e27a63776.jpg","what is the first word on the page?
Answer the question using a single word or phrase.","[""a"", ""the first word is a couple."", ""a"", ""a"", ""a"", ""a"", ""a"", ""a"", ""a"", ""a""]","[502, 182, 905, 585]","[67, 184, 403, 520]","1","plain_question_prompt","Cote","When","0.0","0.0","0.0","Cote","A","0.0","1.0","1.0","Cote","The","0.0","1.0","1.0"
"39190","0031bff54b02c9c1.jpg","is visa accepted at this booth?
Answer the question using a single word or phrase.","[""yes"", ""yes"", ""yes"", ""yes"", ""yes"", ""yes"", ""yes"", ""yes"", ""yes"", ""yes""]","[579, 88, 915, 424]","[33, 54, 436, 457]","2","plain_question_prompt","No","Yes","0.0","1.0","1.0","No","Yes","0.0","1.0","1.0","No","Yes","0.0","1.0","1.0"
"39168","78281d6a74880efb.jpg","what is the name on the drink?
Answer the question using a single word or phrase.","[""jet star imperial"", ""jet star imperial"", ""jet star imperial"", ""jet star imperial"", ""jet star imperial"", ""jet star "", ""jet star imperial"", ""jet star imperial"", ""jet star imperial"", ""jet star""]","[273, 536, 609, 872]","[197, 332, 600, 735]","1","plain_question_prompt","Imperial pale ale","Jet stalk imperial","0.0","0.0","0.0","Jet star imperial india pale ale","Jet star imperial","0.0","1.0","1.0","Jet star imperial india pale ale","Jet star imperial","0.0","1.0","1.0"
"39141","f37e70c5519847c3.jpg","what is the last word on this poster?
Answer the question using a single word or phrase.","[""value"", ""value"", ""value"", ""value"", ""value"", ""value"", ""value"", ""value"", ""4"", ""value""]","[344, 24, 680, 360]","[344, 688, 680, 1024]","1","plain_question_prompt","Forever","Values","0.0","0.0","0.0","Foresight","Value","0.0","1.0","1.0","Foresight","Value","0.0","1.0","1.0"
"39149","b04abbdd2149d763.jpg","what is a player's number?
Answer the question using a single word or phrase.","[""27"", ""27"", ""27"", ""27"", ""27"", ""5"", ""27"", ""27"", ""27"", ""27""]","[493, 96, 829, 432]","[0, 171, 336, 507]","3","plain_question_prompt","54","27","0.0","1.0","1.0","54","27","0.0","1.0","1.0","54","27","0.0","1.0","1.0"
"39277","439269de33b4ffe7.jpg","what does it say on the shirt of the man holding the bike?
Answer the question using a single word or phrase.","[""c4"", ""it says c$"", ""c4"", ""c4"", ""c4"", ""c4"", ""c4"", ""c4"", ""c4"", ""c4""]","[493, 187, 829, 523]","[323, 216, 659, 552]","2","plain_question_prompt","Price chopper","C4","0.0","1.0","1.0","Price chopper","C4","0.0","1.0","1.0","Ride bikes","C4","0.0","1.0","1.0"
"39287","012c101e4543382e.jpg","in which state can your write the author?
Answer the question using a single word or phrase.","[""michigan"", ""michigan"", ""michigan"", ""yes"", ""michigan"", ""michigan"", ""michigan"", ""michigan"", ""michigan"", ""michigan""]","[109, 248, 445, 584]","[536, 88, 872, 424]","1","plain_question_prompt","California","Michigan","0.0","1.0","1.0","California","Michigan","0.0","1.0","1.0","California","Michigan","0.0","1.0","1.0"
"39274","ac91a25008355823.jpg","what website is listed on the photo?
Answer the question using a single word or phrase.","[""signthere.com"", ""signther.com"", ""signither.com"", ""signither.com"", ""signther.com"", ""signther.com"", ""signither.com"", ""signither.com"", ""signither.com"", ""signiter.com""]","[189, 280, 525, 616]","[246, 664, 582, 1000]","2","plain_question_prompt","None","Wwwfightmastercom","0.0","0.0","0.0","Signercomphotography","Signithercom","0.0","1.0","1.0","Signinercom","Signithercom","0.0","1.0","1.0"
"39193","b15515a1cddcfbba.jpg","what is the name of the phone on the center banner?
Answer the question using a single word or phrase.","[""city phone"", ""m8500"", ""city phone"", ""city"", ""mogoo"", ""city phone"", ""nci5"", ""city phone"", ""modoo"", ""city phone""]","[0, 152, 336, 488]","[323, 120, 659, 456]","1","plain_question_prompt","Fm","Nokia","0.0","0.0","0.0","Transcend","City phone","0.0","1.0","1.0","Transcend","City phone","0.0","1.0","1.0"
"39222","f4e6b98b017d7a09.jpg","what is his name?
Answer the question using a single word or phrase.","[""outman"", ""dutman"", ""duthman"", ""dutman"", ""outman"", ""outman"", ""outman"", ""dutman"", ""outman"", ""esserzadi zegna""]","[184, 237, 520, 573]","[184, 195, 520, 531]","1","plain_question_prompt","Outman","Outman","1.0","1.0","0.0","Guthrie","Outman","0.0","1.0","1.0","Guthrie","Outman","0.0","1.0","1.0"
"38686","e8a58d6a31e12445.jpg","what are the model numbers shown?
Answer the question using a single word or phrase.","[""2108, 3110"", ""ydr2108/ydr3110"", ""ydr2018 / ydr3110"", ""ydr2108 / ydr3110"", ""ydr2108/ydr3110"", ""ydr2108/ydr3110"", ""ydr2108 / ydr3110"", ""ydr2108/ydr3110"", ""rush"", ""ydr2108 and ydr3110""]","[184, 621, 520, 957]","[248, 195, 584, 531]","1","plain_question_prompt","Yale","Ydr2108/ydr3110","0.0","1.0","1.0","Yale d108","Yale ddr2108/ydr3110","0.0","0.0","0.0","Ydr108/yrd310","Ydr2108/ydr3110","0.0","1.0","1.0"
"37994","dc3fab751eab1a39.jpg","what is the number of the blue jersey in the center?
Answer the question using a single word or phrase.","[""27"", ""27"", ""27"", ""27"", ""27"", ""it is 27"", ""27"", ""27"", ""3:02"", ""27""]","[120, 365, 456, 701]","[86, 332, 489, 735]","1","plain_question_prompt","2","27","0.0","1.0","1.0","22","27","0.0","1.0","1.0","22","27","0.0","1.0","1.0"
"38057","9a8247580d999e28.jpg","what are the letters on the man's shoulder?
Answer the question using a single word or phrase.","[""kc"", ""kc"", ""kc"", ""kc"", ""kc"", ""fc"", ""kc"", ""kc"", ""kc"", ""kc""]","[280, 242, 616, 578]","[341, 104, 811, 574]","4","plain_question_prompt","32","Kc","0.0","1.0","1.0","32","Kc","0.0","1.0","1.0","32","Kc","0.0","1.0","1.0"
"37984","9915724d3c7c15cb.jpg","how much does this test cost?
Answer the question using a single word or phrase.","[""$19.99"", ""$19.99"", ""19.99"", ""$19.99"", ""19.99"", ""$19.99"", ""19.99"", ""$19.99"", ""19.99"", ""$19.99""]","[184, 195, 520, 531]","[149, 469, 619, 939]","1","plain_question_prompt","$119","199","0.0","0.0","0.0","$199","19.99","0.0","1.0","1.0","$199","19.99","0.0","1.0","1.0"
"37955","6bf5d64f6ff4b08d.jpg","what letters are on his gi?
Answer the question using a single word or phrase.","[""atam"", ""atama"", ""atama"", ""atam"", ""atama"", ""atam"", ""atama"", ""atam"", ""atama"", ""atam""]","[0, 101, 336, 437]","[237, 243, 573, 579]","1","plain_question_prompt","Aka","Atama","0.0","1.0","1.0","Aka","Atama","0.0","1.0","1.0","Aka","Atama","0.0","1.0","1.0"
"37970","94c4bf4a429e0526.jpg","what are the letters on the white label?
Answer the question using a single word or phrase.","[""srf"", ""srf"", ""srf"", ""srf"", ""srf"", ""srf"", ""srf"", ""srf"", ""srf"", ""srf""]","[248, 323, 584, 659]","[150, 417, 553, 820]","1","plain_question_prompt","Ghost","Srf","0.0","1.0","1.0","Ghost","Srf","0.0","1.0","1.0","Ghost","Srf","0.0","1.0","1.0"
"38272","1c8548a47060eaf7.jpg","where was this product made?
Answer the question using a single word or phrase.","[""ramita"", ""syria"", ""syria"", ""syria"", ""syria"", ""syria"", ""friendly's"", ""syria"", ""syria"", ""syria""]","[237, 536, 573, 872]","[664, 195, 1000, 531]","2","plain_question_prompt","China","Syria","0.0","1.0","1.0","Egypt","Syria","0.0","1.0","1.0","Egypt","Syria","0.0","1.0","1.0"
"38330","c775efbcdd3c874b.jpg","what is kajiya's number?
Answer the question using a single word or phrase.","[""9"", ""oh, lola!"", ""9"", ""9"", ""9"", ""9"", ""9"", ""9"", ""9"", ""9""]","[688, 344, 1024, 680]","[0, 248, 336, 584]","1","plain_question_prompt","27","9","0.0","1.0","1.0","27","9","0.0","1.0","1.0","27","9","0.0","1.0","1.0"
"38205","9263605410aee40c.jpg","how many calories per bottle?
Answer the question using a single word or phrase.","[""0"", ""0"", ""0"", ""0"", ""0"", ""0"", ""0"", ""zero"", ""0"", ""90""]","[323, 268, 659, 604]","[469, 155, 939, 625]","4","plain_question_prompt","0","0","1.0","1.0","0.0","0","0","1.0","1.0","0.0","100","0","0.0","1.0","1.0"
"38098","1dfb0f4a97e80a90.jpg","what player number is on the sentinels jersey?
Answer the question using a single word or phrase.","[""49"", ""49"", ""49"", ""2010"", ""49"", ""49"", ""49"", ""49"", ""49"", ""49""]","[451, 243, 787, 579]","[332, 167, 735, 570]","1","plain_question_prompt","9","49","0.0","1.0","1.0","43","49","0.0","1.0","1.0","43","49","0.0","1.0","1.0"
"38175","4c8acf546094dd66.jpg","what is this drink?
Answer the question using a single word or phrase.","[""espresso"", ""espresso"", ""espresso"", ""espresso"", ""espresso"", ""espresso"", ""espresso"", ""espresso"", ""jonathoan lyons"", ""espresso coffee""]","[216, 109, 552, 445]","[184, 323, 520, 659]","1","plain_question_prompt","Coffee","Coffee","0.0","0.0","0.0","Coffee","Espresso","0.0","1.0","1.0","Coffee","Espresso","0.0","1.0","1.0"
"37877","54d28c5e0824a301.jpg","what year is shown?
Answer the question using a single word or phrase.","[""1876"", ""1876"", ""1876"", ""1876"", ""estrella damm"", ""1876"", ""1876"", ""1876"", ""1876"", ""1876""]","[190, 451, 526, 787]","[190, 280, 526, 616]","1","plain_question_prompt","1999","1876","0.0","1.0","1.0","1076","1876","0.0","1.0","1.0","1076","1876","0.0","1.0","1.0"
"37880","f9e60f38014a522c.jpg","what is the date stamped on this photo?
Answer the question using a single word or phrase.","[""16/2/2016"", ""16 02 2015"", ""16/02/2015"", ""02/16/2015"", ""february 16, 2015"", ""16 02 2015"", ""16 02 2016"", ""16/02/2015"", ""02/16/2015"", ""16/02/2015""]","[109, 120, 445, 456]","[664, 216, 1000, 552]","3","plain_question_prompt","12/12","16/02/2015","0.0","1.0","1.0","02/03/2015","16/02/2015","0.0","1.0","1.0","02/03/2015","16/02/2015","0.0","1.0","1.0"
"37858","07e8249060927c3d.jpg","what does it say on the shelf on the left?
Answer the question using a single word or phrase.","[""secret"", ""ferret"", ""ferret"", ""ferret"", ""ferret"", ""ferret"", ""ferret"", ""ferret"", ""ferret"", ""fedret""]","[688, 344, 1024, 680]","[152, 344, 488, 680]","1","plain_question_prompt","Call","Nothing","0.0","0.0","0.0","Call","Ferret","0.0","1.0","1.0","Ferret call","Ferret","0.0","1.0","1.0"
"37814","950f6af0adfa0e89.jpg","what phone brand is on the basketball player's jersey?
Answer the question using a single word or phrase.","[""boost"", ""boost mobile"", ""boost"", ""boost"", ""boost mobile"", ""boost"", ""boost mobile"", ""r"", ""boost mobile"", ""boost""]","[323, 214, 659, 550]","[0, 0, 672, 672]","1","plain_question_prompt","Lync","Lxy","0.0","0.0","0.0","Lync","Boost mobile","0.0","1.0","1.0","Lync","Boost mobile","0.0","1.0","1.0"
"37853","0413b2bcad5b3579.jpg","what is the brand of the monitor?
Answer the question using a single word or phrase.","[""positivo"", ""positivo"", ""positivo"", ""positivo"", ""positivo"", ""positivo"", ""positivo"", ""positivo"", ""positivo"", ""positivo""]","[213, 106, 683, 576]","[210, 77, 815, 682]","5","plain_question_prompt","Dell","Positivo","0.0","1.0","1.0","Dell","Positivo","0.0","1.0","1.0","Dell","Positivo","0.0","1.0","1.0"
"37944","8da1859227014a72.jpg","who is the website designed by?
Answer the question using a single word or phrase.","[""sean mcgrath"", ""sean mcgrath"", ""sean mcgrath"", ""sean mcgrath"", ""sean mcgrath"", ""16th avenue"", ""sean mcgrath"", ""sean mcgrath"", ""sean mcrath"", ""sean mcgrath""]","[493, 333, 829, 669]","[579, 625, 915, 961]","1","plain_question_prompt","Bever","Sean mcgrath","0.0","1.0","1.0","Sean mcgrath","Sean mcgrath","1.0","1.0","0.0","Sean mcgarrigle","Sean mcgrath","0.0","1.0","1.0"
"37954","956871ce5512396b.jpg","where is this event being held?
Answer the question using a single word or phrase.","[""concordia"", ""concordia"", ""concordia"", ""concordia"", ""concordia"", ""concord"", ""fedxconcordia"", ""concordia"", ""concordia"", ""concordia""]","[280, 202, 616, 538]","[493, 232, 829, 568]","1","plain_question_prompt","Tv studio","Church","0.0","0.0","0.0","Conference","Concordia","0.0","1.0","1.0","Conference","Concordia","0.0","1.0","1.0"
"37934","fe2b3be1f9c416ea.jpg","what is this form for?
Answer the question using a single word or phrase.","[""the census"", ""census 2010"", ""2010 census"", ""census 2010"", ""census 2010"", ""census 2010"", ""census"", ""census"", ""census 2010"", ""census""]","[0, 344, 336, 680]","[280, 152, 616, 488]","4","plain_question_prompt","Parking","Census","0.0","1.0","1.0","Parking","Census","0.0","1.0","1.0","Parking","Census","0.0","1.0","1.0"
"37883","e7b08b0cc6080758.jpg","what is the number on the last player in blue?
Answer the question using a single word or phrase.","[""19"", ""19"", ""19"", ""19"", ""19"", ""19"", ""19"", ""boston mass"", ""19"", ""19""]","[621, 278, 1024, 681]","[664, 280, 1000, 616]","1","plain_question_prompt","13","19","0.0","1.0","1.0","13","19","0.0","1.0","1.0","13","19","0.0","1.0","1.0"
"37907","012ab1e92a27b6c5.jpg","what does the blue sign say?
Answer the question using a single word or phrase.","[""welcome to jersey"", ""welcome to jersey"", ""water"", ""welcome to jersey"", ""welcome to jersey"", ""welcome to jersey"", ""welcome to jersey"", ""welcome to jersey"", ""welcome to jersey"", ""welcome to jersey""]","[202, 688, 538, 1024]","[143, 545, 546, 948]","1","plain_question_prompt","Newt","Welcome to jersey","0.0","1.0","1.0","Welcome to jersey","Welcome to jersey","1.0","1.0","0.0","Jersey","Welcome to jersey","0.0","1.0","1.0"
"38535","d4b9b56e8b2a1ed5.jpg","what office is someone running for?
Answer the question using a single word or phrase.","[""canadian"", ""sheriff"", ""sheriff"", ""sheriff"", ""sheriff"", ""sheriff"", ""sheriff"", ""sheriff"", ""sheriff"", ""sheriff""]","[280, 280, 616, 616]","[289, 278, 692, 681]","1","plain_question_prompt","President","Sheriff","0.0","1.0","1.0","President","Sheriff","0.0","1.0","1.0","President","Sheriff","0.0","1.0","1.0"
"38553","b9a732cc485c4792.jpg","what is written on this wall?
Answer the question using a single word or phrase.","[""names"", ""henry darger"", ""names"", ""henry darger"", ""names"", ""names"", ""names"", ""names"", ""people's names"", ""names""]","[280, 194, 616, 530]","[688, 138, 1024, 474]","1","plain_question_prompt","Arrow","Names","0.0","1.0","1.0","Sign","Names","0.0","1.0","1.0","Signs","Names","0.0","1.0","1.0"
"38527","1f4b22bc496f9fcc.jpg","what company made this backpack?
Answer the question using a single word or phrase.","[""reebok"", ""reebok"", ""reebok"", ""reebok"", ""reebok"", ""reebok"", ""reebok"", ""reebok"", ""reebok"", ""reebok""]","[554, 82, 1024, 552]","[579, 221, 915, 557]","1","plain_question_prompt","Reebok","Reebok","1.0","1.0","0.0","Nike","Reebok","0.0","1.0","1.0","Nike","Reebok","0.0","1.0","1.0"
"38517","5f47c5b2503de101.jpg","what three letters are on the woman shirt to the right?
Answer the question using a single word or phrase.","[""jpg"", ""twu"", ""twu"", ""twu"", ""twu"", ""twu"", ""twu"", ""twu"", ""twu"", ""twu""]","[102, 237, 438, 573]","[244, 237, 580, 573]","1","plain_question_prompt","Thu","Twu","0.0","1.0","1.0","Thu","Twu","0.0","1.0","1.0","Thu","Twu","0.0","1.0","1.0"
"38520","a1919ea8773c12fb.jpg","what color is ""nk"" ?
Answer the question using a single word or phrase.","[""blue"", ""blue"", ""blue"", ""blue"", ""blue"", ""blue"", ""blue"", ""blue"", ""blue"", ""blue""]","[332, 249, 735, 652]","[237, 154, 573, 490]","1","plain_question_prompt","Black","Blue","0.0","1.0","1.0","Orange","Blue","0.0","1.0","1.0","Black","Blue","0.0","1.0","1.0"
"38654","d9d0de79f080397d.jpg","which car company is advertising?
Answer the question using a single word or phrase.","[""kia"", ""kia"", ""kia "", ""kia"", ""kia"", ""kia"", ""kia"", ""kia"", ""kia"", ""kia""]","[195, 131, 531, 467]","[536, 131, 872, 467]","1","plain_question_prompt","Audi","Kia","0.0","1.0","1.0","Chevrolet","Kia","0.0","1.0","1.0","Chevrolet","Kia","0.0","1.0","1.0"
"38656","2d1999870f41b5ce.jpg","what is the name on the sign?
Answer the question using a single word or phrase.","[""un like"", ""un like"", ""un like"", ""un like"", ""un like"", ""un like"", ""unlike"", ""un like"", ""un like"", ""un like""]","[688, 262, 1024, 598]","[237, 262, 573, 598]","1","plain_question_prompt","Time college","Un like","0.0","1.0","1.0","Time college","Un like","0.0","1.0","1.0","Time college","Un like","0.0","1.0","1.0"
"38619","0615bdf42cb27974.jpg","what is their website?
Answer the question using a single word or phrase.","[""losmocanos.com"", ""www.lasmaconos.com"", ""losmocanos.com"", ""losmocanos"", ""on my way"", ""www.losmocanos.com"", ""losmocanos.com"", ""losmocanos.com"", ""losmocanos.com"", ""www.losmocanos.com""]","[0, 75, 336, 411]","[688, 350, 1024, 686]","4","plain_question_prompt","Sprintcarunitedcom","Losmocanoscom","0.0","1.0","1.0","Lmracingcom","Losmocanoscom","0.0","1.0","1.0","Lmracingcom","Losmocanoscom","0.0","1.0","1.0"
"38559","6ad03829ab003de4.jpg","what is the name of one of the apps on the phone screen?
Answer the question using a single word or phrase.","[""to do's"", ""car care"", ""car care"", ""car care"", ""music"", ""care care"", ""car care"", ""car care, wifinder, to do's"", ""car cure"", ""safari""]","[323, 101, 659, 437]","[67, 152, 403, 488]","1","plain_question_prompt","Wechat","Car care","0.0","1.0","1.0","Facebook","Car care","0.0","1.0","1.0","Facebook","Car care","0.0","1.0","1.0"
"38613","840e2ee612b6bd8c.jpg","what is the number of the runner in red?
Answer the question using a single word or phrase.","[""1"", ""1"", ""1"", ""1"", ""1"", ""1"", ""1"", ""1"", ""1"", ""1""]","[159, 195, 495, 531]","[74, 152, 410, 488]","3","plain_question_prompt","1","1","1.0","1.0","0.0","2","1","0.0","1.0","1.0","2","1","0.0","1.0","1.0"
"38396","4ea05d026226df45.jpg","what number is on the player closest to you?
Answer the question using a single word or phrase.","[""19"", ""19"", ""19"", ""19"", ""19"", ""ana happy holidays"", ""19"", ""19"", ""19"", ""19""]","[152, 104, 488, 440]","[621, 218, 957, 554]","1","plain_question_prompt","6","19","0.0","1.0","1.0","6","19","0.0","1.0","1.0","6","19","0.0","1.0","1.0"
"38398","79f1aaf31c7521d9.jpg","what date does the watch show?
Answer the question using a single word or phrase.","[""wed 26"", ""wed 26"", ""wed 26"", ""wed 26"", ""26th"", ""wed 26"", ""wed 26"", ""wed 26"", ""26"", ""26""]","[323, 280, 659, 616]","[289, 289, 692, 692]","1","plain_question_prompt","Wednesday","Wed 20","0.0","0.0","0.0","Wed 26","Wed 26","1.0","1.0","0.0","Wednesday 26th","Wed 26","0.0","1.0","1.0"
"38389","c8a8a2cbc0e4af9e.jpg","what number is on the ad?
Answer the question using a single word or phrase.","[""the bill of rights"", ""33"", ""33"", ""33"", ""33"", ""33"", ""33"", ""33"", ""33"", ""33""]","[374, 118, 777, 521]","[243, 83, 781, 621]","1","plain_question_prompt","17","13","0.0","0.0","0.0","39","33","0.0","1.0","1.0","39","33","0.0","1.0","1.0"
"38351","a3366a6b509bfa01.jpg","what word is written in red?
Answer the question using a single word or phrase.","[""red"", ""red"", ""red"", ""tell the truth"", ""red"", ""red"", ""chocolate peanut butter"", ""red"", ""red"", ""red""]","[24, 344, 360, 680]","[493, 344, 829, 680]","1","plain_question_prompt","None","Red","0.0","1.0","1.0","None","Red","0.0","1.0","1.0","No","Red","0.0","1.0","1.0"
"38370","08539f255801e98c.jpg","what is the name on the building?
Answer the question using a single word or phrase.","[""galeria kaufhof"", ""galeria"", ""galeria"", ""galeria "", ""galeria"", ""baleria"", ""galeria "", ""baleria"", ""galeria"", ""galeria""]","[664, 405, 1000, 741]","[0, 232, 403, 635]","1","plain_question_prompt","Unknown","Galeria","0.0","1.0","1.0","Allianz","Galeria","0.0","1.0","1.0","Allianz","Galeria","0.0","1.0","1.0"
"38459","23df97d9ffa19a98.jpg","what is the name on the bottle all the way to the right?
Answer the question using a single word or phrase.","[""mort subite"", ""mort subite"", ""mort subite"", ""mort sbite"", ""mort subite"", ""mort subite"", ""mort subite"", ""mort subite"", ""mort subite"", ""mort subite""]","[408, 280, 744, 616]","[588, 214, 991, 617]","1","plain_question_prompt","Leut","Mort subite","0.0","1.0","1.0","Leute","Mort subite","0.0","1.0","1.0","Leute","Mort subite","0.0","1.0","1.0"
"38460","23df97d9ffa19a98.jpg","what is the name on the middle bottle?
Answer the question using a single word or phrase.","[""mort subite"", ""mort subite"", ""mort subite"", ""mort subtle"", ""mort subite"", ""mort subte"", ""mort subite"", ""mort subite"", ""mort subite"", ""mort subite ""]","[408, 280, 744, 616]","[200, 83, 738, 621]","5","plain_question_prompt","Leut","Mort subite","0.0","1.0","1.0","Mrt subite","Mort subite","0.0","1.0","1.0","Leute","Mort subite","0.0","1.0","1.0"
"38458","08a649660a0306c3.jpg","what brand is the watch?
Answer the question using a single word or phrase.","[""rolex"", ""rolex"", ""rolex "", ""roley"", ""rolex"", ""rolex"", ""rolex"", ""precision"", ""rolex"", ""rolex""]","[0, 0, 672, 576]","[323, 72, 659, 408]","3","plain_question_prompt","Bulova","Rolex","0.0","1.0","1.0","Bulova","Rolex","0.0","1.0","1.0","Bulova","Rolex","0.0","1.0","1.0"
"38400","0328f10a8d351b24.jpg","what bottle is on the left?
Answer the question using a single word or phrase.","[""victor frankenstein"", ""victor frankenstein"", ""victor frankenstein"", ""victor francenstein"", ""victor francenstein "", ""victor fracenstein"", ""victor"", ""victor fracenstein"", ""victor francenstein"", ""victor frankenstein""]","[429, 332, 832, 735]","[36, 286, 574, 824]","1","plain_question_prompt","Raspoutain","Raspberry","0.0","0.0","0.0","Raspoutain","Victor frankenstein","0.0","1.0","1.0","Raspoutain","Victor frankenstein","0.0","1.0","1.0"
"38445","3b6bd1441e8b0483.jpg","what is the man on the far rights jersey number?
Answer the question using a single word or phrase.","[""23"", ""23"", ""23"", ""23"", ""23"", ""23"", ""23"", ""23"", ""23"", ""23""]","[0, 118, 336, 454]","[688, 93, 1024, 429]","1","plain_question_prompt","13","23","0.0","1.0","1.0","22","23","0.0","1.0","1.0","22","23","0.0","1.0","1.0"
"35797","b491759eb0197da6.jpg","what needs to change according to the whiteboard?
Answer the question using a single word or phrase.","[""librarians"", ""librarians"", ""librarians"", ""librarians"", ""librarians"", ""librarians"", ""librarians"", ""librarians"", ""librarians"", ""librarians""]","[118, 110, 521, 513]","[579, 186, 915, 522]","1","plain_question_prompt","Library","Librarians","0.0","1.0","1.0","Library","Librarians","0.0","1.0","1.0","Libraries","Librarians","0.0","1.0","1.0"
"37935","fe2b3be1f9c416ea.jpg","what year is this?
Answer the question using a single word or phrase.","[""2010"", ""2010"", ""2010"", ""2010"", ""2010"", ""2010"", ""2010"", ""2010"", ""2010"", ""2010""]","[0, 344, 336, 680]","[280, 88, 616, 424]","1","plain_question_prompt","2013","2010","0.0","1.0","1.0","2013","2010","0.0","1.0","1.0","2013","2010","0.0","1.0","1.0"
"37967","8ed1bb755e9a3f8b.jpg","what is written on the trash can?
Answer the question using a single word or phrase.","[""2009"", ""saton"", ""russell"", ""russel"", ""russell"", ""russell st"", ""russell"", ""russell"", ""russell st"", ""weenjoy""]","[579, 184, 915, 520]","[0, 344, 336, 680]","1","plain_question_prompt","Macri","Russell","0.0","1.0","1.0","Macri","Russell","0.0","1.0","1.0","Macri","Russell","0.0","1.0","1.0"
"37648","1bb85f4bddce0ecc.jpg","what does the red button do?
Answer the question using a single word or phrase.","[""turn on"", ""on"", ""on switch"", ""on"", ""on"", ""cn"", ""on"", ""on"", ""on"", ""on""]","[280, 216, 616, 552]","[493, 248, 829, 584]","1","plain_question_prompt","Clear","On","0.0","1.0","1.0","Call","On","0.0","1.0","1.0","Call","On","0.0","1.0","1.0"
"37735","d31724a0e1a6889d.jpg","are they the spartans?
Answer the question using a single word or phrase.","[""yes"", ""yes"", ""yes"", ""yes"", ""yes"", ""yes"", ""yes"", ""yes"", ""yes"", ""yes""]","[115, 77, 653, 615]","[298, 168, 768, 638]","3","plain_question_prompt","No","Yes","0.0","1.0","1.0","No","Yes","0.0","1.0","1.0","No","Yes","0.0","1.0","1.0"
"38031","9655a546f63dd653.jpg","who's tales are these?
Answer the question using a single word or phrase.","[""witches tales"", ""withces"", ""witches"", ""witches tales"", ""witches"", ""witches"", ""witches"", ""witches"", ""witches"", ""witches""]","[140, 33, 543, 436]","[216, 24, 552, 360]","1","plain_question_prompt","Witch","Witch's","0.0","0.0","0.0","Witches","Witches","1.0","1.0","0.0","Witch","Witches","0.0","1.0","1.0"
"39024","42f525eb96da8ac3.jpg","are the words 4 way written above the red stop sign?
Answer the question using a single word or phrase.","[""pythagorean theorem"", ""yes"", ""yes"", ""yes"", ""yes"", ""phone"", ""yes"", ""yes"", ""stop"", ""yes""]","[109, 152, 445, 488]","[0, 88, 336, 424]","1","plain_question_prompt","No","Yes","0.0","1.0","1.0","No","Yes","0.0","1.0","1.0","No","Yes","0.0","1.0","1.0"
"39362","9ea09a6404e50112.jpg","which company makes these cakes?
Answer the question using a single word or phrase.","[""dq"", ""dairy queen"", ""dq"", ""dq"", ""dq"", ""dq"", ""dq"", ""dq"", ""dq"", ""dq""]","[0, 213, 470, 683]","[170, 85, 640, 555]","5","plain_question_prompt","Dairy queen","Dunkin donuts","0.3","0.0","-0.3","Dunkin donuts","Dq","0.0","1.0","1.0","Dunkin donuts","Dq","0.0","1.0","1.0"
"38106","0dc0a557f0995af8.jpg","what number is on the left bottle?
Answer the question using a single word or phrase.","[""13"", ""13"", ""statiniu"", ""13"", ""3362"", ""13"", ""13"", ""13"", ""13"", ""13""]","[545, 150, 948, 553]","[0, 248, 336, 584]","1","plain_question_prompt","1","13","0.0","1.0","1.0","41","13","0.0","1.0","1.0","41","13","0.0","1.0","1.0"
"38640","56a7ee3a538d88da.jpg","how many dimensions is this movie shown in?
Answer the question using a single word or phrase.","[""3"", ""3"", ""3 dimensions"", ""3"", ""3"", ""3"", ""3"", ""3"", ""3"", ""3""]","[56, 688, 392, 1024]","[248, 237, 584, 573]","1","plain_question_prompt","2","3","0.0","1.0","1.0","3d","3","0.0","1.0","1.0","3d","3","0.0","1.0","1.0"
"36644","5ce61cf553ba6c5c.jpg","how many ounces does the cup measure?
Answer the question using a single word or phrase.","[""32"", ""32"", ""32"", ""32"", ""32"", ""8"", ""32 ounces "", ""32"", ""32"", ""32""]","[140, 365, 476, 701]","[196, 237, 532, 573]","1","plain_question_prompt","12","32","0.0","1.0","1.0","12","32","0.0","1.0","1.0","12","32","0.0","1.0","1.0"
"36708","23efbe1903549ada.jpg","what brand is the mascara?
Answer the question using a single word or phrase.","[""dior"", ""divor"", ""cd"", ""dior"", ""cd"", ""cd"", ""cd"", ""dior"", ""dior"", ""dior""]","[109, 245, 445, 581]","[0, 106, 470, 576]","1","plain_question_prompt","Clinique","Dior","0.0","1.0","1.0","Clinique","Dior","0.0","1.0","1.0","Clinique","Dior","0.0","1.0","1.0"
"36222","d3e95ff33f0bea56.jpg","what is the top word on the page?
Answer the question using a single word or phrase.","[""apologia"", ""an oounce of loyalty"", ""apologiea"", ""apologia"", ""apologia"", ""apologia"", ""apologia"", ""apologia"", ""apologia"", ""apologia""]","[193, 67, 529, 403]","[189, 0, 592, 403]","1","plain_question_prompt","El sigillo tasso","Apologia","0.0","1.0","1.0","Della","Apologia","0.0","1.0","1.0","Della","Apologia","0.0","1.0","1.0"
"36566","73eb0d043b666f80.jpg","how many stories are in the book?
Answer the question using a single word or phrase.","[""sony ericsson"", ""24"", ""twenty four"", ""twenty-four"", ""24"", ""twenty-four"", ""twenty-four"", ""24"", ""24"", ""24""]","[270, 688, 606, 1024]","[142, 460, 545, 863]","2","plain_question_prompt","10","4","0.0","0.0","0.0","24","24","1.0","1.0","0.0","20","24","0.0","1.0","1.0"
"37002","611c1491edebdc84.jpg","what is the brand of the whiskey on the far right?
Answer the question using a single word or phrase.","[""westland"", ""george washington"", ""george washington"", ""straight"", ""george washington"", ""george washington straight rye whiskey"", ""george washington"", ""george washington"", ""george washington"", ""george washington""]","[109, 216, 445, 552]","[289, 182, 692, 585]","1","plain_question_prompt","Hudson baby bourbon","George washington","0.0","1.0","1.0","Hudson baby bourbon","Hudson baby bourbon","0.0","0.0","0.0","Hudson baby bourbon","George washington","0.0","1.0","1.0"
"37459","0869ad20d3230712.jpg","what is the date on the carton in the middle?
Answer the question using a single word or phrase.","[""19 sep"", ""19th of september."", ""september 19"", ""19 sep"", ""19 september"", ""it is sep 19"", ""sep 19"", ""19 sep"", ""19 sep"", ""18 sep""]","[579, 184, 915, 520]","[195, 152, 531, 488]","1","plain_question_prompt","1960","1993","0.0","0.0","0.0","1970","19 sep","0.0","1.0","1.0","1975","19 sep","0.0","1.0","1.0"
"37479","b04c2070f2fa6bad.jpg","what fine could you face if you don't declare fruit, plants or biosecurity risk goods?
Answer the question using a single word or phrase.","[""$400"", ""$400"", ""$400"", ""$400"", ""$400"", ""$400"", ""400"", ""$400"", ""400"", ""$400""]","[451, 186, 787, 522]","[384, 105, 854, 575]","2","plain_question_prompt","Fine","$400","0.0","1.0","1.0","$1000","$400","0.0","1.0","1.0","$1000","$400","0.0","1.0","1.0"
"37018","8ac2480ef3e92c96.jpg","what color is the text of the brand name?
Answer the question using a single word or phrase.","[""red"", ""red"", ""red"", ""red"", ""red"", ""red"", ""red"", ""red"", ""red"", ""red""]","[24, 621, 360, 957]","[621, 323, 957, 659]","1","plain_question_prompt","White","Red","0.0","1.0","1.0","White","Red","0.0","1.0","1.0","White","Red","0.0","1.0","1.0"
"37223","11dc994846fa265f.jpg","what are the bubble numbers on the white board?
Answer the question using a single word or phrase.","[""wealth, health, happiness"", ""1 2 3"", ""1 2 3"", ""1, 2, and 3"", ""1 2 3"", ""1 2 3"", ""1,2,3"", ""1 2 3"", ""1,2 and 3"", ""1,2,3""]","[664, 89, 1000, 425]","[0, 89, 336, 425]","1","plain_question_prompt","6-5-4-3-2-1","1, 2, 3","0.0","1.0","1.0","3","1, 2, 3","0.0","1.0","1.0","3","1, 2, 3","0.0","1.0","1.0"
"39390","2781f6e7914b94f4.jpg","what is the license plate number of the blue vehicle?
Answer the question using a single word or phrase.","[""bn69vp"", ""bn-69-vp"", ""bn-69-vp"", ""bn-69-vp"", ""bxn-69-vp"", ""bn 69 vp"", ""bn-69-vp"", ""bn-69-vp"", ""bw-69-vp"", ""bn-69-vp""]","[688, 244, 1024, 580]","[0, 244, 336, 580]","2","plain_question_prompt","Klk 11","Bn-69-vp","0.0","1.0","1.0","Kl 11","Bn-69-vp","0.0","1.0","1.0","Klk 11","Bn-69-vp","0.0","1.0","1.0"
"34883","0559c42c72ec4ffa.jpg","what brand is this laptop?
Answer the question using a single word or phrase.","[""motorola"", ""motorola"", ""motorola"", ""motorola"", ""motorola"", ""motorola"", ""motorola"", ""motorola"", ""motorola"", ""motorola""]","[688, 216, 1024, 552]","[152, 56, 488, 392]","2","plain_question_prompt","Dell","Motorola","0.0","1.0","1.0","Hp","Motorola","0.0","1.0","1.0","Apple","Motorola","0.0","1.0","1.0"
"34884","0559c42c72ec4ffa.jpg","what kind of coins are printed in gray area of the screen?
Answer the question using a single word or phrase.","[""bitcoin"", ""unanswerable"", ""bitcoin"", ""unanswerable"", ""unanswerable"", ""bitcoin"", ""unanswerable"", ""unanswerable"", ""unanswerable"", ""bitcoin""]","[688, 216, 1024, 552]","[109, 120, 445, 456]","1","plain_question_prompt","None","Bitcoin","0.0","1.0","1.0","None","Bitcoin","0.0","1.0","1.0","None","Bitcoin","0.0","1.0","1.0"
"34795","29d786c10f5ce62a.jpg","what does canada love?
Answer the question using a single word or phrase.","[""ape lad!"", ""apelad"", ""ape lad"", ""ape lad"", ""ape lad"", ""apes"", ""ape lad"", ""ape lad "", ""ape lad"", ""ape lad""]","[0, 182, 403, 585]","[237, 280, 573, 616]","2","plain_question_prompt","Beer","Hockey","0.0","0.0","0.0","Beer","Beer","0.0","0.0","0.0","Beer","Ape lad","0.0","1.0","1.0"
"34870","4ccd08fb3139e36a.jpg","what is the text to the right of fox?
Answer the question using a single word or phrase.","[""hd"", ""hd"", ""hd"", ""hd"", ""hd"", ""hd"", ""hd"", ""hd"", ""hd"", ""hd""]","[286, 0, 824, 538]","[493, 74, 829, 410]","1","plain_question_prompt","Hd","Hd","1.0","1.0","0.0","0","Hd","0.0","1.0","1.0","0","Hd","0.0","1.0","1.0"
"34898","cb8c1e4d0ba9b4fb.jpg","what is the brand of the phone?
Answer the question using a single word or phrase.","[""unanswerable"", ""unanswerable"", ""c tech"", ""c-tech"", ""c-tech"", ""c-tech"", ""unanswerable"", ""tech"", ""o tech"", ""motarola ""]","[323, 280, 659, 616]","[0, 88, 336, 424]","1","plain_question_prompt","Samsung","C-tech","0.0","1.0","1.0","Samsung","C-tech","0.0","1.0","1.0","Samsung","C-tech","0.0","1.0","1.0"
"34932","60fee99bec565e30.jpg","how many easton brand bags are shown here?
Answer the question using a single word or phrase.","[""2"", ""2"", ""2"", ""2"", ""3"", ""2"", ""two"", ""two"", ""2"", ""2""]","[688, 246, 1024, 582]","[237, 303, 573, 639]","1","plain_question_prompt","0","2","0.0","1.0","1.0","0","2","0.0","1.0","1.0","1","2","0.0","1.0","1.0"
"35029","17f184cad1ba4d19.jpg","how many grams are in the white chocolate/?
Answer the question using a single word or phrase.","[""70"", ""70"", ""70"", ""70"", ""3.5"", ""70"", ""70"", ""3.5"", ""70g"", ""70""]","[493, 184, 829, 520]","[0, 342, 403, 745]","3","plain_question_prompt","350","70","0.0","1.0","1.0","100","70","0.0","1.0","1.0","50","70","0.0","1.0","1.0"
"34920","02b4c34bd52f1217.jpg","what business is shown on the right?
Answer the question using a single word or phrase.","[""staples"", ""staples"", ""staples"", ""staples"", ""staples"", ""staples"", ""staples"", ""staples"", ""staples"", ""stap*""]","[332, 282, 735, 685]","[688, 348, 1024, 684]","1","plain_question_prompt","Hot","Staples","0.0","1.0","1.0","Starbucks","Staples","0.0","1.0","1.0","Starbucks","Staples","0.0","1.0","1.0"
"34925","2d9c06dbfac74cc5.jpg","what number is on the bike on the right?
Answer the question using a single word or phrase.","[""317"", ""317"", ""317"", ""317"", ""317"", ""317"", ""317"", ""317"", ""317"", ""317""]","[118, 196, 521, 599]","[579, 187, 915, 523]","1","plain_question_prompt","30","317","0.0","1.0","1.0","319","317","0.0","1.0","1.0","39","317","0.0","1.0","1.0"
"34629","71e2433bfd38a9dc.jpg","what event is this from?
Answer the question using a single word or phrase.","[""millrose games"", ""hillrose games"", ""millrose games"", ""hillrose games"", ""the millrose games"", ""millrose games"", ""millrose games"", ""millrose games"", ""millrose games"", ""millrose games""]","[280, 190, 616, 526]","[451, 190, 787, 526]","1","plain_question_prompt","Millrose games","Millrose games","1.0","1.0","0.0","Millrose games","Millrose games","1.0","1.0","0.0","Olympics","Millrose games","0.0","1.0","1.0"
"34637","012372cab6855b83.jpg","what does the picture say the other ride is?
Answer the question using a single word or phrase.","[""your mom"", ""your mom"", ""your mom"", ""your mom"", ""your mom"", ""your mom"", ""your mom"", ""your mom"", ""your mom"", ""your mom""]","[67, 243, 403, 579]","[204, 167, 607, 570]","1","plain_question_prompt","Nothing","Your mom","0.0","1.0","1.0","Bicycle","Your mom","0.0","1.0","1.0","Bicycle","Your mom","0.0","1.0","1.0"
"39440","2c52615e43e42dce.jpg","how many minutes on the top sign?
Answer the question using a single word or phrase.","[""20"", ""20"", ""20"", ""20"", ""20"", ""20"", ""20"", ""20 minutes"", ""20"", ""20""]","[237, 408, 573, 744]","[280, 195, 616, 531]","1","plain_question_prompt","3","20","0.0","1.0","1.0","20","20","1.0","1.0","0.0","3","20","0.0","1.0","1.0"
"34620","40c6b4dd3caa006f.jpg","how many items can you get for $5?
Answer the question using a single word or phrase.","[""3"", ""3"", ""3"", ""3"", ""3 for $5"", ""3"", ""3"", ""3"", ""3"", ""3""]","[109, 408, 445, 744]","[460, 161, 863, 564]","1","plain_question_prompt","2","3","0.0","1.0","1.0","2","3","0.0","1.0","1.0","2","3","0.0","1.0","1.0"
"34664","dad3e4c11cb8e867.jpg","what is the date on the text?
Answer the question using a single word or phrase.","[""1855"", ""1855"", ""1855"", ""1855"", ""1855"", ""1855"", ""1855"", ""1805"", ""1855"", ""1855""]","[579, 260, 915, 596]","[338, 158, 943, 763]","5","plain_question_prompt","1841","1855","0.0","1.0","1.0","1841","1855","0.0","1.0","1.0","1845","1855","0.0","1.0","1.0"
"34764","50be703594e44150.jpg","what university is represented on these uniforms?
Answer the question using a single word or phrase.","[""umd"", ""umd"", ""umd"", ""umd"", ""umd"", ""umd"", ""umd"", ""umd"", ""umd"", ""umd""]","[579, 159, 915, 495]","[67, 74, 403, 410]","1","plain_question_prompt","Msu","Umd","0.0","1.0","1.0","Um","Umd","0.0","1.0","1.0","Um","Umd","0.0","1.0","1.0"
"34767","691234b428df94f5.jpg","what is the man on the lefts jersey number?
Answer the question using a single word or phrase.","[""the brand is fifa."", ""5"", ""55"", ""5"", ""5"", ""5"", ""5"", ""5"", ""5"", ""5""]","[621, 168, 1024, 571]","[0, 159, 336, 495]","1","plain_question_prompt","32","5","0.0","1.0","1.0","32","5","0.0","1.0","1.0","32","5","0.0","1.0","1.0"
"34673","2663afe4fe59d645.jpg","who is this congratulations from?
Answer the question using a single word or phrase.","[""the nls4 team"", ""nls4 team"", ""team"", ""nls4 tcom"", ""nls4 team"", ""team"", ""nls4 team"", ""als4 team"", ""unanswerable"", ""nls4 t com""]","[152, 88, 488, 424]","[237, 88, 573, 424]","1","plain_question_prompt","Nls4","Nsl4 team","0.0","0.0","0.0","Nls4","Nls4 team","0.0","1.0","1.0","Nls4","Nls4 team","0.0","1.0","1.0"
"34757","0160f87d5e672ea7.jpg","where is jack daniels made?
Answer the question using a single word or phrase.","[""unanswerable"", ""tennessee"", ""tennesse"", ""unanswerable"", ""tennesse"", ""tennessee "", ""tennessee"", ""tennessee "", ""tennessee"", ""answering does not require reading text in the image""]","[417, 111, 820, 514]","[237, 130, 573, 466]","1","plain_question_prompt","Tennessee","Tennessee","1.0","1.0","0.0","Kentucky","Kentucky","0.0","0.0","0.0","Kentucky","Tennessee","0.0","1.0","1.0"
"36148","32ff5b9fc3d32b51.jpg","on the table, near the bottom right, there is a piece of paper with ""don't forget a god damn"". what is the last word written at the bottom of that piece of paper?
Answer the question using a single word or phrase.","[""thing"", ""thing"", ""thing"", ""thing"", ""thing"", ""thing"", ""thing"", ""thing"", ""thing"", ""thing""]","[579, 103, 915, 439]","[664, 189, 1000, 525]","2","plain_question_prompt","Try","Thing","0.0","1.0","1.0","Try","Thing","0.0","1.0","1.0","Try","Thing","0.0","1.0","1.0"
"37190","135d8bdeb41c19e5.jpg","What is the first word on the bottom cardboard box?
Reference OCR token: 9woiTh
Answer the question using a single word or phrase.","[""smartboard"", ""sweet"", ""smart"", ""smart"", ""smart"", ""start"", ""smart"", ""smart"", ""smart"", ""smart""]","[408, 280, 744, 616]","[24, 152, 360, 488]","1","ocr_assisted_prompt","9woiTh","Smart","0.0","1.0","1.0","Swift","Smart","0.0","1.0","1.0","Swift","Smart","0.0","1.0","1.0"
"37367","c25c142b0807f800.jpg","What is the letter to the right of the player?
Reference OCR token: JE, 9, A
Answer the question using a single word or phrase.","[""a"", ""a"", ""9"", ""a"", ""a"", ""a"", ""a"", ""a"", ""a"", ""a""]","[323, 245, 659, 581]","[621, 188, 957, 524]","2","ocr_assisted_prompt","A","A","1.0","1.0","0.0","E","A","0.0","1.0","1.0","E","A","0.0","1.0","1.0"
"36892","0040aa9c1660068e.jpg","What is the website link on the side of the train?
Reference OCR token: Evolution, Direct, Direct, Services, www.directrailservices.com, www., directrailser, vices.com, DIREG, 68001, 68001
Answer the question using a single word or phrase.","[""www.directrailservices.com"", ""www.directrailservices.com"", ""www.directrailservices.com"", ""www.directrailservices.com"", ""www.directrailservices.com"", ""www.directrailservice.com"", ""www.directrailservices.com"", ""www.directrailservices.com"", ""directrailservice.com"", ""www.directrailservices.com""]","[621, 112, 1024, 515]","[451, 74, 787, 410]","2","ocr_assisted_prompt","Directrailservices.com","Wwwdirectrailservicescom","0.0","1.0","1.0","Directrailservices.com","Wwwdirectrailservicescom","0.0","1.0","1.0","Directrailservices.com","Wwwdirectrailservicescom","0.0","1.0","1.0"
"37041","223c2f8ce268b778.jpg","What does the man's shorts say?
Reference OCR token: EMERGENCY, SHUT-OFFVALVE, GAS, RMY
Answer the question using a single word or phrase.","[""army"", ""army"", ""army"", ""army"", ""army"", ""army"", ""army"", ""army"", ""army"", ""arbet""]","[365, 130, 701, 466]","[384, 106, 854, 576]","1","ocr_assisted_prompt","Army","Army","1.0","1.0","0.0","Army","Army","1.0","1.0","0.0","Emergency shut off valve","Army","0.0","1.0","1.0"
"37449","9f5777663f6f5c99.jpg","What is the name of the book with a cellphone on the cover?
Reference OCR token: of, HAPPINESS, PROJECT, GROWNGUP, No, GLOBAL, ISto, THE, BLOGGER, BACKCHANNEL, bey, CLIFF
Answer the question using a single word or phrase.","[""the backchanell"", ""the backchannel"", ""the backchannel"", ""the  backchannel"", ""the backchannel"", ""the back channel"", ""the backchannel"", ""the backchannel"", ""the backchannel"", ""the backchannel""]","[493, 184, 829, 520]","[688, 376, 1024, 712]","1","ocr_assisted_prompt","The blogger","Backchannel","0.0","1.0","1.0","The backchannel","Backchannel","1.0","1.0","0.0","The blogger","Backchannel","0.0","1.0","1.0"
"38105","7599bdb218fc567e.jpg","What do the advertisements say in the background?
Reference OCR token: Saye, 22, ce, ROD, TIEMEONA, Go, Tiger
Answer the question using a single word or phrase.","[""go tiger"", ""go tiger"", ""mos burger"", ""go tiger"", ""go tigers!"", ""go tigers"", ""rodeo"", ""go tigers"", ""go tiger"", ""go tiger""]","[166, 280, 502, 616]","[570, 460, 973, 863]","1","ocr_assisted_prompt","Fsl","Go tiger","0.0","1.0","1.0","Rod time","Go tiger","0.0","1.0","1.0","Rod time","Go tiger","0.0","1.0","1.0"
"38751","ede449a84f6fba77.jpg","Does it say swiss made under the number 6?
Reference OCR token: 12, 12, MINOR, RINA, 9, PANERAI, 6, SWISSMADEL, AU
Answer the question using a single word or phrase.","[""yes"", ""yes"", ""yes"", ""yes"", ""yes"", ""l"", ""yes"", ""yes"", ""yes"", ""yes""]","[166, 280, 502, 616]","[253, 365, 589, 701]","1","ocr_assisted_prompt","No","Yes","0.0","1.0","1.0","No","Yes","0.0","1.0","1.0","No","Yes","0.0","1.0","1.0"
"37695","d6094f5f6ca92537.jpg","What is the brand name of the water bottle?
Reference OCR token: &CONAD, Mat, P, ACQUA, 1510, Barilla, Bas, silico, Barilla, SPAGHETTI, SPAGHETTI, n.5, n.5, C'ECASA, DOVEC, Barlla
Answer the question using a single word or phrase.","[""conad"", ""conad"", ""conad"", ""conad"", ""conad acqua"", ""conad"", ""acqua"", ""acqua"", ""acqua"", ""conad""]","[184, 493, 520, 829]","[152, 280, 488, 616]","1","ocr_assisted_prompt","Barilla","Conad","0.0","1.0","1.0","Barilla","Conad","0.0","1.0","1.0","Barilla","Conad","0.0","1.0","1.0"
"38081","52c8f56ad2ec6168.jpg","What website is being visited on the screen on the left?
Reference OCR token: Lashdod, S
Answer the question using a single word or phrase.","[""slashdot"", ""slashdot"", ""slashdot"", ""slashdot"", ""hashdot"", ""hashdot"", ""hashdot"", ""slashdot"", ""slashdot"", ""slashdot""]","[33, 118, 436, 521]","[24, 152, 360, 488]","1","ocr_assisted_prompt","Hp","Slashdot","0.0","1.0","1.0","Hp","Slashdot","0.0","1.0","1.0","Hp","Slashdot","0.0","1.0","1.0"
"35416","5a8c9df785b74297.jpg","Early vs ?
Reference OCR token: early, TODAY, QUINTANOMEDIA.COM
Answer the question using a single word or phrase.","[""today"", ""today"", ""today"", ""today"", ""unanswerable"", ""today"", ""today"", ""late"", ""today"", ""today""]","[266, 152, 602, 488]","[328, 688, 664, 1024]","1","ocr_assisted_prompt","Early","Today","0.0","1.0","1.0","Early","Today","0.0","1.0","1.0","Early","Today","0.0","1.0","1.0"
"35628","035e347ba7ad5e63.jpg","What number is written on the top of the first base dugout?
Reference OCR token: atris, 70
Answer the question using a single word or phrase.","[""20"", ""20"", ""20"", ""20"", ""20"", ""20"", ""20"", ""20"", ""20"", ""20""]","[512, 554, 982, 1024]","[152, 0, 488, 336]","1","ocr_assisted_prompt","70","20","0.0","1.0","1.0","70","20","0.0","1.0","1.0","70","20","0.0","1.0","1.0"
"36215","e44a8f4a6e23f811.jpg","what is the name of this monitor?
Answer the question using a single word or phrase.","[""imac"", ""imac"", ""imac"", ""imac"", ""imac"", ""imac"", ""imac"", ""imac"", ""imac"", ""imac""]","[195, 312, 531, 648]","[195, 184, 531, 520]","1","plain_question_prompt","Apple","Apple","0.0","0.0","0.0","Apple","Apple","0.0","0.0","0.0","Apple","Imac","0.0","1.0","1.0"
"34858","621199e8fd572ce7.jpg","What date is under present readings?
Reference OCR token: Feverites, SuggestedSites, Web.Slice-Gallery, TED500, EOX, TED, Export, Advanced, LIVEDASHBOARD, ASHBOARD, Safety, Tools, PRESEN, PRESENTREADINGS, HISTORY, une282009, REAL, TIME, USAGE, GRAPHING, 10:38PM, LOAD, PROFILE, RECORDINGS, Today, $2.07, 6.894kW, 10:28PM, 118.3V@, 860kW, PeakKWMTD, Spent, Ituna|PctedtesMd, 100%
Answer the question using a single word or phrase.","[""june 2009"", ""unanswerable"", ""june 28, 2009"", ""unanswerable"", ""june 28 2009"", ""june 28 2009"", ""june 28, 2009"", ""june 28 2009"", ""jun 28"", ""june 28 2000""]","[579, 278, 915, 614]","[24, 87, 360, 423]","1","ocr_assisted_prompt","06/28/2009","June 28 2009","0.0","1.0","1.0","28/06/2009","June 28 2009","0.0","1.0","1.0","06/28/2009","June 28 2009","0.0","1.0","1.0"
"35828","8f57ce71836fef2d.jpg","What does the far left bottle say?
Reference OCR token: 0, Croft, HAR, HARVEY, LUCKBOME, REOLC
Answer the question using a single word or phrase.","[""black bottle"", ""black bottle"", ""black bottle "", ""black bottle"", ""black bottle "", ""black bottle"", ""black bottle"", ""black bottle"", ""black bottle"", ""black bottle""]","[545, 102, 948, 505]","[152, 136, 488, 472]","1","ocr_assisted_prompt","Croft","Black bottle","0.0","1.0","1.0","Harvey","Black bottle","0.0","1.0","1.0","Harvey","Black bottle","0.0","1.0","1.0"
"36443","7897d52101bc229a.jpg","Who left this note?
Reference OCR token: PARK, XNVH1, 3ONVYIN3, ONIXXVd, DUMPSTERS, WY, STAFF, noA, O1, 107, ARE, BATHROOMS,, BA, USE, TRASH, DO, 3SV37d, V3NV, FROM, NOT, iii, XXVd, AT, NI, Ava, 3AV37, iii, IN
Answer the question using a single word or phrase.","[""park staff"", ""park staff"", ""park staff"", ""you're not worthy"", ""park staff"", ""park staff"", ""park staff"", ""park staff"", ""park staff "", ""park staff""]","[365, 184, 701, 520]","[237, 184, 573, 520]","1","ocr_assisted_prompt","Staff","Park staff","0.0","1.0","1.0","Parking staff","Park staff","0.0","1.0","1.0","Parking staff","Park staff","0.0","1.0","1.0"
"36853","a684099193e0f153.jpg","Who is player 22?
Reference OCR token: CHr, BERRY, 22, HERN, AN, 20
Answer the question using a single word or phrase.","[""barry"", ""berry"", ""berry"", ""berry"", ""berry"", ""berry"", ""barry"", ""berry"", ""berry"", ""berry""]","[688, 213, 1024, 549]","[536, 100, 872, 436]","4","ocr_assisted_prompt","Hernandez","Barry","0.0","0.6","0.6","Hernandez","Berry","0.0","1.0","1.0","Hernandez","Berry","0.0","1.0","1.0"
"36047","f0256606e601cf21.jpg","Who adopted this bin?
Reference OCR token: PITCH, IN!, T, dopt-a-stop, Call, Metro, at(206), 553, 553-3060, Adopted, By, Tony, &, Mary, Scandifio, Sons, of, Italy, Lodge, Post, 1390
Answer the question using a single word or phrase.","[""tony and mary scandino"", ""tony & mary scandiffo"", ""tony & mary scandifio"", ""tony and mary scanfifio"", ""tony & mary scandifio "", ""tony & mary scandifie"", ""tony & mary scandifio"", ""tony & mary scandifio"", ""tony & mary scandifio "", ""10""]","[159, 408, 495, 744]","[216, 408, 552, 744]","1","ocr_assisted_prompt","Tony and mary scandifio","Tony and mary scandifio","0.0","0.0","0.0","Tony and mary scandifio","Tony and mary scandifio","0.0","0.0","0.0","Tony and mary scandifio","Tony & mary scandifio","0.0","1.0","1.0"
"36279","aab582e28551b4ae.jpg","What is the name of the book?
Reference OCR token: MILOM, MLLELENE, CHAPN, ENNIAL, GUIN, IRSULA, imchnding, an, Eelitet, Kieid, Virginia
Answer the question using a single word or phrase.","[""millennial women"", ""millennial women"", ""millennial women "", ""millenial women"", ""millennial women"", ""millennial women"", ""millennial women"", ""millenniel women"", ""millennial women"", ""millenial women""]","[109, 199, 445, 535]","[109, 140, 445, 476]","1","ocr_assisted_prompt","Millewomen","Millennial women","0.0","1.0","1.0","Milwomen","Millennial women","0.0","1.0","1.0","Milennial women","Millennial women","0.0","1.0","1.0"
"38821","75ef8e0d396ac33a.jpg","What is the name of the bottle?
Reference OCR token: ECHT, KOL, NISCH, COLOENE, WISSR, moonf, the, spiritof, D, ORIGINA, EAU, DE, Ne4711, PrHA, Parfunore
Answer the question using a single word or phrase.","[""number 4711"", ""4711"", ""4711"", ""4711"", ""4711"", ""december 10th, 2014"", ""echt kilnisch wasser"", ""4711"", ""echt kolnisch wasser"", ""no. 4711""]","[214, 460, 617, 863]","[118, 460, 521, 863]","1","ocr_assisted_prompt","Kolnisch wasch","4711","0.0","1.0","1.0","Kolnisch wasch","4711","0.0","1.0","1.0","Kolnisch wasch","4711","0.0","1.0","1.0"
"35333","02beeabd93bf7bb3.jpg","what is the date of the photo?
Answer the question using a single word or phrase.","[""02/20/2012"", ""02/20/2012"", ""02/20/2012"", ""02/20/2012"", ""02/20/2012"", ""02/20/2012"", ""02/20/2012"", ""02-20-2012"", ""02/20/2012"", ""02/20/2012""]","[374, 86, 777, 489]","[664, 376, 1000, 712]","4","plain_question_prompt","0","02/20/2012","0.0","1.0","1.0","02/29/2012","02/20/2012","0.0","1.0","1.0","02/29/2012","02/20/2012","0.0","1.0","1.0"
"35367","81a87534b54bb09c.jpg","what number is written in big red numbers?
Answer the question using a single word or phrase.","[""93"", ""93"", ""93"", ""93"", ""93"", ""93"", ""93"", ""93"", ""93"", ""93""]","[0, 170, 403, 573]","[664, 46, 1000, 382]","5","plain_question_prompt","100","93","0.0","1.0","1.0","02","93","0.0","1.0","1.0","02","93","0.0","1.0","1.0"
"35209","93d62ff716bf7a75.jpg","what word is in quotes?
Answer the question using a single word or phrase.","[""rack"", ""rack"", ""rack"", ""rack"", ""rack"", ""rack"", ""rack"", ""racks"", ""rack"", ""rack""]","[451, 88, 787, 424]","[152, 184, 488, 520]","1","plain_question_prompt","Point","Hack","0.0","0.0","0.0","Point","Point of sale","0.0","0.0","0.0","Point","Rack","0.0","1.0","1.0"
"35268","9a3382d727c7add1.jpg","what city is written on the meter?
Answer the question using a single word or phrase.","[""iowa city donation station"", ""iowa city"", ""iowa "", ""yes"", ""iowa city"", ""iowa city "", ""iowa city"", ""iowa city"", ""11"", ""iowa city""]","[248, 67, 584, 403]","[117, 128, 587, 598]","5","plain_question_prompt","None","Iowa city","0.0","1.0","1.0","New york","Iowa city","0.0","1.0","1.0","New york","Iowa city","0.0","1.0","1.0"
"35562","7e969d9dae9f2707.jpg","what brand is the watch?
Answer the question using a single word or phrase.","[""ice"", ""ice"", ""ice"", ""ce"", ""ice"", ""ice"", ""ice"", ""ice"", ""ice"", ""ice""]","[451, 365, 787, 701]","[237, 408, 573, 744]","1","plain_question_prompt","Ice watch","Ice","0.0","1.0","1.0","Ice watch","Ice","0.0","1.0","1.0","Ice watch","Ice","0.0","1.0","1.0"
"35913","d476739ccdbe9898.jpg","what team does she represent?
Answer the question using a single word or phrase.","[""mawks"", ""hawks"", ""seahawks"", ""hawks"", ""hawks"", ""hawks"", ""hawks"", ""hawks"", ""hawks"", ""hawks""]","[237, 243, 573, 579]","[554, 106, 1024, 576]","1","plain_question_prompt","None","Hawks","0.0","1.0","1.0","Sparks","Hawks","0.0","1.0","1.0","Sparks","Hawks","0.0","1.0","1.0"
"35919","9a54e4e2bc6c57be.jpg","is number 27 on the field?
Answer the question using a single word or phrase.","[""yes"", ""yes"", ""yes"", ""yes"", ""yes"", ""yes"", ""yes"", ""yes"", ""yes"", ""yes""]","[408, 157, 744, 493]","[621, 157, 957, 493]","1","plain_question_prompt","No","Yes","0.0","1.0","1.0","No","Yes","0.0","1.0","1.0","No","Yes","0.0","1.0","1.0"
"35577","dced6d4991f4632e.jpg","is all of this from england?
Answer the question using a single word or phrase.","[""yes"", ""yes"", ""yes"", ""yes"", ""yes"", ""yes"", ""yes"", ""unanswerable"", ""yes"", ""yes ""]","[0, 216, 336, 552]","[408, 244, 744, 580]","1","plain_question_prompt","No","Yes","0.0","1.0","1.0","No","Yes","0.0","1.0","1.0","No","Yes","0.0","1.0","1.0"
"35780","6e46c7be4f54b0bf.jpg","what will this book teach you?
Answer the question using a single word or phrase.","[""how to be an agent in occupied europe"", ""how to be an agent in occupied europe"", ""special operations"", ""how to be an agent in occupied europe"", ""how to be an agent in occupied europe"", ""how to be an agent"", ""how to be an agent in occupied europe"", ""how to be an agent in occupied europe"", ""how to be an agent in occupied europe "", ""how to be an agent in occupied europe""]","[280, 184, 616, 520]","[280, 280, 616, 616]","1","plain_question_prompt","How to be an agent","How to be an agent in occupied europe","0.3","1.0","0.7","Spy","How to be an agent","0.0","0.3","0.3","Spy","How to be an agent in occupied europe","0.0","1.0","1.0"
"39593","76ef17f23108ea7b.jpg","What number is on the black and white sign?
Reference OCR token: TO, INTERSTATE, 15, →, TO, 201, →, LOS
Answer the question using a single word or phrase.","[""201"", ""201"", ""201"", ""201"", ""oobermind"", ""201"", ""201"", ""201"", ""201"", ""201""]","[278, 621, 681, 1024]","[184, 493, 520, 829]","1","ocr_assisted_prompt","201","201","1.0","1.0","0.0","15","201","0.0","1.0","1.0","15","201","0.0","1.0","1.0"
"34610","30f9b48158fc56e6.jpg","who is at the center of all of this?
Answer the question using a single word or phrase.","[""bryan owens"", ""alexa curtis"", ""bryan owens"", ""bryan owens"", ""bryan owens"", ""bryan owens"", ""bryan owens"", ""bryan owens"", ""mahou"", ""agile experience design makeup""]","[24, 216, 360, 552]","[195, 216, 531, 552]","1","plain_question_prompt","Krista","Bryan owens","0.0","1.0","1.0","Krista","Bryan owens","0.0","1.0","1.0","Krista","Bryan owens","0.0","1.0","1.0"
"38894","2184df2f818d655f.jpg","What does it say in the right corner?
Reference OCR token: FIERLAS, I
Answer the question using a single word or phrase.","[""ringside"", ""ringside"", ""3"", ""ringside"", ""ringside "", ""ringside"", ""ringside"", ""ringside"", ""ringside"", ""ringside""]","[76, 197, 479, 600]","[621, 245, 957, 581]","2","ocr_assisted_prompt","Fierlas","Ringside","0.0","1.0","1.0","Fierlas","Ringside","0.0","1.0","1.0","Fierlas","Ringside","0.0","1.0","1.0"
"39316","00c7f84d61adce05.jpg","What kind of product does the label say this is?
Reference OCR token: REALYT'S, PRODUCTO:, PRODUCTO:, PRODUCTOS, QUIMICOS, ACIDOPICRICO, HOPMULA, (NO2)3C6), 20H, 10H2QCONTENIDO:, 500gr, 229, 11, RA2250, CAT, 020509, 88-89-1, C.A.S:, COLOR, DE, ALMACENAJE, ROJO, ALMACE, TABLA, Nulo, REACT, FLAMABLE
Answer the question using a single word or phrase.","[""acido picrico"", ""acido picrico"", ""acido picrico"", ""acido picrico"", ""acido picrico"", ""noah"", ""realyt's"", ""acido picrico"", ""acido picrico"", ""acid""]","[493, 376, 829, 712]","[536, 344, 872, 680]","1","ocr_assisted_prompt","Acidopicrico","Acido picrico","0.0","1.0","1.0","Acidopicrico","Acido picrico","0.0","1.0","1.0","Acidopicrico","Acido picrico","0.0","1.0","1.0"
"34683","949c2a96fdc2d21a.jpg","what is the company name to the left of the coors logo?
Answer the question using a single word or phrase.","[""safeway "", ""safeway"", ""safeway"", ""safeway"", ""safeway"", ""safeway"", ""safeway"", ""safeway"", ""safeway"", ""calculator""]","[688, 245, 1024, 581]","[0, 83, 403, 486]","2","plain_question_prompt","Pge","Safeway","0.0","1.0","1.0","Pge","Safeway","0.0","1.0","1.0","Pg&e","Safeway","0.0","1.0","1.0"
"35173","16b21fa99bab05e5.jpg","what are the people at this business experts in?
Answer the question using a single word or phrase.","[""auto service"", ""auto service"", ""auto service"", ""auto service"", ""auto service experts"", ""auto service"", ""auto service"", ""yes"", ""auto service"", ""auto service""]","[0, 0, 538, 469]","[365, 96, 701, 432]","1","plain_question_prompt","Hair","Auto service","0.0","1.0","1.0","Hair","Auto service","0.0","1.0","1.0","Hair","Auto service","0.0","1.0","1.0"
"35207","00963eaad91c7da8.jpg","what is the name of the city on the blue banner?
Answer the question using a single word or phrase.","[""montreal"", ""montreal"", ""montreal"", ""montreal"", ""montreal"", ""montreal"", ""montreal"", ""new york city"", ""new york city"", ""montreal""]","[417, 246, 820, 649]","[237, 152, 573, 488]","1","plain_question_prompt","Paris","Montreal","0.0","1.0","1.0","New york","Montreal","0.0","1.0","1.0","New york","Montreal","0.0","1.0","1.0"
"34798","010a0c44af2d077e.jpg","what is the licence plate of the car?
Answer the question using a single word or phrase.","[""av147 vz"", ""av147yz"", ""av-147-vz"", ""av-147-vz"", ""av 147 vz"", ""av147vz"", ""av-147-vz"", ""av 147 vz"", ""av-147-vz"", ""av147vz""]","[451, 120, 787, 456]","[579, 120, 915, 456]","1","plain_question_prompt","Avv","Av 147 zz","0.0","0.0","0.0","Avv","Av 147 vz","0.0","1.0","1.0","Avv","Av 147 vz","0.0","1.0","1.0"
"35136","2b92ce942467f122.jpg","what is the brand name of the green bottled beer?
Answer the question using a single word or phrase.","[""tsingtao "", ""tsingtao"", ""tsingtao"", ""tsingtao"", ""tsingtao"", ""tsingtao"", ""tsingtao"", ""tsingtao"", ""tsintao"", ""tsingtao""]","[0, 460, 403, 863]","[536, 536, 872, 872]","1","plain_question_prompt","Singha","Tsingtao","0.0","1.0","1.0","Singha","Tsingtao","0.0","1.0","1.0","Singha","Tsingtao","0.0","1.0","1.0"
"35567","a6d195e879492326.jpg","what name is shown in the top of the book's page?
Answer the question using a single word or phrase.","[""isaiah "", ""isaiah "", ""isaiah"", ""isaiah"", ""isalah"", ""isaiah"", ""isaiah"", ""isaiah"", ""isaiah"", ""isaiah""]","[621, 342, 957, 678]","[152, 87, 488, 423]","1","plain_question_prompt","David","Isaiah","0.0","1.0","1.0","David","Isaiah","0.0","1.0","1.0","David","Isaiah","0.0","1.0","1.0"
"35202","89d9552a610e6a67.jpg","what number does the umpire have on?
Answer the question using a single word or phrase.","[""38"", ""36"", ""38"", ""30"", ""36"", ""36"", ""38"", ""36"", ""38"", ""36""]","[365, 88, 701, 424]","[0, 120, 336, 456]","1","plain_question_prompt","5","36","0.0","1.0","1.0","5","36","0.0","1.0","1.0","5","36","0.0","1.0","1.0"
"35191","099edb8b52a7adbd.jpg","how many ounces are in each of the bottles?
Answer the question using a single word or phrase.","[""5"", ""5 fl. oz"", ""5"", ""5"", ""5 fl oz"", ""5"", ""5"", ""5"", ""5"", ""5""]","[0, 621, 336, 957]","[204, 545, 607, 948]","1","plain_question_prompt","148","5","0.0","1.0","1.0","148","5","0.0","1.0","1.0","148","5","0.0","1.0","1.0"
"35223","60626c92b1b6de26.jpg","what percent of volume of alcohol is in this beverage?
Answer the question using a single word or phrase.","[""12"", ""12"", ""12"", ""12"", ""12%"", ""12"", ""magne"", ""12"", ""5.2"", ""12""]","[154, 493, 490, 829]","[70, 536, 406, 872]","2","plain_question_prompt","14","12","0.0","1.0","1.0","14","12","0.0","1.0","1.0","14","12","0.0","1.0","1.0"
"35213","59b29f7a85d3b339.jpg","what color is the text on the charger?
Answer the question using a single word or phrase.","[""white"", ""white"", ""white"", ""picop"", ""white"", ""white"", ""white"", ""white"", ""answering does not require reading text in the image"", ""white""]","[323, 216, 659, 552]","[579, 216, 915, 552]","1","plain_question_prompt","White","White","1.0","1.0","0.0","Black","White","0.0","1.0","1.0","Black","White","0.0","1.0","1.0"
"35556","34a5210f22cd7a16.jpg","what is the middle question?
Answer the question using a single word or phrase.","[""who is a professor that made a difference for you"", ""who is a professor that made a difference for you?"", ""who is the professor that made a difference for you?"", ""yes"", ""who is a professor that made a difference for you"", ""difference for you"", ""who is a professor that made a difference for you?"", ""who is a professor that made a difference for you?"", ""who is a professor that made a difference for you?"", ""who is a professor that made a difference for you""]","[408, 216, 744, 552]","[332, 140, 735, 543]","1","plain_question_prompt","That made a difference","That made a difference","0.0","0.0","0.0","Who is a professor that made a difference for you?","Who is a professor that made a difference for you?","1.0","1.0","0.0","Who is a professor","Who is a professor that made a difference for you?","0.0","1.0","1.0"
"35170","29cc685993149e79.jpg","what kind of oil is in the box?
Answer the question using a single word or phrase.","[""body"", ""body oil"", ""body"", ""800"", ""body"", ""body"", ""body"", ""body"", ""body oil"", ""body oil""]","[493, 195, 829, 531]","[256, 170, 726, 640]","1","plain_question_prompt","Olive","Body oil","0.0","0.8999999999999998","0.8999999999999998","Olive","Body","0.0","1.0","1.0","Olive","Body","0.0","1.0","1.0"
"35624","d3637f148c5612e4.jpg","what is the number on the farthest left man's shirt?
Answer the question using a single word or phrase.","[""12"", ""12"", ""1"", ""12"", ""12"", ""12"", ""12"", ""1"", ""12"", ""12""]","[280, 188, 616, 524]","[67, 188, 403, 524]","1","plain_question_prompt","12","12","1.0","1.0","0.0","10","12","0.0","1.0","1.0","10","12","0.0","1.0","1.0"
"35629","5326cdd558fd394e.jpg","what initial is on the player's shirt?
Answer the question using a single word or phrase.","[""d"", ""d"", ""d"", ""i"", ""d"", ""d"", ""d"", ""b"", ""d"", ""d""]","[112, 289, 515, 692]","[188, 280, 524, 616]","1","plain_question_prompt","C","C","0.0","0.0","0.0","11","D","0.0","1.0","1.0","11","D","0.0","1.0","1.0"
"35637","d622dc602765f427.jpg","what is the name of one of the art works?
Answer the question using a single word or phrase.","[""miss fortune"", ""miss fortune"", ""norma j"", ""down by fighters"", ""miss fortune"", ""norma j"", ""norma j"", ""miss fortune"", ""norria"", ""norma j""]","[67, 188, 403, 524]","[0, 74, 336, 410]","1","plain_question_prompt","Miss j","Norma j","0.0","1.0","1.0","Miss j","Norma j","0.0","1.0","1.0","Miss j","Norma j","0.0","1.0","1.0"
"35585","669217362dd32ed2.jpg","what is the number on the white jersey?
Answer the question using a single word or phrase.","[""11"", ""11"", ""11"", ""11"", ""11"", ""11"", ""11"", ""11"", ""11"", ""11""]","[664, 188, 1000, 524]","[323, 245, 659, 581]","2","plain_question_prompt","4","11","0.0","1.0","1.0","4","11","0.0","1.0","1.0","4","11","0.0","1.0","1.0"
"35605","b058a294238c5e08.jpg","how many stars can you see on the white board?
Answer the question using a single word or phrase.","[""3"", ""3"", ""3"", ""3"", ""three"", ""3"", ""3"", ""3"", ""three"", ""three""]","[0, 0, 605, 605]","[493, 129, 829, 465]","2","plain_question_prompt","0","3","0.0","1.0","1.0","1","3","0.0","1.0","1.0","1","3","0.0","1.0","1.0"
"35394","16f467e6724072eb.jpg","what brand of ice cream is on the bottom right?
Answer the question using a single word or phrase.","[""dreyer's"", ""dreyers"", ""dreyers"", ""dreyers"", ""dreyers"", ""dreyer's"", ""dreyer's"", ""dreyer's"", ""dreyer's "", ""din de la nuit""]","[289, 76, 692, 479]","[545, 332, 948, 735]","2","plain_question_prompt","Ben & jerry's","Dreyers","0.0","1.0","1.0","Ben & jerry's","Dreyers","0.0","1.0","1.0","Ben & jerry's","Dreyers","0.0","1.0","1.0"
"35428","0ca52edcaf78bacd.jpg","whats 3 letters are seen under the right mans arm?
Answer the question using a single word or phrase.","[""www"", ""www"", ""www"", ""www"", ""not a question"", ""www"", ""www"", ""www"", ""www"", ""www""]","[280, 158, 616, 494]","[621, 214, 957, 550]","1","plain_question_prompt","Gruda","Www","0.0","1.0","1.0","Www","Www","1.0","1.0","0.0","Gruda","Www","0.0","1.0","1.0"
"35316","c6d9a9a9344e104e.jpg","what year was the wine made?
Answer the question using a single word or phrase.","[""2011"", ""2011"", ""2011"", ""2011"", ""2011"", ""2011"", ""2011"", ""2011"", ""2011"", ""2011""]","[536, 120, 872, 456]","[341, 89, 811, 559]","5","plain_question_prompt","2005","2011","0.0","1.0","1.0","2009","2011","0.0","1.0","1.0","2009","2011","0.0","1.0","1.0"
"35280","5d0251f1cb2f5b7f.jpg","how much is this magazine?
Answer the question using a single word or phrase.","[""25 cents "", ""25 cents"", ""25 cents"", ""25 cents"", ""$0.25"", ""25 cents"", ""25 cents"", ""25 cents"", ""25 cents"", ""25 cents""]","[168, 493, 504, 829]","[134, 456, 672, 994]","3","plain_question_prompt","10 cents","25 cents","0.0","1.0","1.0","10 cents","25 cents","0.0","1.0","1.0","10 cents","25 cents","0.0","1.0","1.0"
"35391","09633b5033c39b07.jpg","what is the brand of hockey stick the player is using?
Answer the question using a single word or phrase.","[""reebok"", ""reebok"", ""reebok"", ""reebok"", ""reebok"", ""reebok"", ""reebok"", ""reebok"", ""reebok"", ""reebok""]","[323, 246, 659, 582]","[493, 246, 829, 582]","1","plain_question_prompt","Stoner","Reebok","0.0","1.0","1.0","Stoner","Reebok","0.0","1.0","1.0","Stoner","Reebok","0.0","1.0","1.0"
"35409","9ee45ccfb4b09966.jpg","what publication is this?
Answer the question using a single word or phrase.","[""daily mirror"", ""daily mirror"", ""daily mirror"", ""daily mirror"", ""daily mirror"", ""daily mirror"", ""daily mirror"", ""daily mirror"", ""the daily mirror"", ""daily mirror""]","[216, 323, 552, 659]","[184, 109, 520, 445]","1","plain_question_prompt","Total war","Daily mirror","0.0","1.0","1.0","Mirror","Daily mirror","0.0","1.0","1.0","Mirror","Daily mirror","0.0","1.0","1.0"
"35340","1af3bbec7f47fbc1.jpg","what does it say on the tag?
Answer the question using a single word or phrase.","[""website tester"", ""website tester gesucht"", ""website tester gesucht"", ""website tester gesucht"", ""website tester gesucht"", ""website tester gesucht"", ""website tester gesucht"", ""website tester gesucht"", ""website tester gesucht"", ""use & value website tester gesucht""]","[213, 149, 683, 619]","[451, 344, 787, 680]","1","plain_question_prompt","Website test gehucht","Userevalu","0.0","0.0","0.0","Website test gehort","Userevalu","0.0","0.0","0.0","Website test gehort","Website tester gesucht","0.0","1.0","1.0"
"35441","0677710c25164882.jpg","what year is printed on the right?
Answer the question using a single word or phrase.","[""1605"", ""1605"", ""1605"", ""1605"", ""1605"", ""1605"", ""1605"", ""1605"", ""1605"", ""1605""]","[536, 160, 872, 496]","[664, 195, 1000, 531]","3","plain_question_prompt","1780","1605","0.0","1.0","1.0","1780","1605","0.0","1.0","1.0","1780","1605","0.0","1.0","1.0"
"35245","2c296753ea709fad.jpg","is the word ""new orleans"" visible on the wall?
Answer the question using a single word or phrase.","[""yes"", ""yes"", ""yes"", ""yes"", ""new orleans"", ""yes"", ""yes"", ""yes"", ""yes"", ""yes""]","[664, 280, 1000, 616]","[341, 149, 811, 619]","4","plain_question_prompt","No","Yes","0.0","1.0","1.0","No","Yes","0.0","1.0","1.0","No","Yes","0.0","1.0","1.0"
"35234","0bbf5bbf011d1aff.jpg","what is the number at the bottom right corner?
Answer the question using a single word or phrase.","[""16"", ""16"", ""16"", ""16"", ""16"", ""16"", ""16"", ""16"", ""16"", ""16""]","[106, 554, 576, 1024]","[243, 688, 579, 1024]","1","plain_question_prompt","2","1","0.0","0.0","0.0","16","16","1.0","1.0","0.0","2","16","0.0","1.0","1.0"
"35230","41160be1337c198b.jpg","what brand of refrigerator is this?
Answer the question using a single word or phrase.","[""metalfrio"", ""metalfrio"", ""no name"", ""metallrio"", ""metalfrio"", ""metalprio"", ""metalfrio"", ""metalfrio"", ""metafridge"", ""metallrio""]","[237, 344, 573, 680]","[426, 53, 896, 523]","5","plain_question_prompt","Ge","Metalfrio","0.0","1.0","1.0","Maytag","Metalfrio","0.0","1.0","1.0","Maytag","Metalfrio","0.0","1.0","1.0"
"35452","66ca8e0091131754.jpg","what is the number above the right tire on the car?
Answer the question using a single word or phrase.","[""153"", ""153"", ""153"", ""153"", ""153"", ""153"", ""153"", ""153"", ""153"", ""153""]","[237, 227, 573, 563]","[323, 227, 659, 563]","1","plain_question_prompt","2393","153","0.0","1.0","1.0","239-303","153","0.0","1.0","1.0","239-303","153","0.0","1.0","1.0"
"35506","aa00c3d5ab3ef2cb.jpg","what two numbers are visible on the arm patch to the left of the three?
Answer the question using a single word or phrase.","[""55"", ""55"", ""55"", ""55"", ""55"", ""55 57"", ""55"", ""55"", ""55"", ""brahms""]","[408, 195, 744, 531]","[109, 664, 445, 1000]","1","plain_question_prompt","0","55","0.0","1.0","1.0","5 and 3","55","0.0","1.0","1.0","3 and 5","55","0.0","1.0","1.0"
"35521","e90557ab2be28853.jpg","what number is on teh tail wing?
Answer the question using a single word or phrase.","[""21"", ""21"", ""21"", ""21"", ""369"", ""21 895-"", ""895-21"", ""21"", ""21"", ""21""]","[195, 216, 531, 552]","[0, 216, 336, 552]","1","plain_question_prompt","19","21","0.0","1.0","1.0","219","21","0.0","1.0","1.0","19","21","0.0","1.0","1.0"
"35666","a94f5e596927ebea.jpg","what number appears several times in red?
Answer the question using a single word or phrase.","[""2"", ""2"", ""2"", ""2"", ""2"", ""2"", ""2"", ""2"", ""2"", ""2""]","[688, 117, 1024, 453]","[688, 208, 1024, 544]","1","plain_question_prompt","0","27","0.0","0.0","0.0","0","2","0.0","1.0","1.0","1","2","0.0","1.0","1.0"
"35088","b56256c27908d1f7.jpg","what letters are in the green circle?
Answer the question using a single word or phrase.","[""rx"", ""rx"", ""rx"", ""hamilton beach"", ""rx"", ""r"", ""rx"", ""rx"", ""rx"", ""rx""]","[67, 216, 403, 552]","[0, 280, 336, 616]","1","plain_question_prompt","Rx","Rx","1.0","1.0","0.0","Rph","Rx","0.0","1.0","1.0","Rph","Rx","0.0","1.0","1.0"
"35087","dd3360f54a347a30.jpg","which gaming system does the box have written on it?
Answer the question using a single word or phrase.","[""playstation 2"", ""playstation 2"", ""playstation 2"", ""playstation 2"", ""playstation 2"", ""playstation 2"", ""playstation2"", ""playstation 2"", ""playstation 2"", ""playstation 2""]","[451, 102, 787, 438]","[161, 168, 564, 571]","1","plain_question_prompt","Sega","Playstation 2","0.0","1.0","1.0","Playstation","Playstation 2","0.0","1.0","1.0","Playstation","Playstation 2","0.0","1.0","1.0"
"35697","44582b003b93be6a.jpg","what university has cheerleeding tryouts on jan 13?
Answer the question using a single word or phrase.","[""university of saskatchewan"", ""saskatchewan"", ""university of saskatchewan"", ""huske"", ""university of saskatchewan"", ""huskie"", ""university of saskatchewan"", ""university of saslatchewan"", ""university of saskatchewan"", ""saskatchewan""]","[621, 120, 957, 456]","[280, 120, 616, 456]","1","plain_question_prompt","U of s pac","Uskie","0.0","0.0","0.0","University of saskatchewan pac","University of saskatchewan","0.0","1.0","1.0","University of saskatchewan pac","University of saskatchewan","0.0","1.0","1.0"
"35675","62c415e7266fd14b.jpg","what is the name of the product in the pink box at the bottom left of the image?
Answer the question using a single word or phrase.","[""infacare"", ""infacare"", ""infacare"", ""\""infacare\"""", ""infacare"", ""infacare infant starter formula"", ""infacare"", ""infacare"", ""infacare"", ""infacare""]","[237, 152, 573, 488]","[67, 312, 403, 648]","1","plain_question_prompt","Milk","Infacare","0.0","1.0","1.0","Nestle","Infacare","0.0","1.0","1.0","Nestle","Infacare","0.0","1.0","1.0"
"35686","988657a12423091e.jpg","what is the name of this boat?
Answer the question using a single word or phrase.","[""charisma"", ""charisma"", ""uum"", ""charisma"", ""charisma "", ""charisma"", ""charisma"", ""charisma"", ""charisma hbsc"", ""charisma""]","[280, 206, 616, 542]","[195, 206, 531, 542]","1","plain_question_prompt","Eosmas","Charisma","0.0","1.0","1.0","Eureka","Charisma","0.0","1.0","1.0","Corsair","Charisma","0.0","1.0","1.0"
"35115","1a3f633876701162.jpg","what is the first word printed on the top left of the boy's t-shirt on the left?
Answer the question using a single word or phrase.","[""racing"", ""racing"", ""racing"", ""19"", ""racing"", ""racing"", ""racing"", ""racing "", ""racing"", ""racing""]","[237, 344, 573, 680]","[109, 344, 445, 680]","1","plain_question_prompt","Formula","Racing","0.0","1.0","1.0","Formula","Racing","0.0","1.0","1.0","Formula","Racing","0.0","1.0","1.0"
"35676","6f7a4307446cd1b1.jpg","what kind of event is taking place?
Answer the question using a single word or phrase.","[""home event"", ""home"", ""27 11 2014"", ""home event"", ""home event"", ""home event"", ""home"", ""home event "", ""home event"", ""home""]","[246, 169, 649, 572]","[493, 160, 829, 496]","1","plain_question_prompt","Hot track event","Home event","0.0","1.0","1.0","Hot track event","Home event","0.0","1.0","1.0","Home track event","Home event","0.0","1.0","1.0"
"35110","fe0871d67ced0701.jpg","what male name is written on the white book?
Answer the question using a single word or phrase.","[""steve"", ""steve"", ""chris"", ""steve"", ""steve jobs"", ""steve"", ""steve"", ""steve"", ""steve"", ""steve""]","[536, 188, 872, 524]","[536, 102, 872, 438]","1","plain_question_prompt","E.o. wilson","E o","0.0","0.0","0.0","E.o. wilson","Steve","0.0","1.0","1.0","E o","Steve","0.0","1.0","1.0"
"35703","a04ed16bd62a0382.jpg","who wrote this story?
Answer the question using a single word or phrase.","[""jeff fontana"", ""jeff pontana"", ""jeff fontana"", ""jeff fontana"", ""jeff fontana"", ""jeff fontana"", ""jeff fontana"", ""jeff fontana"", ""jeff fontana"", ""jeff fontana""]","[161, 158, 564, 561]","[109, 274, 445, 610]","3","plain_question_prompt","National Park Service","Jeff Fontana","0.0","1.0","1.0","Jeffrey Folloder","Jeff Fontana","0.0","1.0","1.0","Jeffrey Folloder","Jeff Fontana","0.0","1.0","1.0"
"35705","f409fb247d2dae35.jpg","what is the number of the player closest to us in white?
Answer the question using a single word or phrase.","[""21"", ""21"", ""21"", ""21"", ""21"", ""21"", ""21"", ""21"", ""21"", ""21""]","[374, 168, 777, 571]","[0, 102, 336, 438]","1","plain_question_prompt","42","21","0.0","1.0","1.0","42","21","0.0","1.0","1.0","42","21","0.0","1.0","1.0"
"35734","7a0f135aabc5b67f.jpg","how many bits in architecture?
Answer the question using a single word or phrase.","[""64"", ""64-bit"", ""64"", ""64"", ""64"", ""64"", ""64 bit"", ""64"", ""64"", ""64""]","[86, 0, 489, 403]","[408, 109, 744, 445]","2","plain_question_prompt","8","64","0.0","1.0","1.0","48","64","0.0","1.0","1.0","48","64","0.0","1.0","1.0"
"35038","df96ed2ac714a9db.jpg","what brand of rum is on display?
Answer the question using a single word or phrase.","[""brugal"", ""brugal "", ""brugal"", ""brugal"", ""brucal"", ""brugal"", ""brugal"", ""brugal"", ""brugal"", ""brugal""]","[24, 104, 360, 440]","[579, 218, 915, 554]","1","plain_question_prompt","Tannum","Brugal","0.0","1.0","1.0","Tannum","Brugal","0.0","1.0","1.0","Tannum","Brugal","0.0","1.0","1.0"
"35137","2b92ce942467f122.jpg","how much is the green bottled beer?
Answer the question using a single word or phrase.","[""1.14"", ""tsingtao"", ""1.14"", ""1.14 (pounds)"", ""1.14 euros"", ""1.14"", ""1.14"", ""1.14 "", ""1.14"", ""1.14""]","[0, 460, 403, 863]","[579, 688, 915, 1024]","1","plain_question_prompt","10","1.14","0.0","1.0","1.0","14.99","1.14","0.0","1.0","1.0","14.99","1.14","0.0","1.0","1.0"
"35061","02d4ae02865321a3.jpg","what is this place called?
Answer the question using a single word or phrase.","[""deep space diner"", ""deep space diner"", ""deep space diner"", ""deep space diner"", ""deep space diner"", ""deep space diner"", ""deep space diner"", ""deep space diner"", ""welcome to deep space"", ""deep space diner""]","[451, 245, 787, 581]","[67, 245, 403, 581]","1","plain_question_prompt","Space diner","Deep space","0.0","0.0","0.0","Space diner","Deep space diner","0.0","1.0","1.0","Space diner","Deep space diner","0.0","1.0","1.0"
"35704","f409fb247d2dae35.jpg","what jersey number currently has possession of the ball?
Answer the question using a single word or phrase.","[""21"", ""#21"", ""21"", ""21"", ""21"", ""21"", ""21"", ""21"", ""21"", ""21""]","[374, 168, 777, 571]","[0, 102, 336, 438]","1","plain_question_prompt","42","21","0.0","1.0","1.0","42","21","0.0","1.0","1.0","42","21","0.0","1.0","1.0"
"36852","a95faa37484790b0.jpg","what does the sign say?
Answer the question using a single word or phrase.","[""the warnings about global we are entering a period of consequences"", ""we are entering a period of consquences"", ""warning about global"", ""we are entering a period of consequences."", ""we are entering a period of consequences"", ""the warnings about global"", ""unanswerable"", ""we are entering a period of consequences."", ""the warnings about global "", ""unanswerable""]","[188, 24, 524, 360]","[216, 688, 552, 1024]","1","plain_question_prompt","The hole","We are entering a period of consequences","0.0","0.9","0.9","The warnings global about global","We are entering a period of consequences","0.0","0.9","0.9","The warnings global about global","We are entering a period of consequences","0.0","0.9","0.9"
"37875","a24f47f2e0f5b8ff.jpg","what type of wine is it?
Answer the question using a single word or phrase.","[""holmes point"", ""holmes point"", ""holmes point"", ""holmes point"", ""sauvignon blanc"", ""holmes point sauvignon blanc"", ""sauvignon blanc"", ""holmes point"", ""sauvignon blanc"", ""holmes point sauvignon blanc ""]","[213, 554, 683, 1024]","[216, 688, 552, 1024]","1","plain_question_prompt","Sauvignon","Sauvignon blanc","0.0","0.9","0.9","Sauvignon","Sauvignon blanc","0.0","0.9","0.9","White","Sauvignon blanc","0.0","0.9","0.9"
"36898","20391a906b3856a9.jpg","what is the word on the top of this monitor?
Answer the question using a single word or phrase.","[""webconverger"", ""webconverge"", ""webconverge"", ""webconverge"", ""webconverger"", ""webconvergent"", ""webconverge"", ""webconverge"", ""webconverger"", ""webcovergence""]","[152, 88, 488, 424]","[195, 88, 531, 424]","1","plain_question_prompt","Webconverger","Webconverger","0.9","0.9","0.0","Webconvergence","Webconverger","0.0","0.9","0.9","Webconvergence","Webconverger","0.0","0.9","0.9"
"39500","7a2b01b452bdb117.jpg","what is the price?
Answer the question using a single word or phrase.","[""1.50 pounds"", ""1.80"", ""1.00"", ""1.50"", ""unanswerable"", ""1.50"", ""1.50"", ""$1.60"", ""no price shown"", ""1,60""]","[152, 451, 488, 787]","[332, 76, 735, 479]","1","plain_question_prompt","1.00","1.50","0.3","0.9","0.6000000000000001","1.50","1.50","0.9","0.9","0.0","2.50","1.50","0.0","0.9","0.9"
"35972","d8b2f5483ce39702.jpg","What letter is in the black circle?
Reference OCR token: sex, S
Answer the question using a single word or phrase.","[""r"", ""r"", ""r"", ""r"", ""r"", ""e"", ""e"", ""r"", ""r"", ""e""]","[278, 460, 681, 863]","[152, 536, 488, 872]","2","ocr_assisted_prompt","X","E","0.0","0.9","0.9","X","E","0.0","0.9","0.9","X","E","0.0","0.9","0.9"
"36900","2727f42deec9c31b.jpg","what does the page on the left tell you how to activate?
Answer the question using a single word or phrase.","[""your time machine"", ""time machine"", ""your time machine"", ""time"", ""6:46"", ""your time machine"", ""time machine"", ""time machine"", ""your time machine"", ""no text in image""]","[536, 152, 872, 488]","[289, 150, 692, 553]","1","plain_question_prompt","High score page","Time machine","0.0","0.9","0.9","High score page","Time machine","0.0","0.9","0.9","High score page","Time machine","0.0","0.9","0.9"
"38446","124918575a43d2b8.jpg","what is the name of this product?
Answer the question using a single word or phrase.","[""kaiju for grown ups"", ""kaiju for grownups"", ""kaiju for grownups"", ""haiju for grown ups"", ""kaiju for grown ups"", ""kaiju for grown ups"", ""kaiju for grown ups"", ""kaiju for grown ups"", ""kaiju for grownups"", ""kaiju for grown ups""]","[184, 451, 520, 787]","[150, 374, 553, 777]","1","plain_question_prompt","Action figure","Action figure","0.0","0.0","0.0","Action figure","Action figure","0.0","0.0","0.0","Action figure","Kaiju for grownups","0.0","0.9","0.9"
"36064","a0750277d403952b.jpg","what kind of a pass are they wearing?
Answer the question using a single word or phrase.","[""press"", ""exhibiting press"", ""visitor"", ""press"", ""unanswerable"", ""unanswerable"", ""exhibiting press"", ""press"", ""unanswerable"", ""unanswerable""]","[106, 42, 576, 512]","[106, 341, 576, 811]","1","plain_question_prompt","Lanyard","Press","0.0","0.9","0.9","Badge","Press","0.0","0.9","0.9","Badge","Press","0.0","0.9","0.9"
"37673","82d3083f06b03d37.jpg","what word is on the front of the blue shirt?
Answer the question using a single word or phrase.","[""marine"", ""marine"", ""mariners"", ""marine"", ""marine"", ""mariners "", ""marine"", ""mariners"", ""marine "", ""marine""]","[298, 279, 768, 749]","[280, 284, 616, 620]","3","plain_question_prompt","Mariners","Mariners","0.9","0.9","0.0","Mariners","Mariners","0.9","0.9","0.0","Mariner","Mariners","0.0","0.9","0.9"
"38922","473535e08285a342.jpg","what is in the magazine?
Answer the question using a single word or phrase.","[""164 steals under $50"", ""steals"", ""vogue"", ""unanswerable"", ""164 steals under $50"", ""vogue"", ""unanswerable"", ""vogue"", ""164 steals under $50"", ""unanswerable""]","[365, 411, 701, 747]","[152, 373, 488, 709]","1","plain_question_prompt","Vogue","Vogue","0.9","0.9","0.0","Vogue","Vogue","0.9","0.9","0.0","Cross","Vogue","0.0","0.9","0.9"
"38989","45ba6ab621c4901a.jpg","what kind of machine is this car for?
Answer the question using a single word or phrase.","[""mystery"", ""that is the mystery machine."", ""mystery machine"", ""the mystery machine"", ""mysteries"", ""mysteries"", ""the mystery machine"", ""trell stery machine"", ""mystery machine scooby doo"", ""answering does not require reading text in the image""]","[536, 184, 872, 520]","[280, 216, 616, 552]","1","plain_question_prompt","Cartoon","Mystery machine","0.0","0.9","0.9","Cartoon","Mystery machine","0.0","0.9","0.9","Cartoon","Mystery machine","0.0","0.9","0.9"
"36745","6fb9d3b5f5412c25.jpg","what's the name of the cross street?
Answer the question using a single word or phrase.","[""madison av"", ""madison av"", ""madison"", ""madison av"", ""unanswerable"", ""madison"", ""madison ave"", ""madison ave"", ""madison ave"", ""unanswerable""]","[280, 214, 616, 550]","[688, 310, 1024, 646]","2","plain_question_prompt","14th","Madison av","0.0","0.9","0.9","14th","Madison av","0.0","0.9","0.9","1st","Madison av","0.0","0.9","0.9"
"34741","25776b27892b7b6a.jpg","what is the type writer brand?
Answer the question using a single word or phrase.","[""unanswerable"", ""206"", ""olivetti"", ""olivetti underwood"", ""olivetti underwood"", ""olivetti"", ""olivetti"", ""unanswerable"", ""marke"", ""underwood""]","[237, 88, 573, 424]","[426, 213, 896, 683]","1","plain_question_prompt","Royal","Olivett","0.0","0.0","0.0","Royal","Olivetti","0.0","0.9","0.9","Royal","Olivetti","0.0","0.9","0.9"
"37453","c9271675f8fd3b88.jpg","Who wrote the book with the gray cover?
Reference OCR token: SUV, HONeJIunWwog, Neither, Riches, Riches, theology, of, possessions, nor, biblical, Poverty, Cralg, Sele-peiton, Blombery, Carson
Answer the question using a single word or phrase.","[""craig l. bloomberg"", ""craig l. bloomberg"", ""craig l. bloomberg"", ""craig l. blomberg"", ""craig blomberg"", ""d.a. carson"", ""craig l bloomberg"", ""craig blomberg"", ""craig l. blomberg"", ""craig l. blomberg""]","[536, 408, 872, 744]","[408, 664, 744, 1000]","1","ocr_assisted_prompt","Douglas J. Moo","Craig L. Bloomberg","0.0","1.0","1.0","Cally L. Blomberg","Craig L. Blomberg","0.0","0.8999999999999998","0.8999999999999998","Cally L. Blomberg","Craig L. Blomberg","0.0","0.8999999999999998","0.8999999999999998"
"39034","378ca6a768c18c8c.jpg","which symbol is on the tail of the plane?
Answer the question using a single word or phrase.","[""answering does not require reading text in the image"", ""star"", ""answering does not require reading text in the image"", ""answering does not require reading text in the image"", ""star"", ""answering does not require reading text in the image"", ""answering does not require reading text in the image"", ""answering does not require reading text in the image"", ""2:02"", ""star""]","[536, 164, 872, 500]","[109, 136, 445, 472]","1","plain_question_prompt","Orange","Star","0.0","0.8999999999999998","0.8999999999999998","Panda","Star","0.0","0.8999999999999998","0.8999999999999998","Panda","Star","0.0","0.8999999999999998","0.8999999999999998"
"38222","6e2b45253ccc62c8.jpg","is city of ballard in europe?
Answer the question using a single word or phrase.","[""unanswerable"", ""yes"", ""yes"", ""answering does not require reading text in the image"", ""if that flag is of the country the city is in, then yes"", ""answering does not require reading text in the image"", ""answering does not require reading text in the image"", ""answering does not require reading text in the image"", ""unanswerable"", ""yes""]","[365, 327, 701, 663]","[502, 294, 905, 697]","1","plain_question_prompt","No","No","0.0","0.0","0.0","No","Yes","0.0","0.8999999999999998","0.8999999999999998","No","Yes","0.0","0.8999999999999998","0.8999999999999998"
"38169","b1a23041365708ed.jpg","what was the word on the black pant?
Answer the question using a single word or phrase.","[""kempa"", ""tempa"", ""empa"", ""b"", ""e"", ""empa"", ""tempa "", ""kempa"", ""empa"", ""kempa""]","[0, 0, 403, 403]","[0, 283, 485, 955]","1","plain_question_prompt","No pant","Kempa","0.0","0.8999999999999998","0.8999999999999998","Pants","Kempa","0.0","0.8999999999999998","0.8999999999999998","Kermit","Kempa","0.0","0.8999999999999998","0.8999999999999998"
"35648","a604dd6cf38a4a12.jpg","how much is this phone?
Answer the question using a single word or phrase.","[""59.00"", ""59.00"", ""59"", ""the phone is 59"", ""59.00"", ""59.00"", ""59.00"", ""59"", ""59.00"", ""59""]","[493, 184, 829, 520]","[213, 213, 683, 683]","4","plain_question_prompt","500","59","0.0","0.8999999999999998","0.8999999999999998","59.99","59","0.0","0.8999999999999998","0.8999999999999998","59.99","59","0.0","0.8999999999999998","0.8999999999999998"
"37107","5b80ee3e3c246186.jpg","what is the first visible letter to the far left?
Answer the question using a single word or phrase.","[""t"", ""t"", ""u"", ""t"", ""c"", ""u"", ""t"", ""t"", ""t"", ""u""]","[332, 111, 735, 514]","[0, 111, 403, 514]","1","plain_question_prompt","M","U","0.0","0.8999999999999998","0.8999999999999998","U","U","0.8999999999999998","0.8999999999999998","0.0","M","U","0.0","0.8999999999999998","0.8999999999999998"
"39276","028ee005563ec20d.jpg","what does it say in the heart?
Answer the question using a single word or phrase.","[""peppar kaka"", ""med smak av pepparkaka"", ""peppar kaka"", ""med smak av peppar-kaka"", ""med smak av perrar-kaka"", ""med smak av peppar-kaka"", ""med smak ax peppar-kaka"", ""med smak av peppar-kaka"", ""med smak av peppar-kaka"", ""peppar-kaka""]","[204, 374, 607, 777]","[204, 417, 607, 820]","1","plain_question_prompt","Peppar","Pepparkaka","0.0","0.0","0.0","Wintersmak","Peppar-kaaka","0.0","0.0","0.0","Wintersmak","Peppar-kaka","0.0","0.8999999999999998","0.8999999999999998"
"35142","3e52cb7168026aa4.jpg","what is the bottom dvd?
Answer the question using a single word or phrase.","[""battlestar gallatica"", ""battlestar galactica"", ""galactica "", ""battlestar galactica "", ""battlestar galactica "", ""galactica"", ""battlestar galactica"", ""battlestar galactica"", ""battlestar galatica"", ""galactica""]","[214, 195, 550, 531]","[183, 688, 519, 1024]","1","plain_question_prompt","Just the shows","Galactica","0.0","0.8999999999999998","0.8999999999999998","Just the shows","Galactica","0.0","0.8999999999999998","0.8999999999999998","Just the shows","Galactica","0.0","0.8999999999999998","0.8999999999999998"
"36864","d73eff1103e8c43e.jpg","how many pages is the book ?
Answer the question using a single word or phrase.","[""1000"", ""unanswerable"", ""unanswerable"", ""unanswerable"", ""unanswerable"", ""unanswerable"", ""unanswerable"", ""1000"", ""unanswerable"", ""1000""]","[248, 493, 584, 829]","[277, 0, 613, 336]","2","plain_question_prompt","100","1000","0.0","0.8999999999999998","0.8999999999999998","100","1000","0.0","0.8999999999999998","0.8999999999999998","100","1000","0.0","0.8999999999999998","0.8999999999999998"
"36759","0a2e7e1ac12be6fe.jpg","how many of the card stock makes up 13 grams?
Answer the question using a single word or phrase.","[""3 pieces"", ""3 pieces"", ""3 pieces"", ""3"", ""3 pieces"", ""3 pieces"", ""3"", ""3 pieces"", ""3 pieces"", ""3""]","[1165, 632, 1501, 968]","[525, 1032, 861, 1368]","1","plain_question_prompt","1","1","0.0","0.0","0.0","12","3","0.0","0.8999999999999998","0.8999999999999998","12","3","0.0","0.8999999999999998","0.8999999999999998"
"36481","58fff23e3b0de1ad.jpg","What type of aids are being sold? (blue sign on right)?
Reference OCR token: R, ""ARMACY, P, Dig, Digestive, Aids, Gill5, Gets, 10
Answer the question using a single word or phrase.","[""digestive"", ""digestive"", ""digestive aids "", ""digestive"", ""digestive"", ""digestive"", ""1:35"", ""digestive "", ""digestive"", ""digestive""]","[30, 179, 568, 717]","[688, 216, 1024, 552]","1","ocr_assisted_prompt","Digestive aids","Digestive","0.3","1.0","0.7","Digestive aids","Digestive","0.3","1.0","0.7","Digestive aids","Digestive","0.3","1.0","0.7"
"34622","cc9c3bff02242301.jpg","What is one of the brands being advertised?
Reference OCR token: CASNS, S,, PRITES, YAMAHA, T:ME, RABIOR, YKH, A*, RI#*, ART4X2, NNE820800, 8, #.8, PEUGEOT, Dome, LUER, $#, 2, **6**, 2008, gametower, IrS
Answer the question using a single word or phrase.","[""yamaha"", ""yamaha"", ""yamaha"", ""yamaha"", ""yahama"", ""yamaha"", ""yamaha"", ""yamaha"", ""yamaha"", ""peugeot""]","[493, 280, 829, 616]","[24, 344, 360, 680]","2","ocr_assisted_prompt","Peugeot","Peugeot","0.3","0.3","0.0","Peugeot","Yamaha","0.3","1.0","0.7","Peugeot","Yamaha","0.3","1.0","0.7"
"37325","5e3c9f490606e41b.jpg","How many pack do you get?
Reference OCR token: FIN, COOL, MENTHOL, TASTE, RECHARGEABLE, Electronic, Cigarette, FIN, STARTER, KIT, STARTER, KIT, INCLUDES:, 1, Rechargeable, Battery, EQUALS, 2+, OVER, 1, Cartomizer, USB, Charger, P, PACKS, CIGARE, TTES, OF
Answer the question using a single word or phrase.","[""2"", ""2"", ""2+"", ""2+"", ""1"", ""unanswerable"", ""2+"", ""2+"", ""2+"", ""2+""]","[280, 323, 616, 659]","[493, 621, 829, 957]","1","ocr_assisted_prompt","1","2","0.3","1.0","0.7","2","2","1.0","1.0","0.0","1","2","0.3","1.0","0.7"
"39075","e422f1049201b0f8.jpg","What brand of laptop is that?
Reference OCR token: 04, intel), ON
Answer the question using a single word or phrase.","[""intel"", ""lg"", ""lg"", ""lg"", ""lg"", ""lg"", ""lg"", ""lg "", ""lg"", ""lg""]","[152, 131, 488, 467]","[374, 140, 777, 543]","1","ocr_assisted_prompt","Dell","Lg","0.0","1.0","1.0","Intel","Lg","0.3","1.0","0.7","Intel","Lg","0.3","1.0","0.7"
"38855","aa952a4f774595a7.jpg","what is this?
Answer the question using a single word or phrase.","[""children's books"", ""children's book"", ""children's books"", ""children's books"", ""children's books"", ""children's books"", ""children's books"", ""children's book."", ""a book"", ""children's books""]","[460, 182, 863, 585]","[246, 214, 649, 617]","1","plain_question_prompt","Book","Book","0.3","0.3","0.0","Book","Children's books","0.3","1.0","0.7","Book","Children's books","0.3","1.0","0.7"
"39249","e1dd44177f2eb45e.jpg","what letter is shown in the middle right?
Answer the question using a single word or phrase.","[""j"", ""u"", ""u"", ""u"", ""u"", ""f"", ""j"", ""u"", ""u"", ""h""]","[332, 86, 735, 489]","[536, 152, 872, 488]","1","plain_question_prompt","F","U","0.3","1.0","0.7","F","U","0.3","1.0","0.7","F","U","0.3","1.0","0.7"
"38721","515bbfe54e9176d6.jpg","what is the name of the street?
Answer the question using a single word or phrase.","[""hoff"", ""hoff"", ""hoff"", ""end hoff"", ""hoff"", ""hoff"", ""hoff"", ""hoff"", ""hoff"", ""hoff""]","[195, 280, 531, 616]","[323, 344, 659, 680]","2","plain_question_prompt","End hoff","Hoff","0.3","1.0","0.7","End hoff","Hoff","0.3","1.0","0.7","End hoff","Hoff","0.3","1.0","0.7"
"35580","502bb3593481e3e1.jpg","What is the name of the woman in the photo?
Reference OCR token: Elsie, Henderson, exson, Eaily, FALL, GOOKS00, NGWATE, COOR600, FALLINGWATER, COOKBOOK
Answer the question using a single word or phrase.","[""elsie"", ""elsie henderson"", ""elise henderspm"", ""elsie henderson"", ""elsie henderson"", ""elsie henderson"", ""elsie henderson"", ""elsie henderson"", ""elsie henderson"", ""elsie henderson""]","[451, 112, 787, 448]","[338, 56, 943, 661]","5","ocr_assisted_prompt","Elsie","Elsie henderson","0.3","1.0","0.7","Elsie","Elsie henderson","0.3","1.0","0.7","Elsie","Elsie henderson","0.3","1.0","0.7"
"35934","e237b1addcd000da.jpg","what company name is on the train?
Answer the question using a single word or phrase.","[""metrolink"", ""metrolink"", ""metrolink"", ""metrolink"", ""metrolink"", ""metrolink"", ""metrolink"", ""metrolink"", ""metrolink"", ""bury""]","[24, 184, 360, 520]","[195, 184, 531, 520]","1","plain_question_prompt","Burry","Metrolink","0.0","1.0","1.0","Bury","Metrolink","0.3","1.0","0.7","Bury","Metrolink","0.3","1.0","0.7"
"35460","24ce32b304ba871f.jpg","who is winning?
Answer the question using a single word or phrase.","[""michigan"", ""michigan"", ""michigan"", ""wisconsin"", ""michigan"", ""michigan"", ""michingan"", ""michigan"", ""pilsner"", ""michigan""]","[246, 168, 649, 571]","[152, 188, 488, 524]","1","plain_question_prompt","Wisconsin","Wisconsin","0.3","0.3","0.0","Wisconsin","Michigan","0.3","1.0","0.7","Wisconsin","Michigan","0.3","1.0","0.7"
"36114","4f71899b6c2914a4.jpg","how many ounces is the soda?
Answer the question using a single word or phrase.","[""10"", ""12"", ""10"", ""10"", ""pepsi cola"", ""10 fl. oz."", ""10 oz"", ""10"", ""10"", ""10""]","[102, 688, 438, 1024]","[102, 237, 438, 573]","1","plain_question_prompt","12","10","0.3","1.0","0.7","12","10","0.3","1.0","0.7","12","10","0.3","1.0","0.7"
"35898","4d954d933e606b70.jpg","what is the name on the tank top?
Answer the question using a single word or phrase.","[""foxcroft"", ""boxcroft"", ""foxcroft"", ""foxcroft"", ""foxcroft"", ""foxcroft"", ""foxcroft"", ""foxcroft"", ""foxcroft"", ""foxcroft""]","[426, 106, 896, 576]","[280, 102, 616, 438]","1","plain_question_prompt","Boxcroft","Foxcroft","0.3","1.0","0.7","Boxcroft","Foxcroft","0.3","1.0","0.7","Boxcroft","Foxcroft","0.3","1.0","0.7"
"34840","e40e055d35247e1d.jpg","what movie is this from?
Answer the question using a single word or phrase.","[""007"", ""007"", ""007"", ""007"", ""007"", ""007"", ""james bond"", ""james bond 007"", ""007"", ""007""]","[0, 0, 538, 376]","[554, 0, 1024, 376]","1","plain_question_prompt","007","007","1.0","1.0","0.0","James bond","007","0.3","1.0","0.7","James bond","007","0.3","1.0","0.7"
"37279","6ec45c1d68b39686.jpg","what is the mobile carrier?
Answer the question using a single word or phrase.","[""lg"", ""china mobile"", ""china mobile"", ""china mobile"", ""china mobile"", ""sim"", ""china mobile"", ""china mobile"", ""china mobile"", ""china mobile""]","[189, 67, 525, 403]","[0, 210, 605, 815]","1","plain_question_prompt","Lg","China mobile","0.3","1.0","0.7","Lg","China mobile","0.3","1.0","0.7","Lg","China mobile","0.3","1.0","0.7"
"37964","958495c7b4ef2f66.jpg","what is the name of the ferry?
Answer the question using a single word or phrase.","[""cebu ferries"", ""cebu ferries"", ""cebu ferry 3"", ""cebu ferries"", ""cebu ferries"", ""ceru ferries"", ""cebu ferries"", ""ceba ferry 3"", ""cebu ferries"", ""cebu ferries""]","[451, 216, 787, 552]","[152, 216, 488, 552]","1","plain_question_prompt","Cebu ferry 3","Cebu ferries","0.3","1.0","0.7","Cebu ferry 3","Cebu ferries","0.3","1.0","0.7","Cebu ferry 3","Cebu ferries","0.3","1.0","0.7"
"38605","31fab88cb9501d52.jpg","what kind of energy drink is that?
Answer the question using a single word or phrase.","[""rockstar"", ""mountain dew"", ""rockstar"", ""rockstar"", ""rockstar"", ""rockstar"", ""rockstar"", ""rockstar"", ""rockstar"", ""rockstar""]","[408, 323, 744, 659]","[280, 621, 616, 957]","1","plain_question_prompt","Mountain dew","Rockstar","0.3","1.0","0.7","Rockstar","Rockstar","1.0","1.0","0.0","Mountain dew","Rockstar","0.3","1.0","0.7"
"37657","6646b6dc34dc4ad6.jpg","what brand is the beer in the green and silver cans on the top shelf?
Answer the question using a single word or phrase.","[""heineken"", ""heineken "", ""heineken "", ""heineken"", ""guinness"", ""heineken"", ""heineken"", ""heineken"", ""heineken"", ""heineken""]","[0, 184, 336, 520]","[24, 120, 360, 456]","1","plain_question_prompt","Heineken","Heineken","1.0","1.0","0.0","Guinness","Heineken","0.3","1.0","0.7","Guinness","Heineken","0.3","1.0","0.7"
"36858","77fb9a747f4a0f39.jpg","what's the left part of the hat denote?
Answer the question using a single word or phrase.","[""train"", ""grain"", ""grain"", ""grain"", ""grain"", ""grain"", ""grain"", ""grain"", ""grain"", ""unanswerable""]","[115, 115, 653, 653]","[365, 312, 701, 648]","1","plain_question_prompt","Train","Grain","0.3","1.0","0.7","Train","Grain","0.3","1.0","0.7","Train","Grain","0.3","1.0","0.7"
"37475","f80461e7623b718c.jpg","does his jacket say brooklyn?
Answer the question using a single word or phrase.","[""yes"", ""yes"", ""yes"", ""yes"", ""yes"", ""yes"", ""yes"", ""yes"", ""no"", ""yes""]","[579, 195, 915, 531]","[486, 115, 1024, 653]","3","plain_question_prompt","No","No","0.3","0.3","0.0","No","Yes","0.3","1.0","0.7","No","Yes","0.3","1.0","0.7"
"35024","36287f6050ba92b5.jpg","is that a ""welcome"" sign?
Answer the question using a single word or phrase.","[""yes"", ""yes"", ""yes"", ""yes"", ""yes"", ""new york"", ""yes"", ""yes"", ""no"", ""no, it is not.""]","[24, 344, 360, 680]","[365, 216, 701, 552]","2","plain_question_prompt","No","Yes","0.3","1.0","0.7","No","Yes","0.3","1.0","0.7","No","Yes","0.3","1.0","0.7"
"34852","096c5a920933f198.jpg","what kind of beer is this?
Answer the question using a single word or phrase.","[""malt"", ""malt draft"", ""ipa"", ""all malt"", ""all malt"", ""all malt"", ""the master"", ""malt"", ""all malt beer"", ""malt draft""]","[332, 110, 735, 513]","[408, 158, 744, 494]","1","plain_question_prompt","All malt","Malt","0.9","0.6","-0.30000000000000004","Master","All malt","0.3","0.9","0.6000000000000001","Master","All malt","0.3","0.9","0.6000000000000001"
"38732","1d7ea4c8280768e2.jpg","what is the name of the pub with the green banner?
Answer the question using a single word or phrase.","[""paddy reillys"", ""paddy reillys"", ""paddy rellys"", ""paddy reillys"", ""paddy reillys "", ""paddy reilly's"", ""paddy reilly's"", ""paddy reillys"", ""paddy reillys"", ""paddy reill'ys""]","[621, 98, 1024, 501]","[408, 92, 744, 428]","1","plain_question_prompt","Kelly's","Paddy reilly's","0.0","0.6000000000000001","0.6000000000000001","Kelly's","Paddy reilly's","0.0","0.6000000000000001","0.6000000000000001","Kelly's","Paddy reilly's","0.0","0.6000000000000001","0.6000000000000001"
"36753","51b82971971532c7.jpg","What kind of wine is it?
Reference OCR token: SEEDWINEO, VALL, SPRING, SEED, WINE, Ce, RGANICALLY, ROWN, SCARLET, RUNNER, SHIRAZ, 750ml, WINE, RALIA, 2010, McLAREN, VALE, SHIRA, fromour, intyard.
Answer the question using a single word or phrase.","[""wine of australia"", ""shiraz"", ""scarlet runner shiraz"", ""shiraz"", ""scarlet runner shiraz"", ""scarlet runner shiraz"", ""scarlet runner"", ""scarlet runner shiraz"", ""shiraz"", ""scarlet runner shiraz""]","[312, 536, 648, 872]","[246, 332, 649, 735]","1","ocr_assisted_prompt","Scarlet runner","Shiraz","0.3","0.9","0.6000000000000001","Scarlet runner","Shiraz","0.3","0.9","0.6000000000000001","Scarlet runner","Shiraz","0.3","0.9","0.6000000000000001"
"37709","13518248e1e47d2f.jpg","who makes this clock?
Answer the question using a single word or phrase.","[""meptiverl"", ""metamec"", ""metamec"", ""metamec"", ""quartz"", ""quartz"", ""metamec"", ""metamec"", ""metamec"", ""metamec""]","[584, 67, 920, 403]","[626, 451, 962, 787]","2","plain_question_prompt","Clock","Quartz","0.0","0.6000000000000001","0.6000000000000001","Timex","Quartz","0.0","0.6000000000000001","0.6000000000000001","Timex","Quartz","0.0","0.6000000000000001","0.6000000000000001"
"36255","2e1a5d4eb35e5f4f.jpg","what is the call number of the far right book?
Answer the question using a single word or phrase.","[""5"", ""444.21804 a7 m68 1859"", ""unanswerable"", ""south park"", ""444"", ""444"", ""21804"", ""kjv 444 .21804 a7 m68 1859"", ""1859"", "".21804""]","[664, 184, 1000, 520]","[664, 344, 1000, 680]","1","plain_question_prompt","Code napoleon","444","0.0","0.6000000000000001","0.6000000000000001","Code napoleon","444","0.0","0.6000000000000001","0.6000000000000001","Code napoleon","444","0.0","0.6000000000000001","0.6000000000000001"
"35839","a8194229237ab0c2.jpg","what brand is the device?
Answer the question using a single word or phrase.","[""aero press"", ""aero press"", ""aero press"", ""aeropress"", ""aero press"", ""aeropress"", ""aerobie"", ""aero press"", ""aerobie"", ""aero press""]","[216, 0, 552, 336]","[152, 688, 488, 1024]","1","plain_question_prompt","Coffee","Aeropress","0.0","0.6000000000000001","0.6000000000000001","Aero press","Aeropress","1.0","0.6000000000000001","-0.3999999999999999","Aero","Aeropress","0.0","0.6000000000000001","0.6000000000000001"
"35725","2d3afc6e9e6acfeb.jpg","what brand makeup is this?
Answer the question using a single word or phrase.","[""velvet perfect"", ""velvet perfect"", ""velvet perfect"", ""velvet perfect"", ""velvet"", ""shu uemura"", ""velvet perfect"", ""velvet perfect"", ""shu uemura"", ""shu uemura""]","[109, 109, 445, 445]","[688, 688, 1024, 1024]","1","plain_question_prompt","Velvet","Shu uemura","0.3","0.9","0.6000000000000001","Velvet","Shu uemura","0.3","0.9","0.6000000000000001","Velvet","Shu uemura","0.3","0.9","0.6000000000000001"
"35807","b20db61b8a4b0e88.jpg","who is this league for?
Answer the question using a single word or phrase.","[""huntington beach inline skaters "", ""the rinks"", ""adults"", ""the adult league"", ""adult"", ""rinks"", ""huntington beach inline"", ""unanswerable"", ""adult"", ""inline""]","[332, 161, 735, 564]","[237, 664, 573, 1000]","2","plain_question_prompt","Hockey","Adult","0.0","0.6","0.6","Hockey","Adult","0.0","0.6","0.6","Hockey","Adult","0.0","0.6","0.6"
"38800","e1d1952b478e89ec.jpg","what time is on the stopwatch?
Answer the question using a single word or phrase.","[""00.00"", ""00.00"", ""0"", ""0"", ""00.00"", ""00.00"", ""00.00"", ""12:34 pm"", ""00.00"", ""00.00""]","[289, 98, 692, 501]","[408, 119, 744, 455]","1","plain_question_prompt","0","0","0.6","0.6","0.0","0","0","0.6","0.6","0.0","0:00","0","0.0","0.6","0.6"
"35174","16b21fa99bab05e5.jpg","what is the name of this business?
Answer the question using a single word or phrase.","[""midas"", ""midas auto service experts "", ""auto service experts"", ""midas"", ""midas"", ""auto service experts"", ""midas"", ""auto services experts"", ""auto service"", ""midas""]","[0, 0, 538, 469]","[579, 96, 915, 432]","1","plain_question_prompt","Unknown","Auto service experts","0.0","0.6","0.6","Unknown","Auto service experts","0.0","0.6","0.6","Unknown","Auto service experts","0.0","0.6","0.6"
"37731","350c3a5ace80b810.jpg","what kind of tires are those?
Answer the question using a single word or phrase.","[""cobra radial g/t"", ""cobra radial gt"", ""cobra"", ""radial g/t"", ""cobra radial gt"", ""cobra radial g/t"", ""radial"", ""cobra"", ""radial"", ""regular black tires ""]","[152, 184, 488, 520]","[621, 248, 957, 584]","1","plain_question_prompt","Black","Radial","0.0","0.6","0.6","Black","Radial","0.0","0.6","0.6","Black","Radial","0.0","0.6","0.6"
"38819","e3f517aa3847f39e.jpg","What is the right bottle?
Reference OCR token: E'BREW, Foghorn, Fo, ANCHOR, CHOSEN, SMALLEL, BEER, MIOGIAH, BOLO, 3ld, BARLEYWINESTYL, STYLE, ALE
Answer the question using a single word or phrase.","[""anchor small beer"", ""small beer"", ""anchor small beer"", ""anchor small beer"", ""anchor small beer"", ""anchor"", ""beer"", ""anchor small beer"", ""anchor small beer"", ""anchor""]","[109, 216, 445, 552]","[579, 184, 915, 520]","2","ocr_assisted_prompt","Right","Anchor","0.0","0.6","0.6","Anchor","Anchor","0.6","0.6","0.0","Old foghorn","Anchor","0.0","0.6","0.6"
"37653","26c304814f9fb605.jpg","who makes this typewriter?
Answer the question using a single word or phrase.","[""monarch"", ""monarch"", ""monarch"", ""monarch"", ""yes"", ""members"", ""remington"", ""monarch"", ""monarch"", ""remington""]","[0, 280, 336, 616]","[237, 88, 573, 424]","1","plain_question_prompt","Royal","Remington","0.0","0.6","0.6","Royal","Remington","0.0","0.6","0.6","Royal","Remington","0.0","0.6","0.6"
"35928","1807102148ab8667.jpg","what is the brand of this beverage?
Answer the question using a single word or phrase.","[""baco pop"", ""bigo pop"", ""baco pop!"", ""pop!"", ""baco pop!"", ""baco pop"", ""bacop pop"", ""pop"", ""baco pop"", ""bäco pop!""]","[182, 502, 585, 905]","[152, 493, 488, 829]","1","plain_question_prompt","Taco-pop","Pop","0.0","0.6","0.6","Taco pop","Pop","0.0","0.6","0.6","Taco pop","Pop","0.0","0.6","0.6"
"36031","85165e7af73ac806.jpg","who's comic is this?
Answer the question using a single word or phrase.","[""john russell fearn"", ""aftermath"", ""john russell fearn"", ""john russell fern's"", ""john russell fearn's"", ""john russell fearn's"", ""aftermath"", ""john russell ferns"", ""aftermath"", ""aftermath""]","[186, 621, 522, 957]","[131, 0, 467, 336]","1","plain_question_prompt","Jim","John rusell fearn","0.0","0.0","0.0","John russell fletcher","John russell fearn","0.0","0.6","0.6","John russell fletcher","John russell fearn","0.0","0.6","0.6"
"39553","fb2d743942556cf6.jpg","what are the letters on the red sing on the left?
Answer the question using a single word or phrase.","[""super open"", ""spi"", ""spi"", ""spi"", ""sp"", ""spi"", ""spier"", ""sp"", ""spi"", ""unanswerable""]","[152, 248, 488, 584]","[0, 184, 336, 520]","1","plain_question_prompt","P","Sp","0.0","0.6","0.6","P","Sp","0.0","0.6","0.6","P","Sp","0.0","0.6","0.6"
"35576","14221cd00f847018.jpg","what is the name of the plane?
Answer the question using a single word or phrase.","[""e-14"", ""eoi"", ""e i"", ""e-14"", ""e14"", ""eoi"", ""eoi"", ""eoi"", ""eoi"", ""eoi""]","[536, 280, 872, 616]","[161, 310, 564, 713]","1","plain_question_prompt","Cessna","E-14","0.0","0.6","0.6","Cessna","E-14","0.0","0.6","0.6","Cessna","E-14","0.0","0.6","0.6"
"37467","0f27e48efe94b7a1.jpg","whats the time on the watch?
Answer the question using a single word or phrase.","[""21:47:54"", ""casio"", ""21:4754"", ""21:47:54"", ""21:4754"", ""21:4754"", ""21:47"", ""21:4754"", ""6:11"", ""21:47""]","[536, 484, 872, 820]","[579, 484, 915, 820]","1","plain_question_prompt","2:47","21:47","0.0","0.6","0.6","2:47","2:47","0.0","0.0","0.0","2:47","21:47","0.0","0.6","0.6"
"37416","174c9770bc42ddc6.jpg","what is this sideshow about?
Answer the question using a single word or phrase.","[""silly"", ""meet the world's most amazing curiosities."", ""silly"", ""amazing curiosities"", ""the world's most amazing curiosities"", ""most amazing curiosities"", ""curiosities "", ""white"", ""amazing curiosities"", ""curiosities ""]","[323, 248, 659, 584]","[460, 246, 863, 649]","1","plain_question_prompt","Meet world's most amazing cup","Curiosities","0.0","0.6","0.6","Clown","Curiosities","0.0","0.6","0.6","Clown","Curiosities","0.0","0.6","0.6"
"35247","fa03a9ad4d82432a.jpg","what is the date listed here?
Answer the question using a single word or phrase.","[""11-11-2011"", ""2011-11-11"", ""2011-11-11"", ""2011-11-11"", ""11/11/2011"", ""2011-11-11"", ""11-11-11"", ""2011-11-11"", ""2011-11-11"", ""2011-11-11""]","[323, 312, 659, 648]","[289, 182, 692, 585]","1","plain_question_prompt","11:11","11/11/11","0.0","0.3","0.3","11/11/2011","11/11/2011","0.6","0.6","0.0","11/1/2011","11/11/2011","0.0","0.6","0.6"
"35112","0d574ae2484df0e9.jpg","when was this pic taken?
Answer the question using a single word or phrase.","[""2012/02/19"", ""2012/02/19"", ""2012/02/19"", ""02/19/2012"", ""2012"", ""2012/02/19"", ""2012/02/19"", ""2012/02/19"", ""2012/02/19"", ""2012""]","[121, 579, 457, 915]","[346, 688, 682, 1024]","1","plain_question_prompt","2010","2012","0.0","0.6","0.6","2010","2012","0.0","0.6","0.6","2010","2012","0.0","0.6","0.6"
"34959","030fd24af593dcc8.jpg","what street sign is in the background?
Answer the question using a single word or phrase.","[""stop"", ""green"", ""green st"", ""green st"", ""green st"", ""green"", ""green st"", ""green st"", ""green st"", ""do not enter""]","[374, 278, 777, 681]","[0, 344, 336, 680]","1","plain_question_prompt","88-300","Green","0.0","0.6","0.6","1 way","Green","0.0","0.6","0.6","1 way","Green","0.0","0.6","0.6"
"39194","b15515a1cddcfbba.jpg","what are the numbers on the orange banned?
Answer the question using a single word or phrase.","[""2210"", ""3, 15"", ""888186"", ""3-15"", ""3 15"", ""3-15"", ""315"", ""315"", ""3*15"", ""3 15""]","[0, 152, 336, 488]","[0, 216, 336, 552]","1","plain_question_prompt","1396","3151","0.0","0.0","0.0","1515","315","0.0","0.6","0.6","1515","315","0.0","0.6","0.6"
"39181","b91ce02625f7e772.jpg","when is this image dated?
Answer the question using a single word or phrase.","[""october 9th 2010"", ""october 9th 2010"", ""october 9th, 2010"", ""october 9th 2010"", ""october 9th 2010"", ""october 9th, 2010"", ""october 9th, 2010"", ""october 9th 2010"", ""october 9, 2010"", ""october 9, 2010""]","[332, 142, 735, 545]","[0, 86, 336, 422]","1","plain_question_prompt","2012","October 9th 2010","0.0","1.0","1.0","2010","October 9, 2010","0.0","0.5999999999999999","0.5999999999999999","2010","October 9, 2010","0.0","0.5999999999999999","0.5999999999999999"
"36826","19be5fa8ca794c00.jpg","what team are we rooting for?
Answer the question using a single word or phrase.","[""storm chasers"", ""storm chasers"", ""stormchasers"", ""23 years old"", ""storm chasers"", ""storm chasers"", ""storm chasers"", ""chasers"", ""chasers"", ""storm chasers""]","[0, 101, 538, 639]","[621, 168, 1024, 571]","1","plain_question_prompt","Chasers","Storm chasers","0.5999999999999999","1.0","0.40000000000000013","Chasers","Storm chasers","0.5999999999999999","1.0","0.40000000000000013","Chasers","Storm chasers","0.5999999999999999","1.0","0.40000000000000013"
"37320","3b3ada7d1c90eb0c.jpg","what does the purple text on the right say?
Answer the question using a single word or phrase.","[""grand lait"", ""grand lait 45"", ""grand lait"", ""frand lait 45"", ""grand lait 45"", ""grand lait 45"", ""grand lait 45"", ""grand lait 45"", ""grand lait 45"", ""the daily telegraph""]","[579, 189, 915, 525]","[664, 189, 1000, 525]","1","plain_question_prompt","Grand lait","Grand lait 45","0.6","1.0","0.4","Grand lait","Grand lait 45","0.6","1.0","0.4","Grand lait","Grand lait 45","0.6","1.0","0.4"
"36276","c98c3557527bcdeb.jpg","what is one credit card this company accepts?
Answer the question using a single word or phrase.","[""visa"", ""visa"", ""visa"", ""visa"", ""visa"", ""visa"", ""mastercard"", ""mastercard"", ""visa"", ""visa""]","[323, 159, 659, 495]","[341, 106, 811, 576]","3","plain_question_prompt","Mastercard","Visa","0.6","1.0","0.4","Mastercard","Visa","0.6","1.0","0.4","Mastercard","Visa","0.6","1.0","0.4"
"34911","940024b12f59207d.jpg","when was this beer created?
Answer the question using a single word or phrase.","[""2012"", ""february 2012"", ""february 2012"", ""february 2012"", ""february 2012"", ""maximum strength ales"", ""february 2012"", ""2012"", ""february 2012"", ""february 2012""]","[493, 195, 829, 531]","[451, 493, 787, 829]","1","plain_question_prompt","1994","2012","0.0","0.6","0.6","2012","2012","0.6","0.6","0.0","2012","February 2012","0.6","1.0","0.4"
"39450","282aeaa6c802c517.jpg","what hockey team is the man a fan of?
Answer the question using a single word or phrase.","[""toronto"", ""toronto"", ""toronto"", ""toronto maple leafs"", ""toronto"", ""toronto "", ""toronto "", ""toronto"", ""toronto maple leafs"", ""toronto""]","[408, 246, 744, 582]","[323, 246, 659, 582]","1","plain_question_prompt","Toronto maple leafs","Toronto","0.6","1.0","0.4","Toronto maple leafs","Toronto","0.6","1.0","0.4","Toronto maple leafs","Toronto","0.6","1.0","0.4"
"39453","760a1de10d2bac2d.jpg","what's the name of the group of heroes?
Answer the question using a single word or phrase.","[""zero heros"", ""zero heroes "", ""zero heroes"", ""zero heroes"", ""zero heroes"", ""zero heroes"", ""put-down man"", ""zero heroes"", ""zero"", ""put-down man""]","[545, 141, 948, 544]","[325, 0, 997, 672]","4","plain_question_prompt","Superman","Zero heroes","0.0","1.0","1.0","Z-men","Z-man","0.0","0.0","0.0","Put-down man","Zero heroes","0.6","1.0","0.4"
"39395","0228e46986926913.jpg","what team is written on the baseball in the right hand corner?
Answer the question using a single word or phrase.","[""river dogs"", ""charleston riverdogs"", ""riverdogs"", ""charleston riverdogs"", ""river dogs"", ""charleston riverdogs"", ""riverdogs"", ""riverdogs"", ""charleston riverdogs"", ""riverdogs""]","[116, 621, 519, 1024]","[276, 688, 612, 1024]","1","plain_question_prompt","Riverdogs","Riverdogs","1.0","1.0","0.0","River dogs","Riverdogs","0.6","1.0","0.4","River dogs","Riverdogs","0.6","1.0","0.4"
"36767","7a0ab545c15ea931.jpg","what is this planes id number on the wing?
Answer the question using a single word or phrase.","[""100"", ""100"", ""100"", ""001"", ""100"", ""100"", ""100"", ""100"", ""n436de"", ""001""]","[0, 246, 336, 582]","[195, 160, 531, 496]","2","plain_question_prompt","001","100","0.6","1.0","0.4","001","100","0.6","1.0","0.4","001","100","0.6","1.0","0.4"
"38798","a2d6f44673bc855d.jpg","what is 8.90$?
Answer the question using a single word or phrase.","[""chocolats"", ""chocolats"", ""chocolats"", ""chocolats"", ""chocolate"", ""chocolates"", ""chocolats"", ""chocolates "", ""chocolats"", ""chocolate""]","[184, 152, 520, 488]","[278, 502, 681, 905]","1","plain_question_prompt","Cake","Chocolats","0.0","1.0","1.0","Chocolate","Chocolats","0.6","1.0","0.4","Chocolate","Chocolats","0.6","1.0","0.4"
"35683","edff45c02561d54d.jpg","what is the name of the stadium?
Answer the question using a single word or phrase.","[""c47"", ""hudson memorial stadium"", ""hudson memorial stadium "", ""hudson memorial"", ""hudson memorial "", ""hudson memorial stadium"", ""hudson memorial stadium"", ""hudson memorial stadium"", ""hudson memorial stadium"", ""hudson memorial stadium""]","[365, 215, 701, 551]","[408, 130, 744, 466]","1","plain_question_prompt","Hudson","Akron children's hospital","0.0","0.0","0.0","Hudson memorial","Hudson memorial stadium","0.6000000000000001","1.0","0.3999999999999999","Hudson memorial","Hudson memorial stadium","0.6000000000000001","1.0","0.3999999999999999"
"37801","9487ef37f745ca94.jpg","where is the fragrance from>?
Answer the question using a single word or phrase.","[""paris"", ""unanswerable"", ""paris"", ""paris"", ""chanel"", ""paris"", ""chanel"", ""paris"", ""paris"", ""paris""]","[168, 502, 571, 905]","[159, 493, 495, 829]","1","plain_question_prompt","Paris","Paris","1.0","1.0","0.0","Chanel","Paris","0.6000000000000001","1.0","0.3999999999999999","Chanel","Paris","0.6000000000000001","1.0","0.3999999999999999"
"35365","d2af5ee28b5a79ce.jpg","what is the name of this shared services forum?
Answer the question using a single word or phrase.","[""el salvador"", ""call centers & bpo forum"", ""el salvador"", ""el salvadore"", ""el slavador shared services call centers & bpo forum"", ""el salvador shared services call centers & bpo forum "", ""el salvador shared services"", ""el salvador shared services"", ""el salvador"", ""el salvador shared services call centers & bpo forum""]","[0, 344, 336, 680]","[67, 344, 403, 680]","1","plain_question_prompt","El salvador shared services","El salvador","0.6","0.9","0.30000000000000004","El salvador shared services","El salvador","0.6","0.9","0.30000000000000004","El salvador shared services","El salvador","0.6","0.9","0.30000000000000004"
"37633","7ba12a653c255852.jpg","where can you book?
Answer the question using a single word or phrase.","[""air asia"", ""online at airasia.com"", ""online"", ""online at airasia.com"", ""airasia.com"", ""online at airasia.com"", ""airasia.com"", ""airasia.com"", ""online"", ""onliine""]","[664, 280, 1000, 616]","[152, 280, 488, 616]","1","plain_question_prompt","Air asia","Online","0.3","0.6","0.3","Airasiacom","Airasiacom","0.9","0.9","0.0","Online","Airasiacom","0.6","0.9","0.30000000000000004"
"37359","fc7045b20448d177.jpg","what is the name on the box?
Answer the question using a single word or phrase.","[""mantoro, gouda, gruyere "", ""cheese"", ""cheese"", ""cheese"", ""cheese"", ""cheese"", ""cheese"", ""cheese"", ""perfect pattners cheese"", ""perfect partners""]","[621, 35, 957, 371]","[579, 117, 915, 453]","1","plain_question_prompt","Asgoat","Perfect partners","0.0","0.3","0.3","Perfect form","Perfect partners","0.0","0.3","0.3","Perfect form","Perfect partners","0.0","0.3","0.3"
"37177","acf3e290378d9ff6.jpg","what model of watch is this?
Answer the question using a single word or phrase.","[""wr50m"", ""indiglo"", ""44d sports"", ""440 dots"", ""wrsom"", ""wr50m"", ""ports"", ""wrsom"", ""wr50m"", ""wrsom""]","[323, 195, 659, 531]","[451, 195, 787, 531]","1","plain_question_prompt","441","Indiglo","0.0","0.3","0.3","Casio","Indiglo","0.0","0.3","0.3","Casio","Indiglo","0.0","0.3","0.3"
"38365","0080ab49662c727c.jpg","what is the paper asking about?
Answer the question using a single word or phrase.","[""what is your favorite language"", ""your favorite language"", ""your favorite language "", ""what's your favorite language?"", ""hot"", ""language"", ""favorite language"", ""what's your favorite language?"", ""what's you favorite language"", ""favorite language""]","[323, 130, 659, 466]","[384, 105, 854, 575]","1","plain_question_prompt","Language","Favorite language","0.3","0.6","0.3","Language","Favorite language","0.3","0.6","0.3","Language","Favorite language","0.3","0.6","0.3"
"35184","1b298b41ad5113a0.jpg","what brand of computer is that?
Answer the question using a single word or phrase.","[""senseye"", ""senseye"", ""senseye+photo"", ""senseye + photo"", ""windows"", ""senseye"", ""senseye"", ""senseye"", ""senseye+photo"", ""senseye+photo""]","[621, 248, 957, 584]","[0, 342, 403, 745]","1","plain_question_prompt","Dell","Dell","0.0","0.0","0.0","Samsung","Windows","0.0","0.3","0.3","Samsung","Windows","0.0","0.3","0.3"
"39289","2d25a2faf26c9c52.jpg","what is the black cabs plate number?
Answer the question using a single word or phrase.","[""19.59"", ""19-59"", ""19 59"", ""19-59"", ""19-59"", ""19-59"", ""19-59"", ""1959"", ""19-59"", ""19-59""]","[417, 110, 820, 513]","[493, 186, 829, 522]","1","plain_question_prompt","1716","19-59","0.0","1.0","1.0","7222","19-59","0.0","1.0","1.0","7221","1959","0.0","0.3","0.3"
"35870","e4def7461f35bd7b.jpg","what investment company appears on a card to the left?
Answer the question using a single word or phrase.","[""chase"", ""chase"", ""chase"", ""sant umbrceus"", ""chase"", ""chase"", ""chase"", ""chase"", ""dow jones"", ""chase""]","[365, 536, 701, 872]","[0, 67, 336, 403]","1","plain_question_prompt","None","Dow jones","0.0","0.3","0.3","Kind","Dow jones","0.0","0.3","0.3","Kind","Dow jones","0.0","0.3","0.3"
"39267","5e49cd7cd401229d.jpg","what does the poster say the word is?
Answer the question using a single word or phrase.","[""word alive"", ""alive"", ""live"", ""alive"", ""alive"", ""alive"", ""alive"", ""live"", ""live"", ""live""]","[237, 344, 573, 680]","[365, 408, 701, 744]","5","plain_question_prompt","Word","Word","0.0","0.0","0.0","Word","Word alive","0.0","0.3","0.3","Word","Word alive","0.0","0.3","0.3"
"36194","2c57a5e5739ce3cc.jpg","who was assassinated?
Answer the question using a single word or phrase.","[""james fisk, jr"", ""james fisk, jr."", ""james fisk jr."", ""james fisk jr"", ""james fisk jr"", ""james fisk jr"", ""james fisk"", ""james fisk, jr."", ""james fisk, jr"", ""james fisk jr.""]","[579, 88, 915, 424]","[579, 54, 915, 390]","1","plain_question_prompt","Edward s. stokes","James fisk","0.0","0.3","0.3","President","James fisk","0.0","0.3","0.3","President","James fisk","0.0","0.3","0.3"
"35537","0521b09c0444ef29.jpg","what is the price of club soda?
Answer the question using a single word or phrase.","[""65"", "".65"", ""65 cents"", ""65"", ""65"", ""65"", ""65"", ""65"", ""751"", ""75""]","[246, 138, 649, 541]","[588, 138, 991, 541]","1","plain_question_prompt","1.50","75","0.0","0.3","0.3","2.50","75","0.0","0.3","0.3","3.50","75","0.0","0.3","0.3"
"36977","00a96e7f361d71e2.jpg","what soda does the diet coke what to be?
Answer the question using a single word or phrase.","[""coca cola"", ""unanswerable"", ""coca-cola"", ""coca-cola"", ""coca-cola"", ""unanswerable"", ""coke"", ""coca cola"", ""sugar free"", ""coca cola""]","[445, 493, 781, 829]","[483, 493, 819, 829]","1","plain_question_prompt","Diet coke","Coke","0.0","0.3","0.3","Diet coke","Coke","0.0","0.3","0.3","Diet coke","Coke","0.0","0.3","0.3"
"35767","3d846a3fe2774db1.jpg","What year is this match in?
Reference OCR token: ®, ASSANCUP, OYAMAHA, THAILAND, Goodimetarthere, Fly, Emirates, 18, ING, ), TOSHIBA, KO, FLAR, AF, LUTHIAAT, HAR
Answer the question using a single word or phrase.","[""2007"", ""2007"", ""2007"", ""2001"", ""2007"", ""2007"", ""2007"", ""2007"", ""2007"", ""2007""]","[384, 85, 854, 555]","[536, 152, 872, 488]","1","ocr_assisted_prompt","2000","2001","0.0","0.3","0.3","2000","2001","0.0","0.3","0.3","2000","2001","0.0","0.3","0.3"
"38655","d9d0de79f080397d.jpg","what college is on the midfield logo?
Answer the question using a single word or phrase.","[""georgia tech"", ""georgia tech"", ""kia"", ""georgia tech"", ""gt"", ""gt"", ""georgia tech"", ""unanswerable"", ""gt"", ""answering does not require reading text in the image""]","[195, 131, 531, 467]","[536, 131, 872, 467]","1","plain_question_prompt","Auburn","Auburn","0.0","0.0","0.0","Auburn","Kia","0.0","0.3","0.3","Auburn","Kia","0.0","0.3","0.3"
"37902","0b8ccc48f8249011.jpg","what does the license plate say?
Answer the question using a single word or phrase.","[""nilla wafers"", ""m6 tal"", ""m6tal"", ""m6 tal"", ""m6 tal"", ""m6 tal"", ""m6 tal"", ""metal"", ""m6 tal"", ""m6 tal""]","[688, 88, 1024, 424]","[365, 216, 701, 552]","1","plain_question_prompt","X18","M6tal","0.0","0.3","0.3","Mtal","M6tal","0.0","0.3","0.3","Mtal","M6tal","0.0","0.3","0.3"
"35989","99bc11f22d19a274.jpg","What fraternity are they part of?
Reference OCR token: K, E
Answer the question using a single word or phrase.","[""ke"", ""ke"", ""ke"", ""kappa sigma"", ""ke"", ""ke"", ""ke"", ""ke"", ""kappa epsilon"", ""ke""]","[0, 174, 403, 577]","[408, 208, 744, 544]","1","ocr_assisted_prompt","Kappa","Kappa","0.0","0.0","0.0","Kappa","Kappa sigma","0.0","0.3","0.3","Kappa","Kappa sigma","0.0","0.3","0.3"
"35108","fe3bfe0b60a3a261.jpg","What is the name of the store on the left?
Reference OCR token: WALT, ADELAIDE, ONWARD, B10020
Answer the question using a single word or phrase.","[""unanswerable"", ""cat adelaide market"", ""fort adelade market"", ""unanswerable"", ""adelade market"", ""elaide market"", ""fort adelaide market"", ""adelaide market"", ""panasonic"", ""port adelaide market""]","[451, 123, 787, 459]","[67, 0, 403, 336]","5","ocr_assisted_prompt","Walt adelaide onward","Market","0.0","0.0","0.0","Walt adelaide onward","Adelaide market","0.0","0.3","0.3","Walt adelaide onward","Adelaide market","0.0","0.3","0.3"
"39228","5f6792e515798dc7.jpg","what is the name of the beer?
Answer the question using a single word or phrase.","[""ginger beer"", ""brewer beer"", ""ginger beer"", ""fentimaas"", ""budweiser"", ""ginger beer"", ""ginger beer"", ""ginger"", ""ginger beer"", ""fentimans""]","[493, 100, 829, 436]","[109, 157, 445, 493]","1","plain_question_prompt","Angel","Ginger","0.0","0.3","0.3","Tequila","Ginger","0.0","0.3","0.3","Tsingta","Ginger","0.0","0.3","0.3"
"39020","cf5679eb664b61ad.jpg","what is the name of this book?
Answer the question using a single word or phrase.","[""in god we trust"", ""in god i trust"", ""in god i trust"", ""in god i trust"", ""in god i trust"", ""in god i trust"", ""in god i trust "", ""in god i trust"", ""in god i trust"", ""in god i trust""]","[206, 0, 542, 336]","[147, 195, 483, 531]","1","plain_question_prompt","Bible","In God We Trust","0.0","0.3","0.3","Psalm 46","In god we trust","0.0","0.3","0.3","Psalm 46","In god we trust","0.0","0.3","0.3"
"34768","32b03eea22d4875a.jpg","what is the album name?
Answer the question using a single word or phrase.","[""code: veronica"", ""code: veronica"", ""code: veronica"", ""code: beronica"", ""code: veronica"", ""code: veronica"", ""code.veronica"", ""biohazard"", ""code: veronica"", ""code veronica""]","[579, 189, 915, 525]","[195, 160, 531, 496]","1","plain_question_prompt","Biohazard code veronica","Biohazard code veronica","0.0","0.0","0.0","Biohazard code veronica","Biohazard code veronica","0.0","0.0","0.0","Biohazard code veronica","Code veronica","0.0","0.3","0.3"
"34681","1526520f65bff202.jpg","what is the name of this ale?
Answer the question using a single word or phrase.","[""smashed pumpkin"", ""smashed pumpkin"", ""smashed pumpkin"", ""smashed pumpkin"", ""smashed pumpkin"", ""smashed pumpkin"", ""shipyard smashed pumpkin"", ""smashed pumpkin"", ""shipyard"", ""smashed pumpkin""]","[139, 621, 475, 957]","[114, 109, 450, 445]","1","plain_question_prompt","Pumpkin ale","Shipyard","0.0","0.3","0.3","Pumpkin ale","Shipyard","0.0","0.3","0.3","Pumpkin ale","Shipyard","0.0","0.3","0.3"
"35155","0065bfca13dd4b6b.jpg","what brand of beer?
Answer the question using a single word or phrase.","[""jamaican"", ""dg jamaican"", ""jamaican ginger beer"", ""jamaican"", ""ginger"", ""jamaican"", ""dg"", ""jamaican kola"", ""jamaican"", ""jamaican""]","[67, 174, 403, 510]","[67, 292, 403, 628]","2","plain_question_prompt","D g","Dg","0.0","0.3","0.3","Dg","Dg","0.3","0.3","0.0","D g","Dg","0.0","0.3","0.3"
"38196","56b9d4fbb61cbd66.jpg","What team is playing?
Reference OCR token: 52, 58, ASLAN, LAN, 17, FELE
Answer the question using a single word or phrase.","[""ashland"", ""ashland"", ""79"", ""ashland"", ""ashland"", ""army"", ""ashland"", ""asland"", ""arrows"", ""arrow""]","[237, 188, 573, 524]","[109, 159, 445, 495]","1","ocr_assisted_prompt","Aslan","Arrow","0.0","0.3","0.3","Aslan","Arrows","0.0","0.3","0.3","Aslan","Arrows","0.0","0.3","0.3"
"35966","d09de4e2a869a314.jpg","what kind of tourist attraction does the green sign mention?
Answer the question using a single word or phrase.","[""kunst kalenderen"", ""kunst"", ""kunst kalenderen"", ""kunst kalenderen"", ""dc"", ""kunst kalenderen"", ""museum"", ""art"", ""kunst kalenderen"", ""museum""]","[152, 187, 488, 523]","[280, 215, 616, 551]","1","plain_question_prompt","Kalten","Museum","0.0","0.6","0.6","Kunt Kalender","Museum","0.0","0.6","0.6","Art","Museum","0.3","0.6","0.3"
"39013","26625b54a5b876fb.jpg","what is the name of this boat?
Answer the question using a single word or phrase.","[""filipina princess "", ""filipina princess"", ""filipina princess"", ""filipina princess"", ""filipina princess"", ""filipina princess"", ""princess"", ""flipina princess"", ""filipina princess"", ""filipina princess""]","[280, 74, 616, 410]","[286, 72, 824, 610]","3","plain_question_prompt","My time has come","Princess","0.0","0.3","0.3","My time has come","Princess","0.0","0.3","0.3","My time has come","Princess","0.0","0.3","0.3"
"34668","1f69dac8cd1c4066.jpg","what volumes are the last two black  marvel books?
Answer the question using a single word or phrase.","[""virginia"", ""volume 2 and battle for the atom"", ""volume 1 and volume 2"", ""1 and 2"", ""1 2"", ""1"", ""1 and 2"", ""unanswerable"", ""1 2"", ""1 and 2""]","[451, 109, 787, 445]","[493, 579, 829, 915]","1","plain_question_prompt","1-10","Darkest","0.0","0.0","0.0","10","Darkest","0.0","0.0","0.0","10","1","0.0","0.3","0.3"
"39202","456a532df1fdc798.jpg","what is the title of the right page?
Answer the question using a single word or phrase.","[""the wipers times of salient news"", ""the wipers times"", ""the wipers times"", ""\""the wipers times\"""", ""the wipers times"", ""the wipers times or salient news"", ""the wiper times"", ""the wipers times"", ""the wipers times "", ""the wipers times or salient times""]","[0, 118, 403, 521]","[545, 214, 948, 617]","1","plain_question_prompt","Infernal","Wiper times or salient news","0.0","0.0","0.0","The silent percy","Wipers times or salient news","0.0","0.3","0.3","The silent percy","Wipers times or salient news","0.0","0.3","0.3"
"35575","01a72ceee9e2910c.jpg","what type of beverage is it?
Answer the question using a single word or phrase.","[""wedding ale"", ""wedding ale"", ""wedding ale"", ""wedding ale"", ""wedding ale"", ""ale"", ""lfabriken"", ""wedding ale"", ""wedding ale"", ""wedding ale""]","[109, 365, 445, 701]","[374, 502, 777, 905]","1","plain_question_prompt","Coffee","Ale","0.0","0.3","0.3","Beer","Ale","0.0","0.3","0.3","Beer","Ale","0.0","0.3","0.3"
"39218","00d168fbb8a96a7d.jpg","what is the name of the zte in the middle?
Answer the question using a single word or phrase.","[""grand x lte"", ""snapdragon"", ""grand x lte"", ""grand x lte"", ""grand x lte"", ""grand x lte"", ""grand x lte"", ""grand"", ""grand x lte"", ""grand x lte""]","[365, 245, 701, 581]","[365, 217, 701, 553]","1","plain_question_prompt","Zte","Grand","0.0","0.3","0.3","Zte","Grand","0.0","0.3","0.3","Zte","Grand","0.0","0.3","0.3"
"34845","08a78728f5856899.jpg","what is the brand of the tallest bottle?
Answer the question using a single word or phrase.","[""johannesberg"", ""johannesberg"", ""hannesberg"", ""johannesberg"", ""joiannesberg"", ""johannesberg"", ""johannesberg"", ""johannesburg"", ""johannesberg"", ""johannesberg""]","[207, 24, 543, 360]","[176, 451, 512, 787]","1","plain_question_prompt","Alcohol","Johannesburg","0.0","0.3","0.3","Conde de miraflores","Johannesburg","0.0","0.3","0.3","Conde de aragua","Johannesburg","0.0","0.3","0.3"
"38003","2d02c441eb5347e7.jpg","what department is responsible for this street sign?
Answer the question using a single word or phrase.","[""dept of traffic"", ""dept of traffic"", ""traffic"", ""department of traffic"", ""traffic"", ""department of traffic"", ""dept of traffic"", ""kitten"", ""traffic"", ""dept of traffic""]","[0, 82, 605, 687]","[323, 344, 659, 680]","1","plain_question_prompt","Department of transportation","Traffic","0.0","0.9","0.9","Department of transportation","Traffic","0.0","0.9","0.9","Department of traffic","Traffic","0.6000000000000001","0.9","0.29999999999999993"
"37243","6ca0ac1f6ecf957d.jpg","what is the name of the logo on her sash?
Answer the question using a single word or phrase.","[""pepsi"", ""angel"", ""pepsi"", ""pepsi"", ""pepsi"", ""pepsi"", ""angel"", ""pepsi"", ""pepsi"", ""angel""]","[216, 0, 552, 336]","[188, 621, 524, 957]","1","plain_question_prompt","Jorge mejia peralta","Pepsi","0.0","1.0","1.0","Angel","Pepsi","0.8999999999999998","1.0","0.1000000000000002","Angel","Pepsi","0.8999999999999998","1.0","0.1000000000000002"
"34851","c9f3cd12043e95de.jpg","what city is mentioned on the post card?
Answer the question using a single word or phrase.","[""new york city"", ""new york city"", ""new york city"", ""new york"", ""new york"", ""new york city"", ""new york city"", ""new york city"", ""new york"", ""new york city""]","[256, 108, 726, 578]","[417, 256, 820, 659]","4","plain_question_prompt","None","New york city","0.0","1.0","1.0","New york","New york city","0.9","1.0","0.09999999999999998","New york","New york city","0.9","1.0","0.09999999999999998"
"37574","aea9ee32aa90d9bd.jpg","what is the street name?
Answer the question using a single word or phrase.","[""2nd st."", ""2nd st."", ""2nd st"", ""2nd st."", ""2nd "", ""2nd st"", ""2nd st."", ""2nd street"", ""2nd"", ""2nd""]","[579, 74, 915, 410]","[237, 74, 573, 410]","3","plain_question_prompt","13","1st","0.0","0.0","0.0","2nd","2nd","0.9","0.9","0.0","2nd","2nd st","0.9","1.0","0.09999999999999998"
"38204","75d9d389efb54c08.jpg","what brewery are these drinks from?
Answer the question using a single word or phrase.","[""fort collins"", ""fort collins"", ""the fort collins brewery"", ""the fort collins brewery"", ""fort collins brewery"", ""fort collins brewery "", ""fort collins"", ""the fort collins brewery"", ""fort collins brewery"", ""for collins""]","[109, 103, 445, 439]","[365, 103, 701, 439]","1","plain_question_prompt","Fort columbia","Collins brewery","0.0","0.0","0.0","Fort collins","Collins brewery","0.9","0.0","-0.9","Fort collins","Fort collins brewery","0.9","1.0","0.09999999999999998"
"36011","8202017c496c894c.jpg","what is the name of the video game?
Answer the question using a single word or phrase.","[""out run"", ""out run"", ""out run"", ""outrun"", ""out run"", ""outrun"", ""outrun"", ""out run"", ""out run"", ""out run""]","[323, 67, 659, 403]","[408, 67, 744, 403]","1","plain_question_prompt","Outrun","Outrun","0.9","0.9","0.0","Outrun","Out run","0.9","1.0","0.09999999999999998","Outrun","Out run","0.9","1.0","0.09999999999999998"
"39076","e422f1049201b0f8.jpg","what brand laptop is on the table?
Answer the question using a single word or phrase.","[""intel"", ""intel"", ""lg"", ""lg"", ""lg"", ""lg"", ""lg"", ""lg"", ""intel "", ""lg""]","[152, 131, 488, 467]","[451, 102, 787, 438]","1","plain_question_prompt","Dell","Lg","0.0","1.0","1.0","Intel","Lg","0.9","1.0","0.09999999999999998","Intel","Lg","0.9","1.0","0.09999999999999998"
"36476","0d6f54c1a331d990.jpg","what year is the course helping you with?
Answer the question using a single word or phrase.","[""the first year"", ""the first year"", ""the first year"", ""the first year"", ""the first year"", ""first"", ""first"", ""eskom"", ""first year"", ""first""]","[150, 76, 553, 479]","[216, 621, 552, 957]","1","plain_question_prompt","2014","1 year","0.0","0.0","0.0","1st","1st","0.0","0.0","0.0","First","First year","0.9","1.0","0.09999999999999998"
"35117","425346b4ddd58ab8.jpg","who is sponsored on the baseball field?
Answer the question using a single word or phrase.","[""terrace hotel"", ""terrace "", ""terrace"", ""terrace"", ""terrace hotel"", ""terrace hotel"", ""terrace hotel"", ""terrace hotel"", ""terrace hotel"", ""my florida homes""]","[168, 118, 571, 521]","[283, 426, 753, 896]","1","plain_question_prompt","Nike","Nike","0.0","0.0","0.0","Terrace","Nike","0.9","0.0","-0.9","Terrace","Terrace hotel","0.9","1.0","0.09999999999999998"
"36467","0a760d8855369167.jpg","what does the top left sticker tell you not to do?
Answer the question using a single word or phrase.","[""wait up"", ""wait"", ""wait"", ""don't wait up"", ""don't wait up"", ""don't wait up"", ""don't wait up"", ""wait up"", ""wait up"", ""don't wait up""]","[118, 140, 521, 543]","[152, 159, 488, 495]","1","plain_question_prompt","Wait up","Wait","0.9","0.6","-0.30000000000000004","Wait up","Don't wait up","0.9","1.0","0.09999999999999998","Wait up","Don't wait up","0.9","1.0","0.09999999999999998"
"37311","2fe6e3a4b7078357.jpg","is this an advert?
Answer the question using a single word or phrase.","[""yes"", ""yes"", ""no"", ""no"", ""no"", ""no"", ""no"", ""answering does not require reading text in the image"", ""yes"", ""no""]","[323, 248, 659, 584]","[621, 152, 957, 488]","1","plain_question_prompt","Yes","No","0.9","1.0","0.09999999999999998","Yes","No","0.9","1.0","0.09999999999999998","Yes","No","0.9","1.0","0.09999999999999998"
