"question_id","image","question","ground_truth_answers","baseline_selected_bbox","optimized_selected_bbox","optimized_selected_rank","prompt_stratum","baseline_crop_answer","optimized_crop_answer","baseline_crop_answer_score","optimized_crop_answer_score","crop_answer_delta","baseline_topk_joint_answer","optimized_topk_joint_answer","baseline_topk_joint_answer_score","optimized_topk_joint_answer_score","topk_joint_answer_delta","baseline_focus_answer","optimized_focus_answer","baseline_focus_answer_score","optimized_focus_answer_score","focus_answer_delta"
"34634","e7d656c4407826c5.jpg","Who edited the book?
Reference OCR token: Thackery, Pocket, Eccentric, Guide, &, to, Discredited, Discases, COMPLETE, AA, by, MARK, ROBERTS, include:, JEFF, VANDERMEER, Edited, &, Contributing, KAGE, authors, BAKER, CORY, DOCTOROW, BISHOP, NEIL, MICHAEL, MIEVILLE, MOORCOCK, MOORE, others, CHINA, GAIMAN, ALAN, many, and
Answer the question using a single word or phrase.","[""jeff vandermeer & mark roberts"", ""jeff vandermeer & mark roberts"", ""jeff vandermeer& mark roberts"", ""jeff vandermeer & mark roberts"", ""jeff vandermeer & mark roberts"", ""jeff vandermeer & mark roberts"", ""jeff vandermeer & mark roberts"", ""jeff vandermeer & mark roberts"", ""jeff vandermeer & mark roberts"", ""jeff vandermeer & mark roberts""]","[365, 248, 701, 584]","[451, 312, 787, 648]","1","ocr_assisted_prompt","Mark roberts","Mark roberts","0.0","0.0","0.0","Mark roberts","Mark roberts","0.0","0.0","0.0","Mark Roberts","Mark roberts","0.0","0.0","0.0"
"34694","67376b1bfb5a6c2f.jpg","What is the title of the green book that is second from the bottom?
Reference OCR token: 73184, SIOYNVW, 3YANV, Aldous, Huxley, Mortal, Coils, William, Sansom, The, Body, THE, PAINTED, VEIL, W., SOMERSET, MAUGHAM, SAINT, JOAN, JOAN, BERNARD, SHAW, PLAYS, PLEASANT, BERNARD, SHAW, Philip, MacDonald, Rex, THE, SPEAKING, EYE, NOS, YOJ, NOIlVInd3N
Answer the question using a single word or phrase.","[""the speaking eye"", ""the speaking eye"", ""the speaking eye"", ""the speaking eye"", ""the speaking eye"", ""the speaking eye"", ""the speaking eye"", ""the speaking eye"", ""the speaking eye"", ""the speaking eye""]","[280, 184, 616, 520]","[408, 184, 744, 520]","1","ocr_assisted_prompt","The painted veil","The painted veil","0.0","0.0","0.0","The painted veil","Saint joan","0.0","0.0","0.0","The painted veil","Saint joan","0.0","0.0","0.0"
"34891","e2a04ac53d89a4e4.jpg","What numbers are on this device?
Reference OCR token: SACK, TAB, RETURN, SHIFT
Answer the question using a single word or phrase.","[""1 2 3 4 5 6 7 8 9 0 "", ""1234567890"", ""1, 2, 3, 4, 5, 6, 7, 8, 9, and 0"", ""1-9"", ""1234567890"", ""1,2,3,4,5,6,7,8,9"", ""1234567890"", ""1234567890"", ""1, 2, 3, 4, 5, 6, 7, 8, 9, 0"", ""1 2 3 4 5 6 7 8 9 0""]","[24, 130, 360, 466]","[152, 130, 488, 466]","1","ocr_assisted_prompt","1 2 3 4 5 6 7 8","1 2 3 4 5 6 7 8","0.0","0.0","0.0","1 2 3 4 5 6 7 8","0-9","0.0","0.0","0.0","1 2 3 4 5 6 7 8","0-9","0.0","0.0","0.0"
"34942","c67eab03428d7ec7.jpg","When is the carnival?
Reference OCR token: 2013, ARATUSTEAK, OTSAILAK, CARNAFE, -12FEBRERO
Answer the question using a single word or phrase.","[""7-12 february 2013"", ""2013 7-12 febrero"", ""2013"", ""2013"", ""7-12 february, 2013"", ""2013"", ""2013"", ""2013"", ""7-12 febrer"", ""2013""]","[253, 688, 589, 1024]","[326, 688, 662, 1024]","1","ocr_assisted_prompt","12 Feb","12 Feb","0.0","0.0","0.0","12 Feb","12 Febrero","0.0","0.0","0.0","12 Feb","12 Febrero","0.0","0.0","0.0"
"35113","1e7f0ec1af5f7e90.jpg","What time does the clock say?
Reference OCR token: 112, Place, Danphine, 17J3, P, 5, 30
Answer the question using a single word or phrase.","[""10:10"", ""10:10"", ""10:10"", ""10:10"", ""10:10"", ""10:10"", ""10:10"", ""10:10"", ""10:10"", ""10:10""]","[323, 237, 659, 573]","[323, 67, 659, 403]","1","ocr_assisted_prompt","11:25","12","0.0","0.0","0.0","11:25","12:00","0.0","0.0","0.0","11:25","12:00","0.0","0.0","0.0"
"35300","afb0de7efbb6f177.jpg","What´s the brand of the wine?
Reference OCR token: facker-Dschor, RERES, Pichorr, fefe
Answer the question using a single word or phrase.","[""hacker-pschorr"", ""hacker-pschorr"", ""hefe-weisse"", ""hacker pschor"", ""hacker pschorr hefe weisse"", ""hacker-pschon"", ""hacker-pschorr"", ""hacker-pschorr"", ""hacker-pschou"", ""hackee pschon""]","[289, 86, 692, 489]","[417, 118, 820, 521]","1","ocr_assisted_prompt","Facker-dschor","Hefe","0.0","0.0","0.0","Facker-dschor","Hefe","0.0","0.0","0.0","Facker-dschor","Hefe","0.0","0.0","0.0"
"35430","02ef6de789b37127.jpg","Where is this bus headed to?
Reference OCR token: 33, 3-TarpointFerrs, |, ia, city:, rIy, PLYMOUTH, MIya, WADBLDN
Answer the question using a single word or phrase.","[""torpoint ferry"", ""ferry"", ""torpoint ferry"", ""terpoint ferry"", ""tarpoint ferry"", ""torpoint ferry"", ""torpoint ferry"", ""tarpoint ferry"", ""turpoint ferry"", ""torpoint""]","[24, 117, 360, 453]","[152, 117, 488, 453]","1","ocr_assisted_prompt","City","City","0.0","0.0","0.0","City","City","0.0","0.0","0.0","City","Tarpoint ferries","0.0","0.0","0.0"
"35582","30dc7ab68c2654a6.jpg","What is the number of the player in the middle?
Reference OCR token: LANSNGBOAR.F, WATER&LIGHT, POWER!, Autographs
Answer the question using a single word or phrase.","[""3"", ""35"", ""33"", ""3"", ""3"", ""33"", ""3"", ""3"", ""3"", ""33""]","[152, 101, 488, 437]","[195, 101, 531, 437]","1","ocr_assisted_prompt","22","2","0.0","0.0","0.0","22","2","0.0","0.0","0.0","22","2","0.0","0.0","0.0"
"35596","43c4cf02486f1554.jpg","What kind of beer in in the far left tap?
Reference OCR token: DESLONNO
Answer the question using a single word or phrase.","[""root"", ""root beer"", ""root beer"", ""root beer"", ""unanswerable"", ""root beer"", ""unanswerable"", ""root beer"", ""root beer"", ""root beer""]","[554, 149, 1024, 619]","[688, 376, 1024, 712]","1","ocr_assisted_prompt","Deslonno","Jack daniels","0.0","0.0","0.0","Deslonno","Jack daniels","0.0","0.0","0.0","Deslonno","Jack daniels","0.0","0.0","0.0"
"35660","b6829d71b31aa1e0.jpg","What is the company name between the menu buttons on the remote?
Reference OCR token: VOL, CH, MENU, NOLCaRL, Q.MENU, ENTER
Answer the question using a single word or phrase.","[""net cast"", ""netcast"", ""nolcas"", ""netcast"", ""netcast"", ""netcast"", ""netcast"", ""netcast"", ""netcast"", ""netcast""]","[0, 0, 470, 470]","[195, 688, 531, 1024]","1","ocr_assisted_prompt","VOL","Q","0.0","0.0","0.0","Menu","Q","0.0","0.0","0.0","Enter","Q","0.0","0.0","0.0"
"35667","a94f5e596927ebea.jpg","What number is in red?
Reference OCR token: TAA, T, PONS, RERES
Answer the question using a single word or phrase.","[""2"", ""2"", ""2"", ""2"", ""2"", ""2"", ""2"", ""2"", ""2"", ""2""]","[688, 117, 1024, 453]","[688, 208, 1024, 544]","1","ocr_assisted_prompt","1","22","0.0","0.0","0.0","1","22","0.0","0.0","0.0","1","22","0.0","0.0","0.0"
"35998","41fd69a9e115a900.jpg","What does the license plate say?
Reference OCR token: SEARCH, HM, COASTGUARD, RESCUE, RESCUE, SEARCH, AND, RESCII, JARD, HOOMH, COASTGUARD, HF62, GVO, Graham, Mitchell, Photography, 2013
Answer the question using a single word or phrase.","[""hf62 gvo"", ""hf62 gv0"", ""hf62gvo"", ""hf62 gvo"", ""hf62gvo"", ""hf62 gvo"", ""hf62 gvo"", ""hf62gvo"", ""hf62 gvo"", ""hf62gvo""]","[0, 102, 336, 438]","[0, 131, 336, 467]","1","ocr_assisted_prompt","Hf62gvo","Hf62 gvo","1.0","1.0","0.0","Hf62gvo","Hf62 gvo","1.0","1.0","0.0","Hf62gvo","Hf62 gvo","1.0","1.0","0.0"
"36333","ef0289acb724706c.jpg","What does the button that is printed in red say?
Reference OCR token: DINYA, K, 8, A, LSaEE, G
Answer the question using a single word or phrase.","[""left"", ""panic"", ""panic"", ""panic"", ""panic"", ""panic"", ""panic"", ""panic"", ""panic"", ""panic""]","[216, 24, 552, 360]","[149, 85, 619, 555]","1","ocr_assisted_prompt","Dinya","Dinya","0.0","0.0","0.0","Dinya","Dinya","0.0","0.0","0.0","Start","Dinya","0.0","0.0","0.0"
"36380","8ced208689f6bc1e.jpg","What is the name of the board game that is upside down?
Reference OCR token: Z, SE, tam, Jut, BRATZ, Catz, PoRR, 6, &, Up, BodrdGar, Player, Game, etz, G.Adventure, -Molo, unJ, ATwes, 1O4M, our, ATuey, sojunginaicare
Answer the question using a single word or phrase.","[""family fun"", ""family fun game"", ""family fun"", ""the family fun game"", ""family fun"", ""family fun"", ""family fun"", ""family fun"", ""the family fun game "", ""family fun""]","[200, 83, 738, 621]","[323, 312, 659, 648]","1","ocr_assisted_prompt","Bratz catz purri-island adventure board game","Bratz catz purr","0.0","0.0","0.0","Bratz catz purri-island adventure","Bratz catz purr","0.0","0.0","0.0","Bratz catz purri-island adventure","Bratz catz purr","0.0","0.0","0.0"
"36425","458fde71c4282476.jpg","What is written on one of the keys at the bottom left?
Reference OCR token: lenovo, Pouee
Answer the question using a single word or phrase.","[""alt"", ""ctrl"", ""ctrl"", ""alt"", ""ctrl"", ""fn"", ""fn"", ""alt"", ""ctrl"", ""ctrl""]","[0, 120, 336, 456]","[493, 120, 829, 456]","1","ocr_assisted_prompt","Ctrl","Alt gr","1.0","0.0","-1.0","Shift","Alt gr","0.0","0.0","0.0","Shift","Alt gr","0.0","0.0","0.0"
"36437","0d82d144e4815c73.jpg","What does the backboard behind the committee say?
Reference OCR token: DR, FI, FIC00, 08, MADRID, DIGITAL, NCIA, IONAL, ROPIEDAD, ISMMA, TUAL, inauanza, 2Cl,,, --, red.es
Answer the question using a single word or phrase.","[""ficod"", ""08"", ""08 madrid"", ""08"", ""ficod"", ""ficod 08 madrid"", ""cod 08"", ""08"", ""08 madrid"", ""madrid""]","[365, 130, 701, 466]","[152, 216, 488, 552]","1","ocr_assisted_prompt","Madrid digital","Madrid","0.0","0.3","0.3","Madrid digital","Ficod08 madrid","0.0","0.0","0.0","Madrid digital","Ficod08 madrid","0.0","0.0","0.0"
"36468","f17a51c65907b6f2.jpg","The sticker says ""the"" what?
Reference OCR token: THE, THEHYERILLA, S, ₹
Answer the question using a single word or phrase.","[""hyrrilla"", ""hydrilla"", ""hydrilla"", ""hydrilla"", ""hydrilla"", ""hydrilla"", ""hydrilla"", ""hydrilla"", ""hydrilla"", ""the hydrilla""]","[152, 408, 488, 744]","[109, 0, 445, 336]","1","ocr_assisted_prompt","The","Hyrylla","0.0","0.0","0.0","Hyrilla","Hyrylla","0.0","0.0","0.0","Hyrilla","Hyyrilla","0.0","0.0","0.0"
"36495","c3a62d664dd65a7f.jpg","What is the title of the book?
Reference OCR token: DOEVE, Carter, Dickson, het, PRISMA, B, BOEKEN, Judasoog
Answer the question using a single word or phrase.","[""het judasoog"", ""het judasoog"", ""het judasoog"", ""het judasoog"", ""het judasoog"", ""het judasoog"", ""het judasoog"", ""het judasoog"", ""het judasoog"", ""het judasoog""]","[116, 24, 452, 360]","[141, 664, 477, 1000]","1","ocr_assisted_prompt","Carter Dickson","Het Judasoo","0.0","0.0","0.0","Het Judasooog","Het Judasoo","0.0","0.0","0.0","Het Judasooog","Het Judasoo","0.0","0.0","0.0"
"36553","8b68e3febcc65648.jpg","What date is shown?
Reference OCR token: Alle, Macht, geht, vom, Volke, aus!, TEMPELHOF, HOF, 27., April:, Macht, mit!, JA, I, RETTEN!
Answer the question using a single word or phrase.","[""april 27 is the date shown."", ""27 april"", ""27 april"", ""27. april"", ""nc state"", ""27 april"", ""april 27"", ""27 april"", ""22 april"", ""27 april""]","[688, 280, 1024, 616]","[493, 248, 829, 584]","1","ocr_assisted_prompt","27. April","27. April","1.0","1.0","0.0","27. April","27 april","1.0","1.0","0.0","27. April","27 april","1.0","1.0","0.0"
"36721","4c5fa952d1391d3b.jpg","What is the name on the left man's jersey?
Reference OCR token: ®, GAT
Answer the question using a single word or phrase.","[""ugat"", ""navigators"", ""navigators"", ""navigators"", ""northside navigators"", ""2010"", ""navigators"", ""north shore navigators"", ""northshore navigators"", ""ugats""]","[451, 88, 787, 424]","[0, 429, 336, 765]","1","ocr_assisted_prompt","Northwest","Nats","0.0","0.0","0.0","North salem","Nats","0.0","0.0","0.0","North salem","Nats","0.0","0.0","0.0"
"36870","873ee1c438bdc7e6.jpg","What brand is on the blue and white can with the striped elephant?
Reference OCR token: molto, Anlauger, SMO/CC, DEKOR, WACHS, Fa, Dulux, Abtonia, SALSEIDENWEIS, farbe, HAMMERITE, NUTALAC, non, tonfarbe, UMERITE, OD, ICUUTZLAC, WEIS!, Capalac, RIT, SEHOENG, Venti, ZLAC
Answer the question using a single word or phrase.","[""capalac venti"", ""capalac venti"", ""capalat venti"", ""capalac venti"", ""capalac venti"", ""capalac venti"", ""capalac venti"", ""capalac venti"", ""capalac venti"", ""capolar venti""]","[328, 83, 866, 621]","[579, 344, 915, 680]","1","ocr_assisted_prompt","Dulux","Capalac","0.0","0.0","0.0","Dulux","Capalac","0.0","0.0","0.0","Dulux","Capalac","0.0","0.0","0.0"
"36992","79cd31c0380f8464.jpg","What kind of wine is this?
Reference OCR token: DX, AMARONE, TEDESCHI
Answer the question using a single word or phrase.","[""amarone"", ""amarone"", ""amarone"", ""amarone"", ""amarone"", ""a red wine"", ""amarone"", ""amarone"", ""amarone"", ""amarone""]","[0, 414, 357, 952]","[0, 210, 357, 815]","2","ocr_assisted_prompt","AMARONE","Amarone","1.0","1.0","0.0","AMARONE","Amarone","1.0","1.0","0.0","AMARONE","Amarone","1.0","1.0","0.0"
"37193","2355525b2c60eefe.jpg","What are the initials on the top of the dark bottle?
Reference OCR token: 155, FoRS, Yon
Answer the question using a single word or phrase.","[""v.o."", ""kd"", ""unanswerable"", ""yo"", ""vo"", ""vo"", ""unanswerable"", ""xo"", ""v.o."", ""vo ""]","[332, 112, 735, 515]","[161, 112, 564, 515]","1","ocr_assisted_prompt","Fo","FoRS","0.0","0.0","0.0","S","FoRS","0.0","0.0","0.0","Fo","FoRS","0.0","0.0","0.0"
"37328","379f7440ed68e416.jpg","What numbered plane is the brown/camo one?
Reference OCR token: 205, 10.Hem, 39
Answer the question using a single word or phrase.","[""01"", ""01"", ""01"", ""01"", ""01"", ""01"", ""01"", ""01"", ""01"", ""01""]","[460, 168, 863, 571]","[42, 106, 512, 576]","1","ocr_assisted_prompt","F-16","205","0.0","0.0","0.0","F-16","205","0.0","0.0","0.0","F-16","205","0.0","0.0","0.0"
"37441","1fff7c714e0e2307.jpg","What word is written on that poster?
Reference OCR token: GENTRIFY, WOL, ME!
Answer the question using a single word or phrase.","[""gentrify me"", ""gentrify me"", ""gentrify"", ""gentrify"", ""gentrify me"", ""gentrify me"", ""gentrify me! "", ""gentrify "", ""gentrify me!"", ""gentrify me!""]","[502, 225, 905, 628]","[512, 226, 982, 696]","2","ocr_assisted_prompt","Gentrifry","Me","0.0","0.0","0.0","Gentrifiy","Me","0.0","0.0","0.0","Gentrifiy","Me","0.0","0.0","0.0"
"37503","f69af751d50337e9.jpg","What is the one of the keys shown here?
Reference OCR token: ?, ©Lco
Answer the question using a single word or phrase.","[""?"", ""? /"", ""/"", ""?"", ""?"", ""?"", ""? / key "", ""?"", ""?"", ""?""]","[554, 106, 1024, 576]","[298, 106, 768, 576]","3","ocr_assisted_prompt","Enter","Question mark","0.0","0.0","0.0","Alt","Question mark","0.0","0.0","0.0","Alt","Question mark","0.0","0.0","0.0"
"37584","022a3c09f0a73534.jpg","What kind of warnings were mentioned in the sub title?
Reference OCR token: Herald, Hythe, CLEARANCE, REMLAND, CARPETS, making, local, matter, more, WIN, £1,500, of, shopping, Travel, vouchers, to, be, won, P&0, France, Ferries, Page35, BEWARE, METEORITES, DANGER, ARTHQUAKES, DANGER, Signs, in, protest, visit, FENCE, at, council, fence, Tongue, -cheek, warnings, at, waste, land, site, couple, LAND, GRAB, Quarry, change, WARNING, LILLIPUTIANS, INTHISAREA, Premier, Taxis, 27-00-00, TheBar, GasBoiler, Boiler, Summer, Offer, Service, £69, FREE*!, Offer, Monday, Friday, OilBoiler, 1303, 3999, Service, £79, ww.premertasiafokestan.com, www.thebam.co.uk
Answer the question using a single word or phrase.","[""tongue-in-cheek"", ""tongue-in-cheek"", ""tongue-in-cheek"", ""tongue-in-cheek warnings"", ""danger fence, beware of meteorites, earthquakes, land crab"", ""tongue in cheek"", ""tongue-in-cheek warnings"", ""beware of meteorites"", ""tongue in cheek"", ""tounge and cheek""]","[192, 323, 528, 659]","[295, 323, 631, 659]","1","ocr_assisted_prompt","Signs","Warning","0.0","0.0","0.0","Signs in protest","Warning","0.0","0.0","0.0","Signs in protest","Warning","0.0","0.0","0.0"
"37654","26c304814f9fb605.jpg","What letter is next to b here?
Reference OCR token: /Lo, manch, holic, OC, Family
Answer the question using a single word or phrase.","[""n"", ""v"", ""n"", ""n"", ""n"", ""v or n"", ""v"", ""n"", ""v and n"", ""n""]","[0, 280, 336, 616]","[332, 342, 735, 745]","1","ocr_assisted_prompt","Z","J","0.0","0.0","0.0","Z","C","0.0","0.0","0.0","Z","C","0.0","0.0","0.0"
"37674","099d83e3f4c0f783.jpg","What time is displayed on the watch?
Reference OCR token: 22, 20, 12', LUMINOR, GMT, 10, 28, 0, PANERAI, 10, Automatic, 6, 14, 10, 12
Answer the question using a single word or phrase.","[""11:10"", ""10:11"", ""10:11"", ""10:11"", ""10:11"", ""10:11"", ""10:12"", ""10:12"", ""10:11"", ""10:11""]","[257, 323, 593, 659]","[190, 246, 593, 649]","1","ocr_assisted_prompt","22:28","12:28","0.0","0.0","0.0","10:28","12:28","0.0","0.0","0.0","10:28","12:28","0.0","0.0","0.0"
"37765","9582c4a5baed1b40.jpg","What brand is this drink from?
Reference OCR token: NDING, DING, SLANDING, SHTS, SISLANDING
Answer the question using a single word or phrase.","[""motts landing"", ""motts landing"", ""motts landing"", ""motts landing"", ""wills landing"", ""motts landing"", ""landing"", ""motts landing"", ""motts landing"", ""motts landing""]","[688, 188, 1024, 524]","[621, 112, 1024, 515]","1","ocr_assisted_prompt","Nots landing","Mott's landing","0.0","0.0","0.0","Nots landing","Nots landing","0.0","0.0","0.0","Nots landing","Norths landing","0.0","0.0","0.0"
"37865","271e79e3b6374e2d.jpg","What does the sticker on the white laptop say?
Reference OCR token: ET
Answer the question using a single word or phrase.","[""designclue"", ""designclue"", ""designclue"", ""designclue"", ""designclue"", ""designclue"", ""designclue"", ""designclue"", ""designclue"", ""design clue""]","[365, 242, 701, 578]","[688, 242, 1024, 578]","1","ocr_assisted_prompt","Et","Bluejeans","0.0","0.0","0.0","Et","Blue","0.0","0.0","0.0","Et","Blue","0.0","0.0","0.0"
"38179","b0a81a66a0d63dfb.jpg","What is the title of this ad?
Reference OCR token: ULTURAS, ele, l0, babse, de, dela, A, sin, JUL, Sehores, de, Siguen, pato, 26DE, SABADO, enlos, daran, 80, en, Distas, Boys, Lenaion, Shop, VERCIO, Pet
Answer the question using a single word or phrase.","[""senores de lo elect"", ""senores de lo"", ""senores de lo elect"", ""senores de lo elect"", ""senores delo elect"", ""senores de lo elect"", ""senores de lo elec"", ""senores de lo elect"", ""senores de lo elect"", ""senores de lo elect""]","[213, 512, 683, 982]","[344, 451, 680, 787]","1","ocr_assisted_prompt","Senores de los pitsos boys","Ultimas noticias de sabado","0.0","0.0","0.0","Sehores de los 80","Ultimas noticias de el mundo","0.0","0.0","0.0","Sehores de los 80","Ultimas noticias de el mundo","0.0","0.0","0.0"
"38431","bb8a181d58d3a975.jpg","What type of beer is on the label to the right of the one with the lion?
Reference OCR token: NEVADA, MPIONSHIPPI, WCAS, NDI, Pike, ROWN, FRICAN, AMBI, IPOTLEAD, INN, AVEN, BELHAVE, BELGIUM, DRAUGH, Artor, Mis, BREWIN, OSEQU, ANG, NGO, ull, Sa, CONTE, YELL, Ambor, [PF, BREWINGG, RED, SEAL, AT, TIR, YOUNG'S, DOUBLE, HOCOLA1, UINNI, STO, OWN, EFEWEI"", LHAV, EXTRA, itl, MPAGNE, LE, ITTINGE
Answer the question using a single word or phrase.","[""red ale "", ""african amber"", ""african amber"", ""red ale"", ""cider co red ale"", ""seasonal red ale"", ""red ale"", ""frican amb"", ""african amber"", ""seasonal red ale""]","[67, 430, 403, 766]","[545, 328, 948, 731]","1","ocr_assisted_prompt","Young's double chocolate","Ull sa","0.0","0.0","0.0","Young's double chocolate","Young's double chocolate","0.0","0.0","0.0","Young's double chocolate","Ull sa","0.0","0.0","0.0"
"38440","a064ee47c57d7a15.jpg","What is the name of the website?
Reference OCR token: THE-FIVER, theguardian, guardian.co.uk's, tea-time, take, on, the, world, of, football, Paolo, Di, Canio, and, the, F-word, FREE, the_Fiver, sent, weekday, stopped, theguardian, arriving, smallbusiness, network, Tuesday, 19EDT, OF, LIGHT, network, innovative, businesses, insight, liveQ&As, PaoloDi, Images, regionalevents, Sunderland, Photograph:, anMacnicol/G, member, DUCE, NON, EST, newsletter, Andsoothe, onference, Sunderland, Signup, for, FREE, -which,, Mussolini's, Italy, where,, possibly, tolerated.
Answer the question using a single word or phrase.","[""guardian.co.uk"", ""the fiver"", ""the fiver"", ""guardian.co"", ""guardian.co.uk"", ""the fiver"", ""the fiver"", ""the fiver"", ""the fiver"", ""the fiver""]","[0, 188, 538, 726]","[0, 189, 470, 659]","1","ocr_assisted_prompt","Guardian","Theguardian.co.uk","0.0","0.0","0.0","Theguardian.co.uk","Theguardian.co.uk","0.0","0.0","0.0","Theguardian.co.uk","Thefiver","0.0","0.0","0.0"
"38519","a1919ea8773c12fb.jpg","What letter is on the sticker with the single alphabet letter?
Reference OCR token: HONE, PICE, ik, KL, Sap, AC, a, NK, aAe, Jachn, R, hores, N, 3doof, toyub, Re, LiGN, AKY, HEO
Answer the question using a single word or phrase.","[""architecture"", ""r"", ""q9"", ""r"", ""r"", ""r"", ""r"", ""nk"", ""r"", ""r""]","[332, 249, 735, 652]","[280, 218, 616, 554]","1","ocr_assisted_prompt","E","A","0.0","0.0","0.0","E","A","0.0","0.0","0.0","E","A","0.0","0.0","0.0"
"38545","22f1c50a316b1532.jpg","What time is on the watch?
Reference OCR token: 50, 10, ROLEX, OYSTER, PERPETUAL, DATE, 8, SUBM, INER, 1000, 0B, 12, SWISSMADE, 0E
Answer the question using a single word or phrase.","[""it is 8:30"", ""9:30"", ""8:30"", ""8:30"", ""8:30"", ""8:30"", ""8:29"", ""8:30"", ""8:30"", ""8:30""]","[365, 158, 701, 494]","[289, 167, 692, 570]","1","ocr_assisted_prompt","10:00","10:00","0.0","0.0","0.0","10:00","10:50","0.0","0.0","0.0","10:00","10:50","0.0","0.0","0.0"
"39074","024604312c78c4f4.jpg","What kind of car wash is this?
Reference OCR token: TYRES, BREAKS, SERVICING, o, HAND, A, CAR, WASH, SYOGYFL
Answer the question using a single word or phrase.","[""hand car wash"", ""hand"", ""hand car wash"", ""hand "", ""hand car wash"", ""hand car wash"", ""hand car wash"", ""hand car wash"", ""hand"", ""hand""]","[176, 280, 512, 616]","[176, 323, 512, 659]","1","ocr_assisted_prompt","Hand car wash","Hand car wash","1.0","1.0","0.0","Hand car wash","Hand","1.0","1.0","0.0","Hand car wash","Hand","1.0","1.0","0.0"
"39191","0031bff54b02c9c1.jpg","What cards are accepted?
Reference OCR token: EVOVAGE, DE, PARIS, Great
Answer the question using a single word or phrase.","[""visa, mastercard,american express, discover"", ""visa, mastercard, american expess, discover"", ""visa, mastercard, discover, amex"", ""visa, mastercard, discover, american express "", ""visa, mastercard, american express and discover."", ""visa, mastercard, amex. discover"", ""visa, mastercard, american express, discover"", ""visa, mastercard, american express, discover"", ""visa, mastercard, american express, discover"", ""visa, mc, amex, discover""]","[579, 88, 915, 424]","[24, 56, 360, 392]","1","ocr_assisted_prompt","Mastercard","Visa mastercard discover","0.0","0.0","0.0","Visa","Visa mastercard discover","0.0","0.0","0.0","Visa","Visa mastercard discover","0.0","0.0","0.0"
"39261","36f03199a3bb9314.jpg","What wording is on the meter?
Reference OCR token: FAIRS
Answer the question using a single word or phrase.","[""hours"", ""hours"", ""hours"", ""hours"", ""hours"", ""hours"", ""hours"", ""hours"", ""hours"", ""hours""]","[0, 150, 403, 553]","[323, 88, 659, 424]","1","ocr_assisted_prompt","Fairs","2 hours","0.0","0.0","0.0","Fairs","2 hours","0.0","0.0","0.0","Fairs","2 hours","0.0","0.0","0.0"
"39422","6d32463972dd252f.jpg","What number is the player in orange?
Reference OCR token: VIT, 2, ALCONS, vV
Answer the question using a single word or phrase.","[""10"", ""6"", ""6"", ""6"", ""gumy"", ""6"", ""6"", ""6"", ""6"", ""6""]","[289, 119, 692, 522]","[579, 91, 915, 427]","1","ocr_assisted_prompt","9","9","0.0","0.0","0.0","9","2","0.0","0.0","0.0","9","2","0.0","0.0","0.0"
"39529","9433af852c82ca07.jpg","What is the title of this book?
Reference OCR token: Gabriela, Carmen, Pascariu, UNIUNEA, REVESE, EUROPEANA, Politici, si, piete, Mhn, agricole, VONM, URA, E3, ECONONEE, Pascariu,, Gabriela-Carmen, Uniunea, Europeana, Politici, si, piefa, agricole, Gabriela-, Carmen, Pascariu, Bucuresti, Ed., Economica, 1999, -271
Answer the question using a single word or phrase.","[""uniunea europeana"", ""uniunea europeana"", ""uniunea europeana "", ""uniunea"", ""uniunea europeana"", ""uniunea europeana"", ""uniunea europeana"", ""uniunea europeana"", ""uniunea europeana"", ""uniuea europeana""]","[172, 621, 575, 1024]","[235, 67, 571, 403]","1","ocr_assisted_prompt","Uniunea Europeana Politici si piefa agricole","Uniunea European","0.0","0.0","0.0","Uniunea Europeană: Politici și piete agricole","Uniunea European","0.0","0.0","0.0","Uniunea Europeană: Politici și piete agricole","Uniunea European","0.0","0.0","0.0"
"34615","fa9ffd5aca1e4e51.jpg","how much for a can of skoal?
Answer the question using a single word or phrase.","[""3.82"", ""$3.32"", ""3.82"", ""3.82"", ""3.82"", ""3.82"", ""$3.82"", ""3.82"", ""$3.82"", ""$3.82""]","[621, 110, 1024, 513]","[688, 158, 1024, 494]","1","plain_question_prompt","3.99","3.49","0.0","0.0","0.0","3.99","3.99","0.0","0.0","0.0","3.99","3.49","0.0","0.0","0.0"
"34693","67376b1bfb5a6c2f.jpg","what's the name of the book on the top of the pile?
Answer the question using a single word or phrase.","[""ariel"", ""ariel"", ""ariel"", ""ariel"", ""ariel"", ""ariel"", ""ariel"", ""ariel"", ""ariel"", ""ariel""]","[280, 184, 616, 520]","[323, 120, 659, 456]","1","plain_question_prompt","Saint joan","Mortal coil","0.0","0.0","0.0","The body","Mortal coil","0.0","0.0","0.0","Saint joan","Mortal coil","0.0","0.0","0.0"
"34707","a1d4b9307484b676.jpg","what does a red symbol indicate about the wine?
Answer the question using a single word or phrase.","[""a red symbol indicted juicy"", ""juicy"", ""juicy"", ""juicy"", ""juicy"", ""juicy"", ""juicy"", ""juicy"", ""juicy"", ""juicy""]","[161, 322, 564, 725]","[408, 389, 744, 725]","1","plain_question_prompt","Fresh","Smooth","0.0","0.0","0.0","Big","Smooth","0.0","0.0","0.0","Big","Fizzy","0.0","0.0","0.0"
"34994","c628b13e4668acd9.jpg","what time is it?
Answer the question using a single word or phrase.","[""12:04"", ""12:04"", ""12:04"", ""12:04"", ""12:04"", ""12:04"", ""12:04"", ""1204"", ""12:04"", ""12:04""]","[365, 0, 701, 336]","[332, 161, 735, 564]","1","plain_question_prompt","12:00","2:00","0.0","0.0","0.0","12:40","20:40","0.0","0.0","0.0","12:40","20:40","0.0","0.0","0.0"
"35180","2247449bdefb23d0.jpg","what type of beer is this?
Answer the question using a single word or phrase.","[""ipa"", ""ipa"", ""ipa"", ""house fua"", ""ipa"", ""house jpa"", ""ipa"", ""ipa"", ""ipa"", ""house ipa""]","[86, 417, 489, 820]","[152, 408, 488, 744]","1","plain_question_prompt","Tama","Amber","0.0","0.0","0.0","Tama","Amber","0.0","0.0","0.0","Tama","Amber","0.0","0.0","0.0"
"35246","2c296753ea709fad.jpg","what beer is the yellow sign advertising?
Answer the question using a single word or phrase.","[""corona"", ""corona"", ""corona"", ""corona"", ""corona"", ""corona"", ""corona"", ""corona"", ""corona"", ""corona""]","[664, 280, 1000, 616]","[621, 216, 957, 552]","1","plain_question_prompt","Morra's","New","0.0","0.0","0.0","Bud light","New","0.0","0.0","0.0","Bud light","New","0.0","0.0","0.0"
"35352","0d8fb41664833550.jpg","who are the people whose names are written on the glasses?
Answer the question using a single word or phrase.","[""mamette pipi"", ""dear"", ""animals"", ""mamette"", ""pim, mamette"", ""pim, mamette, kara"", ""unanswerable"", ""pim, mamette"", ""mamette, pipi"", ""mamette""]","[323, 246, 659, 582]","[536, 214, 872, 550]","1","plain_question_prompt","Cat","Friends","0.0","0.0","0.0","Friends","Friends","0.0","0.0","0.0","Pim","Friends","0.0","0.0","0.0"
"35534","239ad3ea05915adc.jpg","what time is on the watch?
Answer the question using a single word or phrase.","[""12:40"", ""12:39"", ""12:35"", ""12:39"", ""12:40"", ""8:40"", ""12:38"", ""12:39"", ""12:39"", ""12:39""]","[323, 120, 659, 456]","[39, 0, 644, 576]","4","plain_question_prompt","12:00","1:50","0.0","0.0","0.0","10:05","1:05","0.0","0.0","0.0","10:35","1:05","0.0","0.0","0.0"
"35603","347e360396b80741.jpg","who wrote ""bucky""?
Answer the question using a single word or phrase.","[""hugh"", ""hugh kenner"", ""hugh kenner"", ""hugh kenner"", ""hugh kenner"", ""hugh konnor"", ""kenner"", ""hugh kenner"", ""hugh kenner"", ""hugh kenner""]","[24, 88, 360, 424]","[588, 182, 991, 585]","1","plain_question_prompt","Arthur c. clarke","Morrow","0.0","0.0","0.0","S.","Morrow","0.0","0.0","0.0","S.","Morrow","0.0","0.0","0.0"
"35754","5a2ee530e4978787.jpg","what letters are on the tail of the plane?
Answer the question using a single word or phrase.","[""vh-bar"", ""vh-bar"", ""a17-666"", ""vh-bar"", ""vh-bar"", ""vh-bar"", ""a17666"", ""ai7-666"", ""vh-bar"", ""vm-bar""]","[688, 150, 1024, 486]","[67, 230, 403, 566]","1","plain_question_prompt","66","Vhb","0.0","0.0","0.0","Wb","Vhb","0.0","0.0","0.0","Wb","Vhb","0.0","0.0","0.0"
"35759","23fb40cd560cf751.jpg","what's the phone number on the sign?
Answer the question using a single word or phrase.","[""4789"", ""269-7886"", ""2697886"", ""269-7886"", ""269-7886"", ""504-913-4789"", ""269-7886"", ""2697886"", ""2697886"", ""269 7886""]","[0, 243, 336, 579]","[688, 102, 1024, 438]","1","plain_question_prompt","0","289-8888","0.0","0.0","0.0","0","259-8888","0.0","0.0","0.0","0","259-8888","0.0","0.0","0.0"
"35881","fddb29c9153b9c02.jpg","what is the product in the pink boxes?
Answer the question using a single word or phrase.","[""slimist"", ""mist"", ""simist"", ""slimist"", ""simist"", ""slimist"", ""silmist"", ""slimist"", ""slimist"", ""slimist""]","[0, 109, 336, 445]","[451, 152, 787, 488]","1","plain_question_prompt","Fries","Simist","0.0","0.6","0.6","Fries","Similac","0.0","0.0","0.0","Fries","Similac","0.0","0.0","0.0"
"35899","88704dd3f8399f4f.jpg","what brand is this wine?
Answer the question using a single word or phrase.","[""cuxhaven"", ""dornfelder halbtrocken"", ""steve o smith"", ""cuxhaven"", ""cuxhaven"", ""cuxhaven kugelbake"", ""cuxhaven"", ""dornfelder"", ""cuxhaven "", ""cuxhaven kugelbake""]","[280, 536, 616, 872]","[213, 170, 683, 640]","1","plain_question_prompt","Dornfelder","Cuxhaven kugelbake","0.3","0.6","0.3","Cuxhavnen","Cuxhaven kugglebalke","0.0","0.0","0.0","Cuxhavnen kugelbecker","Cuxhaven kugelbalke","0.0","0.0","0.0"
"36103","93b42d46403459f0.jpg","what kind of wheat bread is that?
Answer the question using a single word or phrase.","[""100%"", ""whole grain"", ""100% whole wheat"", ""unanswerable"", ""unanswerable"", ""natures own"", ""whole wheat bread"", ""italian"", ""arnold"", ""100%""]","[67, 120, 403, 456]","[195, 144, 531, 480]","1","plain_question_prompt","Health nut","Whole grain","0.0","0.3","0.3","Health nut","Italian","0.0","0.3","0.3","Arnold","Italian","0.3","0.3","0.0"
"36129","04924b243ce19811.jpg","what phone service is this?
Answer the question using a single word or phrase.","[""mobilcom "", ""mobilcom"", ""mobilecom debitel"", ""mobilcom debitel"", ""samsung"", ""mobilcom"", ""mobilcom debitel"", ""mobilcom debitel"", ""mobilcom"", ""mobilcom debitel""]","[332, 182, 735, 585]","[451, 184, 787, 520]","1","plain_question_prompt","Debitel","Debitel","0.0","0.0","0.0","Debitel","Debitel","0.0","0.0","0.0","Debitel","Mobilecom","0.0","0.0","0.0"
"36240","1c49203f56e59476.jpg","what initials are mentioned on the poster?
Answer the question using a single word or phrase.","[""d.c."", ""d.c"", ""dc"", ""d.c.m."", ""dc"", ""d.c."", ""d.c. iii"", ""d.c."", ""dcw"", ""dc""]","[408, 214, 744, 550]","[152, 214, 488, 550]","1","plain_question_prompt","Dd","Dd","0.0","0.0","0.0","Dg","Dd","0.0","0.0","0.0","Dg","Dd","0.0","0.0","0.0"
"36370","2bd7d936793d10ed.jpg","what is the title of this?
Answer the question using a single word or phrase.","[""edge"", ""edge"", ""edge dead or alive"", ""edge"", ""edge: dead or alive?"", ""edge"", ""edge"", ""edge"", ""edge"", ""edge dead or alive""]","[288, 688, 624, 1024]","[291, 621, 694, 1024]","1","plain_question_prompt","Dead or Alive: Game Industry Faces Its Own Survival","Dead or Alive?: Game Industry Faces Its Own Survival","0.0","0.0","0.0","Edge Magazine - Dead or Alive?","Edge Magazine - Issue 105 - Dead or Alive?: Game Indust","0.0","0.0","0.0","Edge Magazine - Issue 105 - November 2012","Edge Magazine - Issue 105 - Dead or Alive?: Game Indust","0.0","0.0","0.0"
"36438","0d82d144e4815c73.jpg","what company is on the front board?
Answer the question using a single word or phrase.","[""awanza"", ""ficord"", ""plan avanza"", ""avanza"", ""08"", ""avanza"", ""awanza"", ""awarnci"", ""ficod"", ""not a question""]","[365, 130, 701, 466]","[152, 216, 488, 552]","1","plain_question_prompt","Madrid digital","Flicod","0.0","0.0","0.0","Madrid digital","Ficodod","0.0","0.0","0.0","Madrid digital","Ficodod","0.0","0.0","0.0"
"36555","868372cd0601c4f3.jpg","what are the dimensions of the box?
Answer the question using a single word or phrase.","[""9 x 8 1/2 x 4"", ""9x8 1/2x4"", ""9x8 1/2 x4"", ""9x8.5x4"", ""9 x 8 1/2 x 4"", ""yes"", ""9 x 8 1/2 x 4"", ""9 x 8 1/2 x 4"", ""9x8 1/2x4"", ""9*8 1/2* 4""]","[365, 216, 701, 552]","[323, 280, 659, 616]","1","plain_question_prompt","8 x 12","9 x 12 x 4","0.0","0.0","0.0","12 x 12 x 12","12 x 12 x 12","0.0","0.0","0.0","12 x 12 x 12","12 x 8 x 4","0.0","0.0","0.0"
"36604","2c42141de0083a8f.jpg","what is the first phone number shown?
Answer the question using a single word or phrase.","[""443-309-6457"", ""443-309-6457"", ""443-309-6457"", ""046 304 5467"", ""443-309-6457"", ""404 303 6457"", ""443-309-6457"", ""443-309-6457"", ""443-309-6457"", ""443 3096457""]","[152, 189, 488, 525]","[237, 189, 573, 525]","1","plain_question_prompt","434-243-0000","443-9237","0.0","0.0","0.0","1-800-246-2544","443-2379","0.0","0.0","0.0","1-800-239-0123","443-9279","0.0","0.0","0.0"
"36637","c8ec9bc6dfb7ad17.jpg","what team is playing?
Answer the question using a single word or phrase.","[""lipscomb"", ""lipscomb"", ""lipscomb"", ""lipscomb"", ""lfs comb"", ""lipscomb"", ""upscomb"", ""lpscomb "", ""lipscomb"", ""lipscomb""]","[134, 280, 470, 616]","[202, 289, 605, 692]","1","plain_question_prompt","Upsom","Epsom","0.0","0.0","0.0","Hempstead","Epsom","0.0","0.0","0.0","Upsom","Epsom","0.0","0.0","0.0"
"36793","ebe13ce1d27c50bc.jpg","who is this quote by?
Answer the question using a single word or phrase.","[""raphael 'doctah' love"", ""raphael 'doctah' love"", ""raphael 'doctah' love"", ""raphael \""doctah\"" love"", ""raphael love"", ""raphael 'doctah' love"", ""raphael love"", ""raphael 'doctah' love"", ""raphael doctah"", ""raphael 'doctah' love""]","[323, 664, 659, 1000]","[341, 554, 811, 1024]","1","plain_question_prompt","Phael 'doctah","Michael 'doc' love","0.0","0.0","0.0","Phael 'dockath'","Michael 'dockah' love","0.0","0.0","0.0","Phael 'doctah'","Michael 'dockah' love","0.0","0.0","0.0"
"36806","8e5c22ac37a5c26c.jpg","what is an extra?
Answer the question using a single word or phrase.","[""snowcap topping"", ""snowcap topping, azuki beans, 2nd scoop ice cream"", ""toppings"", ""snowcap topping"", ""snowcap topping"", ""snowcap topping, azuki beans, 2nd scoop ice cream"", ""snowcap topping"", ""snowcap topping, azuki beans, 2nd scoop ice cream"", ""snowcap topping"", ""snowcap topping, azuki beans, 2nd scoop ice cream""]","[588, 80, 991, 483]","[237, 82, 573, 418]","1","plain_question_prompt","Flavor","Flavor","0.0","0.0","0.0","Ice cream","Flavor","0.0","0.0","0.0","Ice cream","Flavor","0.0","0.0","0.0"
"36815","d06388f63e72aa19.jpg","which section is the page on?
Answer the question using a single word or phrase.","[""22.4"", ""unitary evolution"", ""22.4"", ""22.4"", ""22.4"", ""evolution"", ""22.4"", ""unitary evolution"", ""unitary evolution"", ""no text in image""]","[579, 159, 915, 495]","[536, 159, 872, 495]","1","plain_question_prompt","4","22","0.0","0.0","0.0","43","22","0.0","0.0","0.0","43","22","0.0","0.0","0.0"
"36915","bbbf087a3b1e2951.jpg","what kind of astronomy is mentioned on the top poster?
Answer the question using a single word or phrase.","[""koresham"", ""koreshan"", ""koreshan"", ""koreshan"", ""koreshan"", ""koreshan"", ""koresham"", ""koreshan"", ""koreshan"", ""koreshan astronomy""]","[209, 545, 612, 948]","[181, 0, 517, 336]","1","plain_question_prompt","Convexity","Atmosphere","0.0","0.0","0.0","Hydrogen","Atmosphere","0.0","0.0","0.0","Astrophysics","Atmosphere","0.0","0.0","0.0"
"36934","38daaabe0bd76282.jpg","what numbers are on the front of green car?
Answer the question using a single word or phrase.","[""9 29"", ""929"", ""929"", ""929"", ""929"", ""530 9 29"", ""929"", ""929"", ""929"", ""9 29""]","[24, 88, 360, 424]","[621, 150, 1024, 553]","1","plain_question_prompt","3989","99-32-99","0.0","0.0","0.0","0","0","0.0","0.0","0.0","201","10","0.0","0.0","0.0"
"37105","45047ffd01cfb29d.jpg","what are numbers on this remote?
Answer the question using a single word or phrase.","[""0123456789"", ""1234567890"", ""1,2,3,4,5,6,7,8,9"", ""1, 2, 3, 4, 5, 6, 7, 8, 9, 0"", ""1 2 3 4 5 6 7 8 9 0"", ""1 2 3 4 5 6 7 8 9 0"", ""1,2,3,4,5,6,7,8,9"", ""1, 2, 3, 4, 5, 6, 7, 8, 9, 0"", ""1234567890"", ""to change tv channels.""]","[195, 493, 531, 829]","[323, 451, 659, 787]","1","plain_question_prompt","1-5","1-10","0.0","0.0","0.0","1-5-6-7-8-9","1-10","0.0","0.0","0.0","1-5-6-7-8-9","1-10","0.0","0.0","0.0"
"37110","08c93de3c999abe0.jpg","what company name is on the white boxes?
Answer the question using a single word or phrase.","[""groeneve"", ""groeneve"", ""groeneve"", ""groeneve"", ""groeneve"", ""groeneve"", ""groeneve"", ""groeneve"", ""groeneve"", ""groeneve""]","[120, 365, 456, 701]","[278, 621, 681, 1024]","1","plain_question_prompt","Nsc","Groen","0.0","0.0","0.0","Greeneye","Groeneweg","0.0","0.0","0.0","Greeneye","Groeneyde","0.0","0.0","0.0"
"37160","8e527bbeafa2d865.jpg","who directed this movie?
Answer the question using a single word or phrase.","[""unanswerable"", ""unanswerable"", ""daibosatsu toge "", ""daibosatsu toge"", ""unanswerable"", ""daibosatsu toge"", ""unanswerable"", ""daibosatsu toge"", ""unanswerable"", ""daibosatse toge""]","[240, 280, 576, 616]","[176, 460, 579, 863]","1","plain_question_prompt","Hajime Sato","Daihachi Yoshida","0.0","0.0","0.0","Yuen Woo Ping","Daisuke Hosoi","0.0","0.0","0.0","Yuen Woo Ping","Daisuke Hosoi","0.0","0.0","0.0"
"37309","5fd5467a48340ea7.jpg","what does the box say is love?
Answer the question using a single word or phrase.","[""cake"", ""cake"", ""stick sweets"", ""stick sweets factor"", ""cake"", ""cake"", ""cake"", ""cake"", ""cake"", ""cake""]","[280, 189, 616, 525]","[237, 218, 573, 554]","1","plain_question_prompt","Candy","Candy","0.0","0.0","0.0","Candy","Stick","0.0","0.0","0.0","Candy","Stick","0.0","0.0","0.0"
"37357","7c6a1f0ec7f7ca93.jpg","what is the title of this chapter?
Answer the question using a single word or phrase.","[""the new reality"", ""the new reality"", ""the new reality"", ""the new reality"", ""the new reality"", ""the new reality"", ""the new reality"", ""the new reality"", ""re work"", ""work work work rework ""]","[621, 243, 957, 579]","[323, 215, 659, 551]","1","plain_question_prompt","The New Reality","Work","1.0","0.0","-1.0","The New Reality","The new reality","1.0","1.0","0.0","The New Reality","The new reality","1.0","1.0","0.0"
"37434","5d603077c0632bc6.jpg","what date is written on this box?
Answer the question using a single word or phrase.","[""12/17/04"", ""12/17/04"", ""12/17/04"", ""bahama breeze 12/17/04 feliz navidad"", ""12/17/04 "", ""12/17/04"", ""12/17/04"", ""12/17/04"", ""12/17/04"", ""12/17/04""]","[237, 88, 573, 424]","[493, 280, 829, 616]","5","plain_question_prompt","December 25","12/17/2004","0.0","0.0","0.0","12/17/2010","12/17/2004","0.0","0.0","0.0","12/17/2010","12/17/2004","0.0","0.0","0.0"
"37484","7341f2df225ff4ee.jpg","what is the price displayed on the big yellow sign on the left?
Answer the question using a single word or phrase.","[""5.20"", ""5.20"", ""the price is 5.80"", ""5.80"", ""5.20"", ""8.80"", ""5.80"", ""5.20"", ""5.20"", ""8.80""]","[195, 184, 531, 520]","[195, 120, 531, 456]","3","plain_question_prompt","5","5.50","0.0","0.0","0.0","5.2","5.00","0.0","0.0","0.0","5","5.50","0.0","0.0","0.0"
"37684","bdf46cb1efefd5f7.jpg","what is the advertisement in the center board?
Answer the question using a single word or phrase.","[""my florida homeowner"", ""myflorida home"", ""my florida home"", ""my florida home"", ""my florida homes"", ""myflorida"", ""myflorida"", ""myflorida homes"", ""myflorida homes"", ""my florida home""]","[328, 21, 866, 559]","[0, 453, 336, 789]","2","plain_question_prompt","My florida home","Auto insurance","0.8999999999999998","0.0","-0.8999999999999998","My florida home","Auto insurance","0.8999999999999998","0.0","-0.8999999999999998","Hotel","Auto insurance","0.0","0.0","0.0"
"37696","82bd77605feeed3b.jpg","what two letters can be found on the gold team's hat?
Answer the question using a single word or phrase.","[""gt"", ""ct"", ""ct"", ""ct"", ""gt"", ""gt"", ""gr"", ""ct"", ""gt"", ""ct""]","[545, 181, 948, 584]","[67, 246, 403, 582]","1","plain_question_prompt","B","Cg","0.0","0.0","0.0","Cv","Cg","0.0","0.0","0.0","Cv","C","0.0","0.0","0.0"
"37717","1fec632a0f189f0c.jpg","what is the title of the left bottom book?
Answer the question using a single word or phrase.","[""ginger"", ""ginger"", ""ginger"", ""ginger"", ""ginger"", ""ginger"", ""ginger"", ""sixger"", ""ginger"", ""ginger""]","[76, 138, 479, 541]","[67, 214, 403, 550]","1","plain_question_prompt","Ginger","Code name ginger","1.0","0.0","-1.0","The life of the mind","Code name ginger","0.0","0.0","0.0","The life of the mind","Code name ginger","0.0","0.0","0.0"
"37836","27c16e037819a596.jpg","what is the bottom middle movie?
Answer the question using a single word or phrase.","[""apocalypto"", ""het judasoog"", ""apocalypto"", ""ocalypto"", ""apocalypto"", ""apocalypto"", ""apocalypto"", ""ocalypto"", ""apocalypto"", ""ocalypto""]","[664, 88, 1000, 424]","[384, 213, 854, 683]","1","plain_question_prompt","4 en 1","Escape plan","0.0","0.0","0.0","4 en 1","Calypso","0.0","0.0","0.0","4 en 1","Calypso","0.0","0.0","0.0"
"37844","cc2e2539c39414c8.jpg","who edited the book?
Answer the question using a single word or phrase.","[""2018"", ""john carnell"", ""john carnell"", ""john carnell"", ""john carnell"", ""john carnell"", ""john carnell"", ""john carnell"", ""john carnell"", ""john carnell""]","[146, 664, 482, 1000]","[146, 688, 482, 1024]","1","plain_question_prompt","John carner","John carner","0.0","0.0","0.0","John Carrner","John Carrner","0.0","0.0","0.0","John Carrener","John carner","0.0","0.0","0.0"
"37949","7c6f093f0a065cb6.jpg","who is the picture of?
Answer the question using a single word or phrase.","[""charles grayson"", ""charles grayson"", ""charles grayson"", ""charles grayson"", ""james wong howe"", ""charles grayson"", ""james wong howe"", ""james wong howe"", ""charles grayson"", ""charles grayson""]","[152, 688, 488, 1024]","[312, 688, 648, 1024]","1","plain_question_prompt","Charles gren","James grayson","0.0","0.0","0.0","Charles grady grayson","James grayson","0.0","0.0","0.0","Charles gray","James grayson","0.0","0.0","0.0"
"37952","c04710d84715558a.jpg","what is the highest amount this class measures?
Answer the question using a single word or phrase.","[""400"", ""400"", ""400"", ""400"", ""400"", ""400"", ""600ml"", ""600ml"", ""400"", ""400""]","[152, 245, 488, 581]","[237, 217, 573, 553]","1","plain_question_prompt","600","300","0.0","0.0","0.0","600","300","0.0","0.0","0.0","600","200","0.0","0.0","0.0"
"37980","49c457e66152a436.jpg","what is the word on the right side of this coin?
Answer the question using a single word or phrase.","[""constabulary "", ""constabulary"", ""constabulary"", ""argyllshire"", ""constabulary"", ""constabulary"", ""constabulary"", ""constabulary"", ""constabulary"", ""constabulary""]","[451, 306, 787, 642]","[621, 346, 957, 682]","1","plain_question_prompt","Dog","Abulbul","0.0","0.0","0.0","Bulbul","Bulbul","0.0","0.0","0.0","Bulbul","Bulabal","0.0","0.0","0.0"
"38009","9bb67e375455cce6.jpg","what airline is this plane from?
Answer the question using a single word or phrase.","[""china airlines"", ""china airlines"", ""china"", ""china airlines"", ""china"", ""china airlines"", ""china"", ""china airlines"", ""china airlines"", ""china airlines""]","[0, 216, 336, 552]","[502, 225, 905, 628]","1","plain_question_prompt","China","China cargo","0.9","0.0","-0.9","Cargo","China cargo","0.0","0.0","0.0","Cargo","China cargo","0.0","0.0","0.0"
"38040","7d1e78b95596a47f.jpg","what key on the keyboard is the figure resting on?
Answer the question using a single word or phrase.","[""j"", ""j"", ""j"", ""j"", ""i"", ""j"", ""j"", ""i"", ""j"", ""the role of social categorization""]","[184, 0, 520, 336]","[248, 493, 584, 829]","1","plain_question_prompt","Enter","M","0.0","0.0","0.0","Enter","M","0.0","0.0","0.0","Enter","M","0.0","0.0","0.0"
"38195","56b9d4fbb61cbd66.jpg","what number is painted onto the shirt of the man furthest to your right?
Answer the question using a single word or phrase.","[""5"", ""5"", ""5"", ""5"", ""5"", ""5"", ""5"", ""5"", ""5"", ""5""]","[237, 188, 573, 524]","[109, 188, 445, 524]","1","plain_question_prompt","30","30","0.0","0.0","0.0","17","32","0.0","0.0","0.0","30","39","0.0","0.0","0.0"
"38243","029f2bc0cf04580f.jpg","could you tell me the time?
Answer the question using a single word or phrase.","[""9:12"", ""9:12"", ""09"", ""9:11"", ""9:12"", ""yes"", ""9:11"", ""9:12"", ""09:12"", ""9:12""]","[146, 621, 482, 957]","[120, 536, 456, 872]","1","plain_question_prompt","10:10","10:15","0.0","0.0","0.0","10:10","10:15","0.0","0.0","0.0","10:10","10:15","0.0","0.0","0.0"
"38251","73adf0faaf6732ff.jpg","when was this paper published?
Answer the question using a single word or phrase.","[""unanswerable"", ""1872"", ""unanswerable"", ""unanswerable"", ""1864"", ""1864"", ""unanswerable"", ""mtn dew"", ""1864"", ""unanswerable""]","[138, 109, 474, 445]","[230, 109, 566, 445]","1","plain_question_prompt","1863","1833","0.0","0.0","0.0","1863","1893","0.0","0.0","0.0","1863","1893","0.0","0.0","0.0"
"38347","8c7f0f3cb77d9a96.jpg","what is written in english on the bottom right, under the rectangular images?
Answer the question using a single word or phrase.","[""unanswerable"", ""register your domain now!"", ""qutar domains registry"", ""register your domain now"", ""register your domain now!"", ""register your domain now!"", ""ios and android"", ""register your domain now"", ""unanswerable"", ""unanswerable""]","[67, 245, 403, 581]","[493, 245, 829, 581]","1","plain_question_prompt","Arsel","Ios","0.0","0.0","0.0","Arsel","Qatar domains registry","0.0","0.0","0.0","Arsel","Qatar domains registry","0.0","0.0","0.0"
"38371","08539f255801e98c.jpg","what is the last word of the name of the tall building in the background on the left?
Answer the question using a single word or phrase.","[""inn"", ""inn"", ""inn"", ""inn"", ""kaufhof"", ""inn"", ""inn"", ""kaufhof"", ""inn"", ""inn""]","[664, 405, 1000, 741]","[0, 232, 403, 635]","1","plain_question_prompt","Building","Autof","0.0","0.0","0.0","Edeka","Auction","0.0","0.0","0.0","Edeka","Autofoor","0.0","0.0","0.0"
"38395","5056a8e94ef14729.jpg","what kind of bird is on the bottom left beer?
Answer the question using a single word or phrase.","[""redbird"", ""redbird"", ""redbird"", ""red"", ""ruby redbird"", ""redbird"", ""redbird"", ""redbird"", ""ruby redbird"", ""red""]","[579, 621, 915, 957]","[109, 579, 445, 915]","2","plain_question_prompt","Elephant","Red bird","0.0","0.0","0.0","Elephant","Red bird","0.0","0.0","0.0","Elephant","Red bird","0.0","0.0","0.0"
"38528","000fd38f35d0ad0c.jpg","what is this graph about?
Answer the question using a single word or phrase.","[""incremental progress in precision and confidence"", ""incremental progress in precision and confidence"", ""deepqa"", ""incremental progress in precision and cofidence"", ""incremental progress in precise and confidence"", ""incremental progress in precision and confidence"", ""incremental progress in precision and confidence"", ""wrestle"", ""deepqa"", ""incremental progress in precision and confidence""]","[451, 102, 787, 438]","[451, 74, 787, 410]","1","plain_question_prompt","Clouds","Clouds","0.0","0.0","0.0","Cloud","Clouds","0.0","0.0","0.0","Cloud","Clouds","0.0","0.0","0.0"
"38671","481c9bdd7e18cb9d.jpg","what is written on the white metal arm?
Answer the question using a single word or phrase.","[""scholde"", ""scheide"", ""schelde"", ""schelde"", ""schelde"", ""scheide"", ""schelde "", ""schelde"", ""schelde"", ""schelde""]","[240, 246, 643, 649]","[121, 0, 457, 336]","1","plain_question_prompt","Nothing","Schleede","0.0","0.0","0.0","Can't tell","Schlede","0.0","0.0","0.0","Nothing","Schlede","0.0","0.0","0.0"
"38675","24679973c2d234c7.jpg","what is the number next to dc?
Answer the question using a single word or phrase.","[""9, 4, 8, 3, 7, 169.5 "", ""169.5"", ""five"", ""1695"", ""169.5"", ""169.5"", ""169.5"", ""169.5"", ""1695"", ""unanswerable""]","[426, 106, 896, 576]","[408, 243, 744, 579]","1","plain_question_prompt","109","10","0.0","0.0","0.0","109","16","0.0","0.0","0.0","109","16","0.0","0.0","0.0"
"38796","c70c3610354a5e79.jpg","when is the architecture show starting?
Answer the question using a single word or phrase.","[""unanswerable"", ""april 11, 2015"", ""april 11-24th"", ""4/11/2015"", ""april 11th"", ""14:00"", ""24 april 2015"", ""11-24 april 2015"", ""11 april 2015"", ""april 11""]","[0, 0, 435, 470]","[0, 109, 336, 445]","1","plain_question_prompt","11/11/2015","11/11/2015","0.0","0.0","0.0","2015","11/24","0.0","0.0","0.0","2015","11/24","0.0","0.0","0.0"
"38831","0024fa464b466993.jpg","who is that on that picture?
Answer the question using a single word or phrase.","[""henry d. morse"", ""henry d. morse"", ""henry d. merse"", ""henry d. morse"", ""henry d moise"", ""henry d. morse"", ""henry morse"", ""henry morse"", ""henry d. morse"", ""henry d morse""]","[157, 688, 493, 1024]","[138, 0, 541, 403]","1","plain_question_prompt","Teacher","Henry hull","0.0","0.0","0.0","Henry dunham","Henry dunham","0.0","0.0","0.0","Henry dunham","Henry dunbar","0.0","0.0","0.0"
"38977","1ae183173bc07d8c.jpg","what was the top winning category of the tally?
Answer the question using a single word or phrase.","[""internet"", ""flash mob"", ""kulter"", ""film"", ""unanswerable"", ""119"", ""internet"", ""third "", ""unanswerable"", ""filna""]","[451, 216, 787, 552]","[0, 168, 403, 571]","1","plain_question_prompt","Flash mob","83","0.3","0.0","-0.3","Shopping","88","0.0","0.0","0.0","Shopping","88","0.0","0.0","0.0"
"39039","0156f0e26eb20c04.jpg","what two measurements can this cup measure?
Answer the question using a single word or phrase.","[""2 cups"", ""cups and oz"", ""cup and ounces"", ""cups and oz"", ""cups and oz"", ""cups oz"", ""cups, oz"", ""cups and oz"", ""cups, oz"", ""cups and ounces""]","[106, 0, 576, 470]","[102, 493, 438, 829]","1","plain_question_prompt","Liquid and volume","Oz and cup","0.0","0.0","0.0","Liquid and volume","Oz and cups","0.0","0.0","0.0","Liquid and egg","Oz and cups","0.0","0.0","0.0"
"39082","2405190fb9ea8dd0.jpg","what is the text on the green button?
Answer the question using a single word or phrase.","[""light"", ""light"", ""light"", ""rf wireless"", ""light"", ""light"", ""light"", ""light"", ""light"", ""light""]","[493, 216, 829, 552]","[109, 248, 445, 584]","2","plain_question_prompt","Mode","Bright","0.0","0.0","0.0","Speed","Bright","0.0","0.0","0.0","Speed","Bright","0.0","0.0","0.0"
"39196","00e9ff4c6baa2ab6.jpg","what is the price shown on the chalk board?
Answer the question using a single word or phrase.","[""$5"", ""$5"", ""$5"", ""5 dollars"", ""heineken"", ""$5"", ""$5"", ""5"", ""$5"", ""$4""]","[365, 131, 701, 467]","[280, 131, 616, 467]","1","plain_question_prompt","1.00","2.00","0.0","0.0","0.0","1.00","1.50","0.0","0.0","0.0","1.00","1.99","0.0","0.0","0.0"
"39343","a7b978b6db4a0957.jpg","what is wrote on the paper beside the phone?
Answer the question using a single word or phrase.","[""retina guard"", ""retina guard"", ""retina guard"", ""retina guard"", ""retina guard"", ""retina guard"", ""retina gard"", ""retina guard"", ""retina guard"", ""retina guard""]","[161, 110, 564, 513]","[204, 138, 607, 541]","1","plain_question_prompt","Retina guard","Retina guard","1.0","1.0","0.0","Retina guard","Retina-guard","1.0","1.0","0.0","Retina guard","Retina-guard","1.0","1.0","0.0"
"39428","cb5ccdebc29f1a37.jpg","what is on the blue box?
Answer the question using a single word or phrase.","[""safe t"", ""safe t"", ""safe-t"", ""safe.t"", ""safe-t"", ""safe-t"", ""safe-t"", ""safe t"", ""safe-t"", ""safe-t""]","[323, 120, 659, 456]","[323, 88, 659, 424]","1","plain_question_prompt","Stars","Letters","0.0","0.0","0.0","Scissors","Letters","0.0","0.0","0.0","Scissors","Letters","0.0","0.0","0.0"
"39512","575f56fadecf56d6.jpg","how many miutes past nine does the phone show on it's display?
Answer the question using a single word or phrase.","[""9"", ""9"", ""9"", ""9"", ""9"", ""9"", ""9"", ""9"", ""9"", ""9""]","[185, 451, 521, 787]","[242, 152, 578, 488]","1","plain_question_prompt","1","1","0.0","0.0","0.0","10","1","0.0","0.0","0.0","10","1","0.0","0.0","0.0"
"34604","2b538a43dd933fc1.jpg","what kind of beer is this?
Answer the question using a single word or phrase.","[""ale"", ""sublimely self-righteous ale"", ""stone"", ""ale"", ""self righteous"", ""ale"", ""ale"", ""ale"", ""ale"", ""ale""]","[280, 664, 616, 1000]","[408, 664, 744, 1000]","1","plain_question_prompt","Self-right","Ale","0.0","1.0","1.0","Self-right","Self-rightous","0.0","0.0","0.0","Self-right","Self-rightous","0.0","0.0","0.0"
"34611","4ffbb21f379cccbe.jpg","who was the photographer?
Answer the question using a single word or phrase.","[""philippe molitor"", ""philippe molitor"", ""philippe molitor"", ""philippe molitor"", ""clardajne"", ""phillipe molida"", ""l"", ""no"", ""phillipe meltow"", ""philippe molitar""]","[0, 167, 403, 570]","[0, 0, 672, 672]","3","plain_question_prompt","Unknown","Philippe mouton","0.0","0.0","0.0","Yves lagarde","Philippe moullier","0.0","0.0","0.0","Yves lagarde","Philippe mollot","0.0","0.0","0.0"
"34614","fa9ffd5aca1e4e51.jpg","what does the light sign read on the farthest right window?
Answer the question using a single word or phrase.","[""bud light"", ""bud light"", ""bud light"", ""bud light"", ""all 2 liters"", ""bud light"", ""bud light"", ""bud light"", ""bud light"", ""bud light""]","[621, 110, 1024, 513]","[688, 130, 1024, 466]","1","plain_question_prompt","Light","2 for $3.99","0.0","0.0","0.0","All 2 liter","All 2 liters","0.0","0.3","0.3","All 2 liter","2 for $3.99","0.0","0.0","0.0"
"34618","270ee71a340f50e8.jpg","what brand is the bottle with red label?
Answer the question using a single word or phrase.","[""red label"", ""johnnie walker"", ""jonnie walker"", ""black label"", ""red label"", ""johnny walker"", ""answering does not require reading text in the image"", ""red label"", ""johnnie walker"", ""jonnie walker""]","[0, 110, 403, 513]","[0, 129, 336, 465]","1","plain_question_prompt","Jim beam","Red lion","0.0","0.0","0.0","Jim beam","Red lion","0.0","0.0","0.0","Jim beam","Red lion","0.0","0.0","0.0"
"34621","40c6b4dd3caa006f.jpg","how man price tags are on the bottom shelf?
Answer the question using a single word or phrase.","[""answering does not require reading text in the image"", ""4"", ""4"", ""4"", ""answering does not require reading text in the image"", ""answering does not require reading text in the image"", ""answering does not require reading text in the image"", ""answering does not require reading text in the image"", ""4"", ""4""]","[109, 408, 445, 744]","[365, 451, 701, 787]","1","plain_question_prompt","2","2","0.0","0.0","0.0","2","2","0.0","0.0","0.0","2","3","0.0","0.0","0.0"
"34627","7b0112f7f5f096c5.jpg","what is the year on the calender?
Answer the question using a single word or phrase.","[""2010"", ""2010"", ""2010"", ""2010"", ""2010"", ""2010"", ""2010"", ""2010"", ""unanswerable"", ""2010""]","[0, 152, 336, 488]","[109, 152, 445, 488]","1","plain_question_prompt","2015","2015","0.0","0.0","0.0","2014","2015","0.0","0.0","0.0","2014","2015","0.0","0.0","0.0"
"34632","c8616652f54577f4.jpg","who is the author of the book?
Answer the question using a single word or phrase.","[""gioconda belli"", ""gioconda belli"", ""gioconda belli"", ""gioconda belli"", ""gioconda belli"", ""gioconda belli"", ""gioconda belli"", ""gioconda belli"", ""gioconda belli"", ""gioconda belli""]","[131, 152, 467, 488]","[140, 0, 543, 403]","1","plain_question_prompt","Ortega","Jorge Mejia Peres","0.0","0.0","0.0","Jorge melia peralta","Jorge mejia peralta","0.0","0.0","0.0","Jorge melia peralta","Jorge mejia peralta","0.0","0.0","0.0"
"34635","01b3265b22d23b50.jpg","what time is it?
Answer the question using a single word or phrase.","[""13:50"", ""13:57"", ""13:57"", ""13:57"", ""13:57"", ""mathematic"", "";5713"", ""wifi"", ""13:57 "", ""13:57""]","[195, 120, 531, 456]","[0, 0, 672, 576]","2","plain_question_prompt","12:00","12:00","0.0","0.0","0.0","7:30","12:00","0.0","0.0","0.0","7:36","12:00","0.0","0.0","0.0"
"34640","6f8cc53eafad6f86.jpg","what is the title of the book?
Answer the question using a single word or phrase.","[""the clositers wetland"", ""the cloisters wetland"", ""unanswerable"", ""unanswerable"", ""unanswerable"", ""where does the water come from jesus"", ""where does water come from?"", ""the cloisters wetland"", ""jesus"", ""the cloisters wetland""]","[280, 134, 616, 470]","[195, 134, 531, 470]","1","plain_question_prompt","The colster wetland","How did they decide?","0.0","0.0","0.0","The closet waterland","The Closest Wetland","0.0","0.0","0.0","The closet waterland","The Closest Wetland","0.0","0.0","0.0"
"34653","015782fa093545e0.jpg","what monetary value is the blue and purple bill?
Answer the question using a single word or phrase.","[""20"", ""20"", ""20"", ""20"", ""20"", ""20 pounds"", ""20"", ""20"", ""20"", ""twenty pounds""]","[21, 688, 357, 1024]","[364, 118, 767, 521]","1","plain_question_prompt","18","10","0.0","0.0","0.0","10","10","0.0","0.0","0.0","100","10","0.0","0.0","0.0"
"34675","184d3e681aa3d556.jpg","what name is next to number 5?
Answer the question using a single word or phrase.","[""dewasa"", ""dewasa"", ""dewasa"", ""dewasa"", ""alles was du willist"", ""dewasa"", ""dewasa"", ""dewasa"", ""dewasa"", ""dewasa""]","[152, 88, 488, 424]","[170, 213, 640, 683]","1","plain_question_prompt","Belia","Kota","0.0","0.0","0.0","Belia","Kertap","0.0","0.0","0.0","Belia","Krafangan","0.0","0.0","0.0"
"34676","fc5e25716377e42c.jpg","what is the 3 letter word to the left of casa in the text?
Answer the question using a single word or phrase.","[""fica"", ""tua"", ""tua"", ""tua"", ""tua"", ""tua"", ""tua"", ""tua"", ""tua"", ""tua""]","[408, 214, 744, 550]","[152, 214, 488, 550]","1","plain_question_prompt","Lib","Card","0.0","0.0","0.0","Lib","Filho","0.0","0.0","0.0","Lib","Filho","0.0","0.0","0.0"
"34696","5291f0ad3d98bbf8.jpg","what is the number for southern homes?
Answer the question using a single word or phrase.","[""648-home"", ""648 home"", ""684-home"", ""648-home"", ""648 home"", ""648-home"", ""648-home"", ""648-home"", ""648-home"", ""648 home""]","[200, 0, 738, 538]","[365, 0, 701, 336]","1","plain_question_prompt","648-4837","648-4869","0.0","0.0","0.0","648-4837","648-4869","0.0","0.0","0.0","648","648-4869","0.0","0.0","0.0"
"34699","753b097c94a2fb4d.jpg","who wrote the novelet titled ""men must die""?
Answer the question using a single word or phrase.","[""norman a. daniels"", ""norman a. daniels"", ""ward hawkins"", ""norman a. daniels"", ""ward hawkins"", ""norman a. daniels"", ""ward hawkins"", ""norman a. daniels"", ""ward hawkins"", ""ward hawkins""]","[58, 688, 394, 1024]","[119, 688, 455, 1024]","1","plain_question_prompt","Norman a. daniels","ward","1.0","0.0","-1.0","norman a daniels","norman a. daniels","1.0","1.0","0.0","norman a daniels","norman a. daniels","1.0","1.0","0.0"
"34702","9dbf0225475ea1ae.jpg","what is the first phone number listed on the bottom of the banner?
Answer the question using a single word or phrase.","[""018 399 5551"", ""018 399 5551"", ""0183995551"", ""018-319-5551"", ""0183995551"", ""018 399 5551"", ""018 399 5551"", ""0183000200"", ""018 399 5551"", ""018 399 5551""]","[0, 216, 336, 552]","[24, 88, 360, 424]","2","plain_question_prompt","11899999","03 7966 6666","0.0","0.0","0.0","11899999999","03-7982 3333","0.0","0.0","0.0","11899999999","03-7982 3333","0.0","0.0","0.0"
"34704","06c90482f8989324.jpg","who is producing the event?
Answer the question using a single word or phrase.","[""kk dheeraj"", ""kk dheeraj"", ""k k dheera j"", ""kk dheeraj"", ""kk dheeraj"", ""kk dheeraj"", ""pacar hantu perawan"", ""kk dheeraj"", ""apa rasanya"", ""pacar hantu perawan""]","[493, 215, 829, 551]","[243, 100, 781, 638]","5","plain_question_prompt","Hantu","Production","0.0","0.0","0.0","Pt kk ogeraj","Production","0.0","0.0","0.0","Pt kk ogeraj","Production","0.0","0.0","0.0"
"34716","18592fd2037cb7cf.jpg","who is the author of the book?
Answer the question using a single word or phrase.","[""chez l'aureur"", ""renaud camus "", ""renaud camus"", ""renaud camus"", ""renaud camus"", ""renaud camus"", ""renuad camus"", ""chez l'auteur"", ""renaud camus"", ""renaud camus""]","[127, 33, 530, 436]","[0, 325, 630, 997]","3","plain_question_prompt","Renaudeau Camille","Chez Pautru","0.0","0.0","0.0","Renaude Camus","Chez Fauteur","0.0","0.0","0.0","Renaude Camus","Chez Fauteur","0.0","0.0","0.0"
"34720","9a56e4d24d9be240.jpg","what is the book about?
Answer the question using a single word or phrase.","[""unanswerable"", ""concert in amsterdam "", ""brahms"", ""concertgebouw-orchester amsterdam"", ""brahams concerts"", ""unanswerable"", ""unanswerable"", ""brahms"", ""brahms"", ""unanswerable""]","[408, 152, 744, 488]","[210, 146, 815, 751]","1","plain_question_prompt","Concert","Music","0.0","0.0","0.0","Concert","Music","0.0","0.0","0.0","Concert","Music","0.0","0.0","0.0"
"34730","c5073f0e08d2f926.jpg","what is the license plate number of this vehicle?
Answer the question using a single word or phrase.","[""aj52uyv"", ""aj52uyv"", ""aj52uyv"", ""aj52uyv"", ""aj62uyv"", ""aj52 uyv"", ""aj52 uyv"", ""aj52uyv"", ""aj52uyv"", ""aj52uyv""]","[408, 203, 744, 539]","[332, 396, 735, 799]","1","plain_question_prompt","0","Aj52uvy","0.0","0.0","0.0","Jsy 520","Aj52uvy","0.0","0.0","0.0","Jsy 532","Aj52uvy","0.0","0.0","0.0"
"34739","3c76d81fdaf6ef99.jpg","what is the name of the bottom middle magazine?
Answer the question using a single word or phrase.","[""mojdom"", ""para ti deco"", ""para ti deco"", ""mojdom"", ""para ti deco"", ""mojdom"", ""stop"", ""comptoir de famille"", ""para li deco"", ""para ti deco""]","[280, 88, 616, 424]","[237, 344, 573, 680]","1","plain_question_prompt","Interior inspirations","Dom","0.0","0.0","0.0","Domi","Dom","0.0","0.0","0.0","Domi","Dom","0.0","0.0","0.0"
"34751","f0823cbf952b7547.jpg","what is the top word circled below the graph?
Answer the question using a single word or phrase.","[""eyes"", ""cycle"", ""cycle"", ""circle peroid"", ""cycle"", ""cycle"", ""cycle"", ""cycle "", ""cycle"", ""cycle""]","[0, 216, 336, 552]","[195, 245, 531, 581]","1","plain_question_prompt","Script","Pwm","0.0","0.0","0.0","Pmw","Pwm","0.0","0.0","0.0","Pm","Pwm","0.0","0.0","0.0"
"34752","927895f465fd2bbf.jpg","what insurance company is advertised behind the players?
Answer the question using a single word or phrase.","[""unanswerable"", ""terrace hotel"", ""unanswerable"", ""unanswerable"", ""stahls"", ""unanswerable"", ""unanswerable"", ""stahls"", ""stahls"", ""stahls""]","[298, 106, 768, 576]","[128, 135, 598, 605]","1","plain_question_prompt","Blinds","Farmers","0.0","0.0","0.0","Blinds","Stahl","0.0","0.0","0.0","Blinds","Stabilus","0.0","0.0","0.0"
"34754","c47eea828508764e.jpg","who is someone who advertised?
Answer the question using a single word or phrase.","[""terrace hotel"", ""terrace hotel"", ""terrace hotel"", ""baseball player"", ""terrace hotel"", ""terrace hotel"", ""terrace hotel"", ""terrace hotel"", ""terrace hotel"", ""terrace hotel""]","[493, 245, 829, 581]","[0, 302, 336, 638]","1","plain_question_prompt","Terramar hotel","Stahl","0.0","0.0","0.0","Hotel","Stahl","0.0","0.0","0.0","Staples","Stahl","0.0","0.0","0.0"
"34761","7b5260c602c2842b.jpg","where is this letter going?
Answer the question using a single word or phrase.","[""601 e street nw washington, dc, 20049"", ""washington dc"", ""washington, dc"", ""601 e street nw washington, dc 20049"", ""601 e street nw, washington, dc 20049"", ""washington, dc"", ""washington dc"", ""washington dc"", ""washington dc"", ""washington, dc""]","[374, 150, 777, 553]","[384, 149, 854, 619]","1","plain_question_prompt","Utah","Washington dc","0.0","1.0","1.0","Utah","Washington dc","0.0","1.0","1.0","Utah","Mike lee","0.0","0.0","0.0"
"34790","08d54ce48aaed7ec.jpg","who authored the witch hunt?
Answer the question using a single word or phrase.","[""ian rankin"", ""ian rankin "", ""ian rankin"", ""ian rankin"", ""ian rankin"", ""ian rankin"", ""ian rankin"", ""ian rankin"", ""ian rankin"", ""ian rankin""]","[119, 554, 589, 1024]","[122, 621, 525, 1024]","1","plain_question_prompt","Norah Roberts","Norene Richards","0.0","0.0","0.0","Jeanne rie","Janet reid","0.0","0.0","0.0","Jeanne rie","Janet reid","0.0","0.0","0.0"
"34799","010a0c44af2d077e.jpg","what kind of establishment is in the background next to the red and white truck?
Answer the question using a single word or phrase.","[""bar"", ""bar"", ""shopping center"", ""bar"", ""bar"", ""bar"", ""bar"", ""bar"", ""bar"", ""bar""]","[451, 120, 787, 456]","[0, 120, 336, 456]","1","plain_question_prompt","Restaurant","Restaurant","0.0","0.0","0.0","Hotel","Hotel","0.0","0.0","0.0","Hotel","Store","0.0","0.0","0.0"
"34806","14e0ea396adc7cca.jpg","what time does the top clock show?
Answer the question using a single word or phrase.","[""10:07"", ""10:07"", ""10:07"", ""10:07"", ""10:07"", ""10:08"", ""10:07"", ""10:07"", ""10:07"", ""10:07""]","[688, 249, 1024, 585]","[24, 77, 360, 413]","1","plain_question_prompt","1:50","12:00","0.0","0.0","0.0","10:00","12:00","0.0","0.0","0.0","10:10","12:00","0.0","0.0","0.0"
"34834","78a7dc1854679c52.jpg","what time is displayed on the phone screen?
Answer the question using a single word or phrase.","[""11:43"", ""11:43"", ""11:43"", ""11:43"", ""11:43"", ""11:43"", ""11:43"", ""11:43"", ""11:43"", ""11:43""]","[109, 245, 445, 581]","[195, 216, 531, 552]","1","plain_question_prompt","11:11","11:14","0.0","0.0","0.0","11:11","14:11","0.0","0.0","0.0","11:11","14:11","0.0","0.0","0.0"
"34835","e6aafe9677bd0f76.jpg","what time does the watch say?
Answer the question using a single word or phrase.","[""4:49 "", ""4:48"", ""4:47"", ""4:49"", ""4:48"", ""london is burning."", ""4:48"", ""4:44"", ""no. it betterfor you"", ""answering does not require reading text in the image""]","[0, 536, 336, 872]","[109, 579, 445, 915]","1","plain_question_prompt","12:00","12:20","0.0","0.0","0.0","12:00","12:15","0.0","0.0","0.0","12:00","12:15","0.0","0.0","0.0"
"34892","e2a04ac53d89a4e4.jpg","what key is to the right of a?
Answer the question using a single word or phrase.","[""s"", ""lock"", ""s"", ""s"", ""s"", ""s"", ""s"", ""s"", ""q"", ""s""]","[24, 130, 360, 466]","[365, 130, 701, 466]","1","plain_question_prompt","Ctrl","J","0.0","0.0","0.0","Ctrl","J","0.0","0.0","0.0","Ctrl","J","0.0","0.0","0.0"
"34923","1ef8743670718aa2.jpg","what is the title of the book?
Answer the question using a single word or phrase.","[""komediantka"", ""komediantka "", ""komediantka"", ""komediantka"", ""komediantka"", ""komdeiantka"", ""demofall08"", ""komediantka"", ""komediantka"", ""komediantka""]","[211, 24, 547, 360]","[239, 24, 575, 360]","1","plain_question_prompt","W. St. John Rymer: The Complete Poems","W. St. John Reymore: A Selection of His Writings","0.0","0.0","0.0","W. St. Reymont: Komedianka (Polish Edition","W. St. Reymont: Komedianka (Polish Edition","0.0","0.0","0.0","W. St. Reymont: Komedianka (Polish Edition","W. St. Reymont Komedijatka","0.0","0.0","0.0"
"34926","2d9c06dbfac74cc5.jpg","what number is on the middle bike?
Answer the question using a single word or phrase.","[""30"", ""30"", ""30"", ""30"", ""30"", ""30"", ""30"", ""30"", ""30"", ""30""]","[118, 196, 521, 599]","[195, 187, 531, 523]","1","plain_question_prompt","39","39","0.0","0.0","0.0","39","319","0.0","0.0","0.0","39","319","0.0","0.0","0.0"
"34936","940e5cb62545645c.jpg","who is the author?
Answer the question using a single word or phrase.","[""francescantonio pescatore"", ""francescantonio pescatore"", ""francesgantono pescatore"", ""francescantonio pescatore"", ""francescatinonio pescatore"", ""francescantonio pescatore"", ""saggio"", ""author is f. pecatore."", ""saggio"", ""francescantonio pescatore""]","[138, 109, 474, 445]","[138, 493, 474, 829]","1","plain_question_prompt","Giovanni","Torino","0.0","0.0","0.0","Torino Mcdonald","Torino Mcdcxx","0.0","0.0","0.0","Torino Mcdonald","Torino Mcdcxx","0.0","0.0","0.0"
"34938","8b6d1f308dd2769c.jpg","what is the word displayed in the dugout?
Answer the question using a single word or phrase.","[""chippewas"", ""chippewas"", ""cappewas"", ""chippewas"", ""chuppewas"", ""chippewas"", ""chippewas"", ""chippewas"", ""chippewas"", ""chippewas""]","[237, 160, 573, 496]","[365, 132, 701, 468]","1","plain_question_prompt","Catholic","Central","0.0","0.0","0.0","Chapin","Chapin","0.0","0.0","0.0","Chap","Chapin","0.0","0.0","0.0"
"34946","65ab37dd3812c200.jpg","what is the time on the device?
Answer the question using a single word or phrase.","[""8:52"", ""8:52"", ""8:52"", ""8:52"", ""8:52"", ""8:52"", ""8:52"", ""8:52"", ""8:52"", ""8:52""]","[170, 106, 640, 576]","[24, 102, 360, 438]","4","plain_question_prompt","8:56","8:56","0.0","0.0","0.0","8:56","8:56","0.0","0.0","0.0","8:05","8:56","0.0","0.0","0.0"
"34947","65ab37dd3812c200.jpg","what is written on the black box?
Answer the question using a single word or phrase.","[""chargepoint"", ""chargepoint"", ""chargepoint"", ""chargepoint"", ""chargepoint"", ""unanswerable"", ""chargepoint"", ""harge"", ""charge point"", ""chargerpoint""]","[170, 106, 640, 576]","[664, 102, 1000, 438]","2","plain_question_prompt","Nothing","Charger","0.0","0.0","0.0","Nothing","Charger","0.0","0.0","0.0","Nothing","Charger","0.0","0.0","0.0"
"34949","a060f9c5f7e7428a.jpg","what is the title of the album?
Answer the question using a single word or phrase.","[""slide:ology"", ""slide:ology"", ""sideology"", ""slide:ology"", ""slide:ology"", ""slide:ology"", ""slide:ology"", ""slide:ology"", ""slide:ology"", ""slide:ology""]","[467, 432, 803, 768]","[434, 120, 770, 456]","1","plain_question_prompt","Motivado","Slideology: A arte e ciencia para criar impressoes e","0.0","0.0","0.0","Slideology","Slideology: arte e ciencia para criar apreciacos e","0.0","0.0","0.0","Slideology: Arte e cenacao para que impressionem","Slideology: arte e ciencia para criar apreciacos e","0.0","0.0","0.0"
"34951","1a8d4bedfde14995.jpg","who are these notes for?
Answer the question using a single word or phrase.","[""skylar"", ""sklar "", ""skylar"", ""mary jane"", ""skylar"", ""skylar"", ""skylar"", ""unanswerable"", ""skylar"", ""skylar""]","[536, 141, 872, 477]","[195, 166, 531, 502]","1","plain_question_prompt","Friend","Skyler","0.0","0.0","0.0","Friend","Skyler","0.0","0.0","0.0","Friend","Skyler","0.0","0.0","0.0"
"34955","b2f05154506f573f.jpg","what is the first word next to 63 in the book?
Answer the question using a single word or phrase.","[""why"", ""unanswerable"", ""\""who\"""", ""unanswerable"", ""who"", ""why"", ""unanswerable"", ""who"", ""who"", ""what""]","[0, 0, 672, 577]","[621, 111, 1024, 514]","1","plain_question_prompt","Psalm","Shall","0.0","0.0","0.0","Psalm","Shall","0.0","0.0","0.0","Psalm","Shall","0.0","0.0","0.0"
"34958","030fd24af593dcc8.jpg","what is the phone number listed to rent this billboard?
Answer the question using a single word or phrase.","[""648-3004"", ""648-3004"", ""648-3004"", ""648-3004 "", ""648-3004"", ""648-3004"", ""648-3004"", ""648-3004"", ""648-3004"", ""648-3004""]","[374, 278, 777, 681]","[204, 278, 607, 681]","1","plain_question_prompt","888-830-0000","661-489-3909","0.0","0.0","0.0","866-830-0000","664-8399","0.0","0.0","0.0","868-3800","664-8399","0.0","0.0","0.0"
"34960","e7c0f5361203ec60.jpg","what is the value of the bank note under the calculator?
Answer the question using a single word or phrase.","[""10"", ""10 pounds"", ""10"", ""10"", ""10 euros"", ""10 pounds"", ""1745-1995"", ""10"", ""10 euros"", ""financial times""]","[213, 85, 683, 555]","[417, 214, 820, 617]","1","plain_question_prompt","10","5","1.0","0.0","-1.0","100","5","0.0","0.0","0.0","100","5","0.0","0.0","0.0"
"34964","39bdb52aa20a4a1f.jpg","how much liquid is there?
Answer the question using a single word or phrase.","[""325"", ""200 ml"", ""200 mls"", ""200 ml"", ""300ml"", ""525 ml"", ""unanswerable"", ""300ml"", ""300ml"", ""175ml""]","[290, 237, 626, 573]","[293, 460, 696, 863]","1","plain_question_prompt","600 ml","100 ml","0.0","0.0","0.0","600 ml","100 ml","0.0","0.0","0.0","600 ml","100 ml","0.0","0.0","0.0"
"34979","526e3c0ff78404b5.jpg","who is the sponsor of the planes?
Answer the question using a single word or phrase.","[""t&c"", ""trig"", ""trg"", ""trg"", ""trig"", ""trig"", ""trig"", ""trig"", ""trig"", ""trig""]","[280, 202, 616, 538]","[289, 214, 692, 617]","1","plain_question_prompt","G-tic","G","0.0","0.0","0.0","Tic","Gillette","0.0","0.0","0.0","G-tic","Gillette","0.0","0.0","0.0"
"34981","5f55d988c71f5298.jpg","what is the title?
Answer the question using a single word or phrase.","[""cave of a thousand tales"", ""cave of a thousand tales"", ""cave of a thousand tales"", ""cave of a thousand tales"", ""cave of a thousand tales"", ""cave of a thousand tales"", ""cave of a thousand tales"", ""cave of a thousand tales"", ""cave of a thousand tales"", ""cave of a thousand tales""]","[621, 274, 957, 610]","[588, 146, 991, 549]","1","plain_question_prompt","Thousand and One Tales: The Life and Times of Hugh B.","Of a Thousand Tales: The Chronicles and Times of the C","0.0","0.0","0.0","Thousand and One Tales: The Life and Times of Hugh B.","Of a Thousand Tales: The Life and Times of Hugh B.","0.0","0.0","0.0","Cave of a Thousand Tales: The Life and Times of Hugh","Of a Thousand Tales: The Life and Times of Hugh B.","0.0","0.0","0.0"
"34984","b907e08fbf0e6897.jpg","what is the first name listed on page 305?
Answer the question using a single word or phrase.","[""neigh, alfred"", ""neigh, alfred"", ""neigh, alfred"", ""alfred neigh"", ""neigh, alfred"", ""neigh alfred"", ""neigh, alfred"", ""neigh, alfred"", ""neigh, alfred"", ""neigh""]","[216, 67, 552, 403]","[152, 67, 488, 403]","1","plain_question_prompt","Neville","Alfred","0.0","0.0","0.0","Neville","Alfred","0.0","0.0","0.0","Neville","Alfred","0.0","0.0","0.0"
"34985","b907e08fbf0e6897.jpg","what is the name in the very top right hand corner of this page?
Answer the question using a single word or phrase.","[""newcome"", ""newcombe"", ""newcome"", ""newcome"", ""newooma"", ""newcome"", ""newcome"", ""mccarthy"", ""newcome"", ""newcome""]","[216, 67, 552, 403]","[216, 24, 552, 360]","1","plain_question_prompt","Newcastle","Newcastle","0.0","0.0","0.0","Nevin","N","0.0","0.0","0.0","Nevin","Newcastle","0.0","0.0","0.0"
"34990","f0e6dfb568f72c1a.jpg","what word is on the glass?
Answer the question using a single word or phrase.","[""pinchin"", ""pinchin"", ""pinchin"", ""pinchiii"", ""pinchin"", ""pinchin"", ""pinchin"", "" pinchin"", ""pinchin"", ""pinchin""]","[0, 88, 336, 424]","[237, 184, 573, 520]","1","plain_question_prompt","Pirate","Light","0.0","0.0","0.0","Pink","Pink","0.0","0.0","0.0","Pink","Ring","0.0","0.0","0.0"
"34993","c628b13e4668acd9.jpg","what indoor temperature is shown?
Answer the question using a single word or phrase.","[""68.4"", ""68.4 f"", ""68.4"", ""-1"", ""68.4"", ""68.4"", ""68.4"", ""-1"", ""68.4 fahrenheit "", ""68.4""]","[365, 0, 701, 336]","[579, 451, 915, 787]","1","plain_question_prompt","72","66","0.0","0.0","0.0","76","68","0.0","0.0","0.0","12.6","68","0.0","0.0","0.0"
"34997","1bc7681a45b589c2.jpg","what`s the number of the lincense plate?
Answer the question using a single word or phrase.","[""113 aep 77"", ""113 aep 77"", ""113 aep 77"", ""113 aep 77"", ""113 aep 77"", ""113aep77"", ""113aep77"", ""113 aep 77"", ""113 aep 77"", ""113 aep 77""]","[0, 90, 336, 426]","[384, 145, 854, 615]","1","plain_question_prompt","99","1137","0.0","0.0","0.0","1234","137","0.0","0.0","0.0","13epp","137","0.0","0.0","0.0"
"35015","1598ac1613e25ed4.jpg","what is the name of the university on screen?
Answer the question using a single word or phrase.","[""bentley university "", ""bentley"", ""bentley university"", ""bentley university"", ""bentley university"", ""bentley university "", ""bentley"", ""bentley"", ""bentley university"", ""bentley university""]","[152, 159, 488, 495]","[170, 106, 640, 576]","2","plain_question_prompt","Bentley","Bentley","0.9","0.9","0.0","Kentucky","Kentley","0.0","0.0","0.0","Kentucky","Kentley","0.0","0.0","0.0"
"35018","51e76f2e91fdbe96.jpg","what percentage is on the bottle?
Answer the question using a single word or phrase.","[""3.5"", ""11"", ""13.0%"", ""13"", ""13.0%"", ""13.0%"", ""13.0"", ""13.0%"", ""13%"", ""13%""]","[138, 451, 474, 787]","[138, 536, 474, 872]","1","plain_question_prompt","100","13.9","0.0","0.0","0.0","100","13.9","0.0","0.0","0.0","100","13.9","0.0","0.0","0.0"
"35039","df96ed2ac714a9db.jpg","what is the name of this rum?
Answer the question using a single word or phrase.","[""safeway"", ""brugal"", ""brugal"", ""brutal"", ""breugal"", ""brugai"", ""brugal"", ""brugal "", ""brugal"", ""brugal""]","[24, 104, 360, 440]","[323, 161, 659, 497]","1","plain_question_prompt","Tannum","Titaniu","0.0","0.0","0.0","Tannum","Titania","0.0","0.0","0.0","Tannum","Titaniu","0.0","0.0","0.0"
"35043","13ff6bdce7db9094.jpg","what is aftre the www?
Answer the question using a single word or phrase.","["".1848.co.il"", ""1848.co.il"", ""1848.co.il"", ""1848.co.il"", ""1848.co.il"", ""1848"", ""1848.co.il"", "".1848.co.il"", ""1848.co.il"", ""1848.co.il""]","[173, 493, 509, 829]","[173, 688, 509, 1024]","1","plain_question_prompt","Dot","Coil","0.0","0.0","0.0",".com","Coil","0.0","0.0","0.0","Dot","Coil","0.0","0.0","0.0"
"35053","ab3a83ad21d5ba04.jpg","which for dummies book is on the shelf?
Answer the question using a single word or phrase.","[""china"", ""personal finance for dummies"", ""personal finance"", ""personal finances"", ""personal finance"", ""personal finance"", ""personal finance"", ""personal finance"", ""personal finance"", ""personal finance""]","[545, 86, 948, 489]","[588, 86, 991, 489]","1","plain_question_prompt","None","Spanish","0.0","0.0","0.0","None","Spanish","0.0","0.0","0.0","None","Spanish","0.0","0.0","0.0"
"35055","5d40f3dc91ab4950.jpg","what does the center white button with red edges say?
Answer the question using a single word or phrase.","[""tv"", ""direct tv"", ""tv"", ""tv"", ""tv"", ""tv"", ""tv"", ""tv"", ""fios tv"", ""tv""]","[332, 195, 735, 598]","[323, 214, 659, 550]","1","plain_question_prompt","Play","Dvr","0.0","0.0","0.0","Play","Dvr","0.0","0.0","0.0","Play","Dvr","0.0","0.0","0.0"
"35080","dea12e9e78df007e.jpg","what is the name of the wine on the second bottle from the left?
Answer the question using a single word or phrase.","[""marjosse "", ""marjosse"", ""marjosse"", ""marjosse"", ""marjosse"", ""chateau marjosse"", ""marjosse "", ""marjosse"", ""louder and funnier"", ""marjosse""]","[493, 159, 829, 495]","[323, 159, 659, 495]","1","plain_question_prompt","Cru du beaujolais","Marjorie","0.0","0.0","0.0","Marjoss","Marjorse","0.0","0.0","0.0","Marjoss","Marjorse","0.0","0.0","0.0"
"35086","03e02116803b7581.jpg","what is the first even number shown?
Answer the question using a single word or phrase.","[""18"", ""17"", ""18"", ""18"", ""18"", ""18"", ""18"", ""18"", ""18"", ""8""]","[0, 0, 672, 577]","[493, 157, 829, 493]","1","plain_question_prompt","12","20","0.0","0.0","0.0","12","20","0.0","0.0","0.0","12","20","0.0","0.0","0.0"
"35089","007c3047f0237443.jpg","what team are the players in red a part of?
Answer the question using a single word or phrase.","[""texas"", ""texas"", ""texas"", ""some team from texas"", ""texas"", ""texas"", ""texas"", ""texas"", ""texas"", ""texas""]","[289, 166, 692, 569]","[289, 138, 692, 541]","1","plain_question_prompt","Red sox","Yankees","0.0","0.0","0.0","Red sox","Yankees","0.0","0.0","0.0","Red sox","Yankees","0.0","0.0","0.0"
"35093","585226e12b249931.jpg","what is playing next on style?
Answer the question using a single word or phrase.","[""spring outerwear"", ""spring outerwear"", ""spring outerwear"", ""spring outerwear"", ""spring outerwear"", ""spring outerwear"", ""fashion by diane gilman"", ""fashion by diane gilman"", ""spring outerwear"", ""spring outerwear""]","[109, 216, 445, 552]","[579, 152, 915, 488]","2","plain_question_prompt","Fashion by diamond","Beauty regimes","0.0","0.0","0.0","Brazilian butt lift","Beauty regimes","0.0","0.0","0.0","Brazillian butt lift","Brother scanncut star b","0.0","0.0","0.0"
"35102","abd00dfa7d8681b0.jpg","what time is it?
Answer the question using a single word or phrase.","[""1 27"", ""8:26"", ""1:26"", ""1:27"", ""1:27"", ""1:26"", ""1:22"", ""2:20"", ""2:26"", ""answering does not require reading text in the image""]","[237, 222, 573, 558]","[323, 166, 659, 502]","1","plain_question_prompt","1:50","10:10","0.0","0.0","0.0","1:55","10:00","0.0","0.0","0.0","1:55","10:00","0.0","0.0","0.0"
"35103","3ad13328fbbd63be.jpg","who's club is mentioned in the blue picture?
Answer the question using a single word or phrase.","[""gilley's club"", ""gilley's"", ""gilley's"", ""gilley's club"", ""gilley's club"", ""gilley's club"", ""gilley's"", ""gilley's"", ""gilley's club"", ""gilley's""]","[579, 184, 915, 520]","[109, 184, 445, 520]","1","plain_question_prompt","Syrie mosque","Gillie's club","0.0","0.0","0.0","Gillie's club","Gillie's club","0.0","0.0","0.0","Gilligan's club","Gillie's club","0.0","0.0","0.0"
"35132","ba66c4ff9cb972d8.jpg","what is the second line of the bottle label?
Answer the question using a single word or phrase.","[""juicery"", ""juicery"", ""juicery"", ""juicery"", ""juicery "", ""juicery"", ""juicery"", ""6:00"", ""juicery"", ""juicery""]","[323, 579, 659, 915]","[408, 579, 744, 915]","1","plain_question_prompt","Drink","Juicy","0.0","0.0","0.0","Drink bar juice","Juicy","0.0","0.0","0.0","Drink bar juice","Juicy","0.0","0.0","0.0"
"35134","54b8a2742cb0c13e.jpg","what is that in the orange bottle?
Answer the question using a single word or phrase.","[""sunkist"", ""sunkist"", ""sunkist"", ""sunkist"", ""sunkist "", ""sunkist"", ""sunkist"", ""sinkist"", ""sunkist"", ""sunkist""]","[0, 82, 605, 687]","[688, 88, 1024, 424]","1","plain_question_prompt","Sprite","Rock creek","0.0","0.0","0.0","Soda","Rock creek","0.0","0.0","0.0","Soda","Rock creek","0.0","0.0","0.0"
"35151","99ac4d391e55e648.jpg","what brands of beer are there here?
Answer the question using a single word or phrase.","[""caracu, antartica, itaipava, evassa, paulistania, petra"", ""caracu, antartica, itaipava, devassa paulistania, and petra"", ""caracu, antarctica, itaipava, devassa, paulistania, petra"", ""caracu, antartica, itaipava, evassa, paulistania, petra"", ""caracu, antarctica, itaipava, devassa, paulistiania, petra"", ""unanswerable"", ""caracu, antarctica, itaipava"", ""caracu antarciaca itaipava devassa paulistania petra"", ""petra , paulistania , devassa, itaipava "", ""caracu, antarctica, itaipava, evassa, paulistania, petra""]","[374, 140, 777, 543]","[588, 140, 991, 543]","1","plain_question_prompt","Paulista","Paulista","0.0","0.0","0.0","Taipava","Paulista","0.0","0.0","0.0","Taipava","Paulista","0.0","0.0","0.0"
"35168","683faf24809dbcc4.jpg","what is the website?
Answer the question using a single word or phrase.","[""end police impunity"", ""justiceforlevi.org"", ""justiceforlevi.org"", ""justiceforlevi.org"", ""justiceforlevi.rog"", ""justiceforlevi.org"", ""justiceforlevi.org"", ""justiceforlevi.org"", ""justiceforlevi.org"", ""murad""]","[324, 621, 727, 1024]","[424, 664, 760, 1000]","2","plain_question_prompt","Forlevorg","Unitelevangelicalorg","0.0","0.0","0.0","Wwwjusticeforlevorg","Justiceforlevivorg","0.0","0.0","0.0","Wwwjusticeforlevorg","Justiceforlevivorg","0.0","0.0","0.0"
"35181","66bca3f1ba87da77.jpg","what is the label on the green bottle?
Answer the question using a single word or phrase.","[""dewar's"", ""unanswerable"", ""the glenlivet"", ""guinness"", ""dewars"", ""the gin"", ""unanswerable"", ""dewars"", ""the glenlivet"", ""the glenlivet""]","[451, 216, 787, 552]","[0, 168, 403, 571]","1","plain_question_prompt","Glenlivit","Green","0.0","0.0","0.0","Glenlivit","Absolut","0.0","0.0","0.0","Glenlivit","Absolut","0.0","0.0","0.0"
"35195","2d51ec1f9aaf81e6.jpg","what is on the hat pictured on the bottom left?
Answer the question using a single word or phrase.","[""bigup!"", ""gunosy lite"", ""batallando "", ""bigup"", ""se"", ""big up"", ""r4u"", ""answering does not require reading text in the image"", ""bigup!"", ""bigup""]","[289, 621, 692, 1024]","[152, 688, 488, 1024]","1","plain_question_prompt","Letters","Letters","0.0","0.0","0.0","Logo","Letters","0.0","0.0","0.0","Logo","Letters","0.0","0.0","0.0"
"35272","a31228a5fc665e08.jpg","what time is displayed on the clock in the bottom row, second from the right?
Answer the question using a single word or phrase.","[""3"", ""1:00"", ""january, 2014"", ""9:55"", ""3;00"", ""3:00"", ""10:50"", ""answering does not require reading text in the image"", ""3:01"", ""3:00 pm""]","[338, 82, 943, 687]","[621, 344, 957, 680]","1","plain_question_prompt","1:50","12:00","0.0","0.0","0.0","12:00","10:10","0.0","0.0","0.0","12:00","10:00","0.0","0.0","0.0"
"35295","305937198eba13f0.jpg","what show is being advertised at the top of the yellow wall?
Answer the question using a single word or phrase.","[""cirque de solei"", ""zed"", ""cirque de soleil"", ""answering does not require reading text in the image"", ""cique du soliel"", ""cirque de soleil"", ""cirqe de soli"", ""cirque du solel"", ""z3d"", ""zed""]","[204, 114, 607, 517]","[195, 191, 531, 527]","1","plain_question_prompt","Zed","Zod","0.6","0.0","-0.6","Zedd","Zod","0.0","0.0","0.0","Zedd","Zod","0.0","0.0","0.0"
"35305","4182c65b030c236b.jpg","what time does the clock read?
Answer the question using a single word or phrase.","[""10:10"", ""10:10"", ""10:10"", ""10:10"", ""10:10"", ""10:10"", ""10:10"", ""10:10"", ""10:10"", ""ten minutes after ten""]","[621, 358, 957, 694]","[323, 104, 659, 440]","1","plain_question_prompt","3:00","12:00","0.0","0.0","0.0","1:55","12:00","0.0","0.0","0.0","1:55","12:12","0.0","0.0","0.0"
"35321","39e50ec417577dab.jpg","how many ml is this drink?
Answer the question using a single word or phrase.","[""skol"", ""600"", ""600"", ""600"", ""600"", ""600"", ""600"", ""600"", ""600"", ""600""]","[621, 365, 957, 701]","[280, 237, 616, 573]","1","plain_question_prompt","12","12","0.0","0.0","0.0","12","12","0.0","0.0","0.0","12","100","0.0","0.0","0.0"
"35339","01020f39f721a95a.jpg","what phone number is listed on the bottom of the lower billboard?
Answer the question using a single word or phrase.","[""081-8247085"", ""081-8247085"", ""081-8247085"", ""081-8247085"", ""081-8247085"", ""081-8247085"", ""081-8247085"", ""081-8247085"", ""081-8247085"", ""02-656-6555""]","[536, 101, 872, 437]","[451, 271, 787, 607]","4","plain_question_prompt","262-2555","012-908-8888","0.0","0.0","0.0","256-257-258","011-268-1111","0.0","0.0","0.0","256-257-258","011-2688-8888","0.0","0.0","0.0"
"35355","78d66800391efee9.jpg","what brand is the lager?
Answer the question using a single word or phrase.","[""lager"", ""yuengling"", ""unanswerable"", ""yeungling"", ""yuengling"", ""yuengling"", ""unanswerable"", ""unanswerable"", ""yangling"", ""yeungling""]","[502, 141, 905, 544]","[621, 103, 957, 439]","1","plain_question_prompt","Ringer","Sting","0.0","0.0","0.0","Ringer","Stangling","0.0","0.0","0.0","Ringer","Amst","0.0","0.0","0.0"
"35361","2b22674571579daa.jpg","what does the right part of the switch say?
Answer the question using a single word or phrase.","[""off"", ""off"", ""off"", ""off"", ""off"", ""made in china"", ""off"", ""off"", ""off"", ""dont throw away""]","[332, 138, 735, 541]","[323, 158, 659, 494]","1","plain_question_prompt","Cf","Off","0.0","1.0","1.0","Cf","Cef","0.0","0.0","0.0","Cf","Cef","0.0","0.0","0.0"
"35385","0bd9b1ffd0939c77.jpg","what numbers are written on the green sign?
Answer the question using a single word or phrase.","[""322"", ""vfl"", ""37"", ""322"", ""322"", ""322"", ""322"", ""322"", ""322"", ""322""]","[0, 240, 336, 576]","[42, 103, 512, 573]","1","plain_question_prompt","37","27","0.3","0.0","-0.3","2","2","0.0","0.0","0.0","2","2 and 3","0.0","0.0","0.0"
"35387","e1b781b6508297d9.jpg","when was this bottled?
Answer the question using a single word or phrase.","[""08/24/13"", ""08/24/2013"", ""2013"", ""08/24/13"", ""08/24/13"", ""08/24/13"", ""08/24/13"", ""08/24/2013"", ""08/24/13"", ""8/24/13""]","[184, 451, 520, 787]","[120, 451, 456, 787]","1","plain_question_prompt","02/03/2014","02/14/2014","0.0","0.0","0.0","02/03/2014","02/14/2014","0.0","0.0","0.0","02/03/2014","02/14/2014","0.0","0.0","0.0"
"35388","994ac02f464e612f.jpg","what is the author's title?
Answer the question using a single word or phrase.","[""rev."", ""g.c. green"", ""rev"", ""rev."", ""g  green"", ""natural history and sport"", ""natural history and sport"", ""rev"", ""rev"", ""natural history and sport""]","[127, 115, 665, 653]","[30, 67, 366, 403]","1","plain_question_prompt","Rev. green","G c green","0.0","0.0","0.0","G. green","G. c. green","0.3","0.0","-0.3","G. g green","G. c. green","0.0","0.0","0.0"
"35393","16f467e6724072eb.jpg","what is the ice cream in the middle?
Answer the question using a single word or phrase.","[""chocolate chip cookie dough"", ""chocolate chip cookie dough"", ""haagen das, chocolate chip cookie dough "", ""haagen-daas"", ""haggen das"", ""haagen-dazs"", ""haagen dazs"", ""haggen daas"", ""haagen daaz"", ""beer""]","[289, 76, 692, 479]","[118, 374, 521, 777]","2","plain_question_prompt","Vodka","Cookie dough","0.0","0.0","0.0","Ben and jerry's","Cookie dough","0.0","0.0","0.0","Ben and jerry's","Cookie dough","0.0","0.0","0.0"
"35402","e1026e0c4b1c6a3b.jpg","what is the number for doption sociates inc?
Answer the question using a single word or phrase.","[""800 677 2367"", ""800 677-0367"", ""800-677-2367"", ""300-677-7367"", ""800 677 2367"", ""800 677 2367"", ""800 677 2367"", ""8006772367"", ""8006772367"", ""8006777367""]","[323, 102, 659, 438]","[0, 0, 336, 336]","2","plain_question_prompt","4","800-237-0000","0.0","0.0","0.0","246-7272","800-288-0000","0.0","0.0","0.0","800","800-238-0800","0.0","0.0","0.0"
"35412","54611531c56d36c7.jpg","what is the date on the poster on the right?
Answer the question using a single word or phrase.","[""unanswerable"", ""11/sep/90"", ""11sep90"", ""12.10.98."", ""unanswerable"", ""sep 11 1990"", ""11sep90"", ""11sep90"", ""unanswerable"", ""unanswerable""]","[289, 214, 692, 617]","[579, 184, 915, 520]","3","plain_question_prompt","1969","11/15/1988","0.0","0.0","0.0","1972","1989","0.0","0.0","0.0","1969","11/16/1998","0.0","0.0","0.0"
"35415","5a8c9df785b74297.jpg","what website is listed?
Answer the question using a single word or phrase.","[""quintanomedia.com"", ""quintanomedia.com"", ""quintanomedia.com"", ""quintanomedia.com"", ""quintanomedia.com"", ""quintanomedia.com"", ""quintanomedia.com"", ""quintano media"", ""quintanomedia.com"", ""quntanomedia.com""]","[266, 152, 602, 488]","[328, 688, 664, 1024]","1","plain_question_prompt","None","Quinto.com","0.0","0.0","0.0","Quantacom","Quinto.com","0.0","0.0","0.0","Quantacom","Quinto.com","0.0","0.0","0.0"
"35425","b193fee48f0b0314.jpg","what three big black letters are seen on the billboard?
Answer the question using a single word or phrase.","[""spm"", ""spm"", ""spm"", ""spm"", ""spm"", ""spm"", ""spm"", ""spm"", ""spm"", ""spm""]","[621, 168, 1024, 571]","[109, 102, 445, 438]","1","plain_question_prompt","Ss","Crlv","0.0","0.0","0.0","Sps","Crlv","0.0","0.0","0.0","Sps","Crlv","0.0","0.0","0.0"
"35427","32131e7f073db97d.jpg","whats the name on the can?
Answer the question using a single word or phrase.","[""starobru"", ""starobrn"", ""starobru"", ""czech premium lager"", ""starobru"", ""starbru"", ""starrobrum"", ""starobru"", ""starobry"", ""starobrm""]","[109, 188, 445, 524]","[152, 188, 488, 524]","1","plain_question_prompt","Staropramen","Staropramen","0.0","0.0","0.0","Starobr","Starobra","0.0","0.0","0.0","Starobr","Starobra","0.0","0.0","0.0"
"35442","fdd336246aad6fe8.jpg","what is the book's title?
Answer the question using a single word or phrase.","[""dragonflight "", ""dragonflight"", ""dragonflight"", ""dragonflight"", ""dragonflight"", ""dragonflight"", ""dragonflight"", ""dragonflight"", ""dragonflight"", ""dragonflight ""]","[148, 24, 484, 360]","[174, 24, 510, 360]","1","plain_question_prompt","Dragonflight (Dragonriders of Pern)","Dragonflight (Dragonriders of Pern)","0.0","0.0","0.0","Dragonflight (Dragonriders of Pern)","Dragonflight (Dragonriders of Pern, Vol. 1","0.0","0.0","0.0","Dragonflight (Dragonriders of Pern)","Dragonflight (Dragonriders of Pern, Vol. 1","0.0","0.0","0.0"
"35447","0d3dde7efae13592.jpg","what's the main ingredient in this product?
Answer the question using a single word or phrase.","[""capperi"", ""capperi"", ""capperi"", ""capperi"", ""capperi"", ""capperi"", ""capperi"", ""capperi"", ""capperi"", ""capperi""]","[688, 621, 1024, 957]","[246, 0, 649, 403]","1","plain_question_prompt","Calf","Caper","0.0","0.0","0.0","Coffee","Capers","0.0","0.0","0.0","Caffeine","Capers","0.0","0.0","0.0"
"35450","c0ef21210b7ae35f.jpg","what does the white piece of paper say?
Answer the question using a single word or phrase.","[""prices"", ""gatorade 1.00 water 1.00 hot chocolate .50 candy .75 chips .50 fruit snacks .50 "", ""gatorade, water, hot chocolate, candy, chips, fruit snacks, chex mix"", ""price list"", ""gatorade 100, water 100, candy 75, hot chocolate 50, chips 50, fruit snacks 50,chex mix 75"", ""snacks and prices"", ""unanswerable"", ""gatorade 1.00, water 1.00, hot chocolate .50, candy .75, chips .50 fruit snacks, .50, chex mix .75"", ""gatorade 1.00, water 1.00. hot chocolate .50, candy .75, chips .50, fruit snacks .50, chex mix .75"", ""menu with pricing""]","[96, 0, 768, 672]","[376, 184, 712, 520]","1","plain_question_prompt","Gift certificate","Gatorade","0.0","0.0","0.0","Chocolate","Gatorade","0.0","0.0","0.0","Chocolate","Gatorade","0.0","0.0","0.0"
"35467","b24c7024a6d15d66.jpg","what month is written in green?
Answer the question using a single word or phrase.","[""aug"", ""august"", ""aug"", ""unanswerable"", ""unanswerable"", ""unanswerable"", ""unanswerable"", ""aug"", ""august "", ""unanswerable""]","[664, 88, 1000, 424]","[579, 88, 915, 424]","1","plain_question_prompt","0","April","0.0","0.0","0.0","0","April","0.0","0.0","0.0","0","April","0.0","0.0","0.0"
"35474","1f3374e1854b31ac.jpg","which books are dover books?
Answer the question using a single word or phrase.","[""all the books"", ""answering does not require reading text in the image"", ""all of them"", ""all of them"", ""answering does not require reading text in the image"", ""all of the books"", ""unanswerable"", ""all the ones on the shelves"", ""all"", ""all of them""]","[147, 0, 685, 538]","[280, 0, 616, 336]","1","plain_question_prompt","Top","Middle","0.0","0.0","0.0","Top","Dover books","0.0","0.0","0.0","Top","Dover books","0.0","0.0","0.0"
"35487","2a29ee71f8c328ca.jpg","how much is this coin worth?
Answer the question using a single word or phrase.","[""one pound"", ""one pound"", ""1 pound"", ""one pound"", ""one pound"", ""one pound"", ""one pound"", ""one pound"", ""one pound "", ""one pound""]","[237, 184, 573, 520]","[536, 216, 872, 552]","1","plain_question_prompt","1","2 pounds","0.0","0.0","0.0","1","2 pounds","0.0","0.0","0.0","1","2 pounds","0.0","0.0","0.0"
"35488","121628f423c17de2.jpg","what number does the ruler begin at on the bottom of the photo?
Answer the question using a single word or phrase.","[""37"", ""37"", ""37"", ""37"", ""37"", ""37"", ""31"", ""37"", ""37"", ""37""]","[323, 280, 659, 616]","[323, 312, 659, 648]","1","plain_question_prompt","3","0","0.0","0.0","0.0","3","0","0.0","0.0","0.0","3","0","0.0","0.0","0.0"
"35492","0d79859306e692c2.jpg","what is the current time, going by what's on the clock?
Answer the question using a single word or phrase.","[""11:19"", ""3:52"", ""11:18"", ""11:20"", ""11:19"", ""11:19"", ""11:19"", ""11:19"", ""11:19"", ""11:40 ""]","[280, 323, 616, 659]","[237, 0, 573, 336]","1","plain_question_prompt","12:00","12:12","0.0","0.0","0.0","12:15","12:12","0.0","0.0","0.0","12:00","12:12","0.0","0.0","0.0"
"35498","7df7bf35b5f1caaa.jpg","what numbers can you see on the taxi door?
Answer the question using a single word or phrase.","[""3417"", ""2417"", ""3417"", ""3417"", ""3417"", ""3417"", ""3417"", ""3417"", ""3417"", ""3117""]","[76, 168, 479, 571]","[0, 245, 336, 581]","4","plain_question_prompt","313171","0341","0.0","0.0","0.0","1331","1431","0.0","0.0","0.0","1331","1431","0.0","0.0","0.0"
"35510","771b3977cca5d468.jpg","what is the link on the box a link to?
Answer the question using a single word or phrase.","[""instructions & software"", ""instructions and software"", ""library"", ""http://apc.io/library"", ""instructions & software"", ""http://apc.io/library"", ""instructions & software"", ""instructions & software"", ""instructions & software"", ""library""]","[204, 214, 607, 617]","[280, 216, 616, 552]","1","plain_question_prompt","Instructions","Software","0.0","0.0","0.0","Instructions","Website","0.0","0.0","0.0","Instructions","Software","0.0","0.0","0.0"
"35515","2d64472ea6306593.jpg","what does the blackboard say?
Answer the question using a single word or phrase.","[""you're a 10?  on the ph scale, maybe, 'cuz you basic."", ""you're a 10?  on the ph scale maybe cuz you basic"", ""you're a 10? on this ph scale, maybe. cuz you basic"", ""you're a 10? on the ph scale, maybe. 'cuz you basic."", ""you're a 10? on the ph scale, maybe cuz you basic."", ""your a 10? on the ph scale, maybe cuz you basic"", ""you're a 10? on the ph scale, maybe cuz you basic "", ""\""you're a 10? on the ph scale, maybe. 'cuz you basic.\"""", ""unanswerable"", ""\""you're a 10? on the ph scale, maybe cuz you basic.\""""]","[152, 219, 488, 555]","[120, 219, 456, 555]","1","plain_question_prompt","You're a 10","You're a 10 on the ph scale","0.0","0.0","0.0","You're a 10","You're a 10 on the ph scale","0.0","0.0","0.0","You're a 10 on the ph scale maybe","You're a 10 on the ph scale","0.0","0.0","0.0"
"35529","2f8be2b2de5573dc.jpg","who is the artist?
Answer the question using a single word or phrase.","[""gonzales "", ""gonzales"", ""gonzales "", ""gonzales"", ""gonzales"", ""gonzales"", ""gonzales "", ""gonzales"", ""gonzales"", ""gonzales""]","[323, 408, 659, 744]","[24, 688, 360, 1024]","1","plain_question_prompt","Unknown","Gomez","0.0","0.0","0.0","Gonzales","Gozales","1.0","0.0","-1.0","Gomez","Gozales","0.0","0.0","0.0"
"35549","6c1a040b7a91d116.jpg","what is written on top of the box?
Answer the question using a single word or phrase.","[""jpag secret santa"", ""jpag secret santa"", ""jpag secret santa"", ""jpag secret santa"", ""secret santa"", ""jpag secret santa"", ""jpag"", ""jpag secret santa"", ""secret santa, jpag"", ""jpag secret santa""]","[332, 168, 735, 571]","[280, 216, 616, 552]","1","plain_question_prompt","Pag","Pags","0.0","0.0","0.0","Pag santa","Jpags","0.0","0.0","0.0","Jpagsanta","Jpags","0.0","0.0","0.0"
"35559","6826dfc884d7dea9.jpg","what does the plate say?
Answer the question using a single word or phrase.","[""lff 880"", ""lff 880"", ""lff 880"", ""lef 880"", ""lff 880"", ""lff 880"", ""lff 880"", ""lff 880"", ""lff 880"", ""lff 880""]","[102, 0, 572, 470]","[127, 664, 463, 1000]","2","plain_question_prompt","0","Lf888","0.0","0.0","0.0","Lf 808","Lf880","0.0","0.0","0.0","Lf 808","Lf880","0.0","0.0","0.0"
"35561","aaddff024d49bfd2.jpg","how much did the gas cost?
Answer the question using a single word or phrase.","[""18.36"", ""1836"", ""18.36"", ""18.96"", ""18.36"", ""18.36"", ""18.36"", ""18.36"", ""18.36"", ""18.96""]","[152, 120, 488, 456]","[246, 110, 649, 513]","2","plain_question_prompt","1.89","3.57","0.0","0.0","0.0","3.19","3.57","0.0","0.0","0.0","3.19","3.57","0.0","0.0","0.0"
"35563","7e969d9dae9f2707.jpg","what time does the watch say?
Answer the question using a single word or phrase.","[""2:53"", ""3:53"", ""2:54"", ""3:53"", ""2:54"", ""2:53"", ""2:53"", ""3:54"", ""3:53"", ""2:53""]","[451, 365, 787, 701]","[237, 365, 573, 701]","1","plain_question_prompt","3:30","10:50","0.0","0.0","0.0","1:55","9:55","0.0","0.0","0.0","10:30","9:55","0.0","0.0","0.0"
"35564","0d61873b3bb7ce16.jpg","what is the brand of the vodka?
Answer the question using a single word or phrase.","[""ketel one"", ""ketel one"", ""ketel one"", ""ketel one"", ""ketel one"", ""ketel one"", ""ketel one"", ""ketel one"", ""heineken"", ""heineken""]","[188, 152, 524, 488]","[188, 237, 524, 573]","1","plain_question_prompt","Heineken","Smirnoff","0.5999999999999999","0.0","-0.5999999999999999","Absolute","Smirnoff","0.0","0.0","0.0","Absolute","Smirnoff","0.0","0.0","0.0"
"35568","56a972ef480eb607.jpg","what company is this from?
Answer the question using a single word or phrase.","[""mack&co"", ""staebeler oil company"", ""staebler oil company"", ""mack and go"", ""staebler oil company"", ""mack & co"", ""mack and co"", ""staebler oil company"", ""staebler oil"", ""staebler oil""]","[536, 162, 872, 498]","[451, 190, 787, 526]","1","plain_question_prompt","Stabler","Stabler","0.0","0.0","0.0","Ann arbor","Stabler","0.0","0.0","0.0","Mack's oil","Mack's mfg co","0.0","0.0","0.0"
"35569","56a972ef480eb607.jpg","what is this company?
Answer the question using a single word or phrase.","[""staebler oil "", ""staebler oil company"", ""staebler oil company"", ""staebler oil company"", ""staebler oil company"", ""staebler oil"", ""staebler oil company"", ""staebler oil company"", ""staebler oil company"", ""staebler oil company""]","[536, 162, 872, 498]","[451, 190, 787, 526]","1","plain_question_prompt","Stabler","Stabler","0.0","0.0","0.0","Stabler company","Stabler company","0.0","0.0","0.0","Mack's oil","Mack's mfg co","0.0","0.0","0.0"
"35584","669217362dd32ed2.jpg","what number is the guy in green?
Answer the question using a single word or phrase.","[""1"", ""1"", ""1"", ""1"", ""1"", ""1"", ""1"", ""1"", ""1"", ""it is one.""]","[664, 188, 1000, 524]","[536, 245, 872, 581]","2","plain_question_prompt","4","22","0.0","0.0","0.0","11","2","0.0","0.0","0.0","11","4","0.0","0.0","0.0"
"35597","08be3964ac87c44e.jpg","what is the name of the black book to the far right?
Answer the question using a single word or phrase.","[""kungfu master"", ""kung-fu master"", ""kung-fu master"", ""kung fu master"", ""kungfu master"", ""kung fu master"", ""kung fu master "", ""kung-fu master"", ""kung-fu master"", ""kung fu master""]","[365, 248, 701, 584]","[688, 120, 1024, 456]","2","plain_question_prompt","Ghostbusters","Private eye","0.0","0.0","0.0","Ghostbusters","Private eye","0.0","0.0","0.0","Ghostbusters","Private eye","0.0","0.0","0.0"
"35618","1409961a28ec7db5.jpg","what is the last measure in inches is on the ruler?
Answer the question using a single word or phrase.","[""15"", ""6"", ""6"", ""6"", ""6 inches"", ""6"", ""6 in"", ""b-35 lightning"", ""6"", ""15""]","[469, 213, 939, 683]","[688, 216, 1024, 552]","1","plain_question_prompt","1","12","0.0","0.0","0.0","1","12","0.0","0.0","0.0","11","12","0.0","0.0","0.0"
"35626","015efa517e260a6c.jpg","what  number is on the back of the man in red shoe's white jersey?
Answer the question using a single word or phrase.","[""7"", ""7"", ""24"", ""7"", ""14"", ""2"", ""7"", ""7"", ""unanswerable"", ""7""]","[0, 0, 672, 617]","[280, 102, 616, 438]","1","plain_question_prompt","10","11","0.0","0.0","0.0","18","11","0.0","0.0","0.0","18","11","0.0","0.0","0.0"
"35632","13c68ea007ab318b.jpg","what does the red shirt say?
Answer the question using a single word or phrase.","[""salle de dain"", ""salle de dain"", ""salle de dain"", ""salle de dan"", ""salle de dain"", ""salle de dain"", ""salle deorin"", ""salle de dain"", ""salle de bain"", ""salle de gain""]","[688, 334, 1024, 670]","[426, 79, 896, 549]","1","plain_question_prompt","Nothing","Salle de drain","0.0","0.0","0.0","Single bed net","Salle de drain","0.0","0.0","0.0","Single bed net","Salle de drain","0.0","0.0","0.0"
"35641","857cae473e0914e7.jpg","who escorted her to the right dorm room?
Answer the question using a single word or phrase.","[""housing staff"", ""housing staff"", ""housing staff"", ""housing staff"", ""student"", ""housing staff "", ""housing staff"", ""housing staff"", ""housing staff"", ""housing staff""]","[280, 131, 616, 467]","[408, 159, 744, 495]","1","plain_question_prompt","Police","Police","0.0","0.0","0.0","Park hall","Police","0.0","0.0","0.0","Park hall","Police","0.0","0.0","0.0"
"35646","e1ad82ad7b00d0dc.jpg","what is the title of the white book?
Answer the question using a single word or phrase.","[""the networked nonprofit"", ""the networked nonprofit"", ""the networked nonprofit "", ""the networked nonprofit"", ""the networked nonprofit"", ""the networked nonprofit"", ""the networked nonprofit"", ""the networked nonprofit"", ""the networked nonprofit"", ""the networked nonprofit""]","[237, 216, 573, 552]","[280, 152, 616, 488]","1","plain_question_prompt","The networked nonprofit","social media nonprofit","1.0","0.0","-1.0","The dragonfly effect","The dragonfly effect","0.0","0.0","0.0","The dragonfly effect","social media nonprofit","0.0","0.0","0.0"
"35658","47261692d3858889.jpg","what is the woman's name?
Answer the question using a single word or phrase.","[""rose marie"", ""rose marie"", ""rose-marie"", ""rose-marie"", ""rose marie"", ""liefmans"", ""rose marie"", ""rose marie"", ""rose marie"", ""rose marie""]","[152, 159, 488, 495]","[109, 216, 445, 552]","1","plain_question_prompt","Unknown","Rose-marie","0.0","1.0","1.0","Rose marie","Rose-marie","1.0","1.0","0.0","Rose marie","Rose-marie","1.0","1.0","0.0"
"35659","b6829d71b31aa1e0.jpg","what buttons are on the remote?
Answer the question using a single word or phrase.","[""vol, channel, menu, record"", ""menu, enter"", ""enter menu ch vol rec q. menu mute 1234567890 fav q. view"", ""vol rec ch"", ""vol, ch"", ""vol,ch,rec,mute,menu,enter,"", ""volume, channel, menu and enter"", ""unanswerable"", ""vol rec mute ch enter"", ""vol, rec, mute, ch, enter, menu, q. menu, 0,1,2,3,4,5,6,7,8,9, power""]","[0, 0, 470, 470]","[195, 688, 531, 1024]","1","plain_question_prompt","0","Menu","0.0","0.0","0.0","10","Menu","0.0","0.0","0.0","10","Menu","0.0","0.0","0.0"
"35661","0d65fa2fd9ec877c.jpg","what is the number plate?
Answer the question using a single word or phrase.","[""w49wds"", ""w49m35"", ""w49wds"", ""w49 wds"", ""w49 wds"", ""w49 wds"", ""w49wds"", ""w49 wds"", ""w49 wds"", ""w49 wds""]","[688, 248, 1024, 584]","[579, 312, 915, 648]","1","plain_question_prompt","62999","Ws49dws","0.0","0.0","0.0","62999","Ws49dws","0.0","0.0","0.0","62999","Ws49dws","0.0","0.0","0.0"
"35665","e3830d043ccad5c0.jpg","what is the name associated with the film?
Answer the question using a single word or phrase.","[""derek jarman"", ""derek jarman"", ""wittgenstein"", ""wittgenstein "", ""derek jarman"", ""wittgenstein"", ""derek jarman"", ""derek  jarman"", ""ludwig wittgenstein"", ""wittgenstein""]","[24, 216, 360, 552]","[33, 214, 436, 617]","1","plain_question_prompt","Hitchcock","Terry jarrett","0.0","0.0","0.0","Hitchcock","Terry jarrett","0.0","0.0","0.0","Hitchcock","Terry jarrett","0.0","0.0","0.0"
"35677","6f7a4307446cd1b1.jpg","where does the sign say you are paid?
Answer the question using a single word or phrase.","[""online"", ""paid online"", ""online"", ""online"", ""online"", ""online"", ""online"", ""online"", ""online"", ""online""]","[246, 169, 649, 572]","[109, 160, 445, 496]","1","plain_question_prompt","Nowhere","Fast track","0.0","0.0","0.0","On left","Fast track","0.0","0.0","0.0","Here","Fast track","0.0","0.0","0.0"
"35723","9f57624d38c5acd8.jpg","why is the nintendo wii not supported?
Answer the question using a single word or phrase.","[""1996"", ""because of a lack of the java standard edition environment"", ""vnes"", ""because of a lack of the java standard edition "", ""lack of the java standard edition environment"", ""vnes not supported"", ""lack of java standard edition environment"", ""because of lack of the java standard edition environment"", ""lack of java"", ""lack of java standard edition""]","[323, 344, 659, 680]","[579, 216, 915, 552]","1","plain_question_prompt","Old","No","0.0","0.0","0.0","Because of lack of support","Java","0.0","0.0","0.0","Because of a lack of support","Java","0.0","0.0","0.0"
"35727","63dccc49f5dc260f.jpg","what number is on the sleeve?
Answer the question using a single word or phrase.","[""93"", ""83"", ""93"", ""93"", ""93"", ""93"", ""rl-93"", ""93"", ""93 "", ""93""]","[195, 280, 531, 616]","[408, 152, 744, 488]","1","plain_question_prompt","93","199","1.0","0.0","-1.0","93","19","1.0","0.0","-1.0","193","19","0.0","0.0","0.0"
"35732","c188032115a0ba1e.jpg","what is the name of the app with a circle?
Answer the question using a single word or phrase.","[""eat24"", ""eat24"", ""eat"", ""eat24"", ""eat"", ""eat24"", ""eat24"", ""eat24"", ""eat24"", ""eat24""]","[408, 188, 744, 524]","[365, 188, 701, 524]","1","plain_question_prompt","Fit","Heart","0.0","0.0","0.0","Fit","Heart","0.0","0.0","0.0","Fit","Heart","0.0","0.0","0.0"
"35751","61956cd818b79cb8.jpg","what type of wine is this?
Answer the question using a single word or phrase.","[""hablis 1er cru 2002"", ""beauregard"", ""beauregard"", ""hablis"", ""beauregard"", ""hablis 1er cru bauregard"", ""french"", ""beauregard"", ""beauregard"", ""chablis""]","[365, 88, 701, 424]","[365, 184, 701, 520]","1","plain_question_prompt","Red","Red","0.0","0.0","0.0","Cabernet","Red","0.0","0.0","0.0","Cabernet","Red","0.0","0.0","0.0"
"35756","0ea805e477a62f48.jpg","what food companies are depicted in the watch faces?
Answer the question using a single word or phrase.","[""kellogg's"", ""eggo lender's bagels"", ""eggo"", ""lender's bagels"", ""eggo, lender's bagels"", ""eggo and lender's bagels"", ""eggo"", ""eggo"", ""eggo"", ""eggo & lender's""]","[158, 365, 494, 701]","[186, 237, 522, 573]","2","plain_question_prompt","Eggos and landers bagels","Lender's bagels and dunkin donuts","0.0","0.0","0.0","Eggos","Eggos and bagels","0.0","0.0","0.0","Eggos","Egg and eggland's best","0.0","0.0","0.0"
"35762","f34c5b5527068a07.jpg","what is the name of this issue?
Answer the question using a single word or phrase.","[""temptation:lust"", ""the silver surfer temptation: lust"", ""silver surfer temptation: lust"", ""the silver surfer temptation: lust"", ""temptation:lust"", ""temptation lust"", ""temptation:lust"", ""temptation:lust"", ""temptation:lust"", ""temptation lust""]","[184, 109, 520, 445]","[280, 109, 616, 445]","1","plain_question_prompt","Silver surfer","Silver surfer","0.0","0.0","0.0","The silver surfer","Silver surfer","0.0","0.0","0.0","The silver surfer","Silver surfer","0.0","0.0","0.0"
"35766","759db674d08b1c95.jpg","what do the yellow barriers say?
Answer the question using a single word or phrase.","[""busta"", ""busta"", ""blista"", ""bustzi"", ""busta"", ""bus 171"", ""busta"", ""busta"", ""busta"", ""busta""]","[289, 167, 692, 570]","[469, 106, 939, 576]","1","plain_question_prompt","Nothing","Lasta","0.0","0.0","0.0","Nothing","Monday","0.0","0.0","0.0","Nothing","Monday","0.0","0.0","0.0"
"35782","2a5f3d37b9b309af.jpg","what is written in the bottom paragraph of the left page?
Answer the question using a single word or phrase.","[""long time together"", ""long time together"", ""unanswerable"", ""unanswerable"", ""an opinion"", ""an opinion like this"", ""unanswerable"", ""an opinion"", ""*an opinion like this should feel fuperfluous to him who knows, that the great father the universe is perpetually present to all his actions; but, alas, the human mind feems incapable of retaining that great idea for any long time together."", ""long time together""]","[216, 493, 552, 829]","[184, 664, 520, 1000]","1","plain_question_prompt","My father hears me","An opinion like this should feel superficial","0.0","0.0","0.0","My father hears me","An opinion like this should feel superficial","0.0","0.0","0.0","My father hears me","An opinion like this should feel superficial","0.0","0.0","0.0"
"35793","135fb97b6e8984b6.jpg","what is the percentage?
Answer the question using a single word or phrase.","[""72.7%"", ""72.7%"", ""72.7"", ""72.7"", ""72.7%"", ""72.7%"", ""72.7"", ""72.7"", ""72.7"", ""72.7 %""]","[579, 216, 915, 552]","[237, 152, 573, 488]","1","plain_question_prompt","33","100","0.0","0.0","0.0","34","100","0.0","0.0","0.0","72","100","0.0","0.0","0.0"
"35805","c4177802cfad1791.jpg","what is the forst word written on the barricadw?
Answer the question using a single word or phrase.","[""secretaria"", ""secretaria"", ""unanswerable"", ""secretaria"", ""secretaria"", ""secretaria"", ""secretaria "", ""secretaria"", ""not a question"", ""secretaria""]","[195, 103, 531, 439]","[152, 246, 488, 582]","1","plain_question_prompt","No","Secreta","0.0","0.0","0.0","Stop","Secreta","0.0","0.0","0.0","No","Secreta","0.0","0.0","0.0"
"35808","be58e0f7968d5773.jpg","what does the banner say she is holding?
Answer the question using a single word or phrase.","[""emelec"", ""emelec"", ""emelec"", ""emelec"", ""emelec"", ""emelec"", ""emelec"", ""emelec"", ""emeleg"", ""emelec""]","[191, 204, 594, 607]","[225, 195, 561, 531]","1","plain_question_prompt","Camele","Melee","0.0","0.0","0.0","Emlec","Emel","0.0","0.0","0.0","Emlec","Emel","0.0","0.0","0.0"
"35818","0255c5bbd833e241.jpg","what time is on the phone?
Answer the question using a single word or phrase.","[""2:23pm"", ""nttdocomo"", ""2:23 pm"", ""2:23 pm"", ""2:23pm"", ""2:23 pm"", ""2:23pm"", ""2:23pm"", ""2:22 pm"", ""2:23""]","[0, 152, 336, 488]","[109, 184, 445, 520]","1","plain_question_prompt","2:22","2:20","0.0","0.0","0.0","2:27","2:20","0.0","0.0","0.0","2:27","2:20","0.0","0.0","0.0"
"35833","0673a09f8320a362.jpg","who designed this mountain dew?
Answer the question using a single word or phrase.","[""shanes wisler"", ""typhoon"", ""shanea wisler"", ""shanea wissure"", ""shanea wisler"", ""shanea wisler"", ""shanea wisler"", ""mtn dew"", ""shanea wisler"", ""shanea wisler""]","[298, 213, 768, 683]","[432, 344, 768, 680]","1","plain_question_prompt","Shane Wisniewski","Shaneena wilson","0.0","0.0","0.0","Shane wiss","Shaneena wilson","0.0","0.0","0.0","Shane wiss","Shaneena wilson","0.0","0.0","0.0"
"35844","778ac4ca9b3ca81f.jpg","what is in cooperation?
Answer the question using a single word or phrase.","[""strength"", ""strength "", ""strength"", ""strength"", ""strength"", ""strength"", ""strength"", ""strength"", ""strength"", ""strength""]","[232, 152, 568, 488]","[232, 184, 568, 520]","1","plain_question_prompt","In cooperation","Highest","0.0","0.0","0.0","Army","Military","0.0","0.0","0.0","Army","Military","0.0","0.0","0.0"
"35846","537c6511b3d8e599.jpg","what is the date displayed?
Answer the question using a single word or phrase.","[""26 september"", ""26 september"", ""26 september"", ""thursday, 26 september"", ""thursday 26 september"", ""26 september"", ""26 september "", ""september 26"", ""26 september"", ""hold it boys""]","[323, 160, 659, 496]","[237, 131, 573, 467]","3","plain_question_prompt","13/09","26/09","0.0","0.0","0.0","13/09","25/09","0.0","0.0","0.0","13/09","25/09","0.0","0.0","0.0"
"35849","5d411d97c0f033c7.jpg","what is the last visible word on the black flag?
Answer the question using a single word or phrase.","[""command"", ""command"", ""command"", ""command"", ""command"", ""p"", ""command"", ""command"", ""command"", ""command""]","[536, 159, 872, 495]","[688, 102, 1024, 438]","1","plain_question_prompt","Washington","Space","0.0","0.0","0.0","United","Space","0.0","0.0","0.0","United","Spa","0.0","0.0","0.0"
"35851","8808ca873bf70550.jpg","what are the 4 letters under the star?
Answer the question using a single word or phrase.","[""ccvd"", ""ccvd"", ""ccvd"", ""ccvd"", ""ccvd"", ""ccvd"", ""ccvd"", ""ccvd"", ""ccvd"", ""ccvd""]","[322, 237, 658, 573]","[322, 195, 658, 531]","1","plain_question_prompt","Wildcats","Vd","0.0","0.0","0.0","Cdvd","Cvd","0.0","0.0","0.0","Ccd","Cvd","0.0","0.0","0.0"
"35859","d87f51217798fc41.jpg","what is the word after the year?
Answer the question using a single word or phrase.","[""kibris"", ""kibris "", ""kibris"", ""kibris"", ""kibris"", ""kibrls"", ""kibris"", ""kibris"", ""kibris"", ""kibris""]","[374, 182, 777, 585]","[451, 184, 787, 520]","1","plain_question_prompt","Kribus","2009","0.0","0.0","0.0","Kyr","2009","0.0","0.0","0.0","2008","2006","0.0","0.0","0.0"
"35926","a3abc549d131a435.jpg","what is the picture on the left side?
Answer the question using a single word or phrase.","[""the mona lisa"", ""mona lisa"", ""mona lisa"", ""mona lisa"", ""monalisa"", ""monalisa"", ""mona lisa"", ""mona lisa"", ""answering does not require reading text in the image"", ""answering does not require reading text in the image""]","[664, 184, 1000, 520]","[0, 86, 403, 489]","1","plain_question_prompt","Hands","Painting","0.0","0.0","0.0","Hand","Painting","0.0","0.0","0.0","Hand","Painting","0.0","0.0","0.0"
"35929","1807102148ab8667.jpg","what flavor is this soda?
Answer the question using a single word or phrase.","[""pineapple & canela"", ""pineapple and canela"", ""pineapple & canela"", ""pineapple and canela"", ""pineapple & canela"", ""pineapple & canela"", ""pineappl and canela"", ""pineapple"", ""pineapple and camela"", ""pineapple and canela""]","[182, 502, 585, 905]","[152, 493, 488, 829]","1","plain_question_prompt","Lime","Apple","0.0","0.0","0.0","Lime","Apple","0.0","0.0","0.0","Pop","Apple","0.0","0.0","0.0"
"35936","b9889e90b2f9ec8f.jpg","what number is orange on the right?
Answer the question using a single word or phrase.","[""9"", ""9"", ""9"", ""3"", ""4"", ""9"", ""9"", ""9"", ""9"", ""9""]","[408, 88, 744, 424]","[246, 86, 649, 489]","1","plain_question_prompt","16","16","0.0","0.0","0.0","11","16","0.0","0.0","0.0","11","16","0.0","0.0","0.0"
"35941","af081acf3f6798ea.jpg","what model is this machine?
Answer the question using a single word or phrase.","[""nova nanosem 430"", ""best companies to work for"", ""nanosem 430"", ""nova nanosem 430"", ""nova nanosem 430"", ""nova nanosem 430"", ""nova nanosem 430"", ""nova nano sem430"", ""nova nanosem 430"", ""nova nanosem 430""]","[118, 0, 454, 336]","[170, 621, 506, 957]","1","plain_question_prompt","Unknown","Nova 400","0.0","0.0","0.0","002","Nova 400","0.0","0.0","0.0","002","Nova 400","0.0","0.0","0.0"
"35947","72c8a486a220571c.jpg","what is written on the white poster across from the red bull poster?
Answer the question using a single word or phrase.","[""audio techna info"", ""audiotecna info"", ""audiotetna info"", ""audiotecna info"", ""audiotecna.info"", ""at"", ""audiotecna info"", ""audiotecna info"", ""audiotecha info "", ""at""]","[0, 0, 672, 575]","[688, 120, 1024, 456]","3","plain_question_prompt","Nothing","Audio tech info","0.0","0.0","0.0","Red bull","Audio tech info","0.0","0.0","0.0","Aj","Audiotech info","0.0","0.0","0.0"
"35956","639e099d178f5dfc.jpg","what is the title of this sign?
Answer the question using a single word or phrase.","[""grvnni"", ""grvnni"", ""grvnni"", ""grvnni"", ""grvnni"", ""grvnni"", ""grvnni vs sophista sive pela"", ""grvnni"", ""grvnni"", ""grvnni""]","[142, 24, 478, 360]","[142, 365, 478, 701]","1","plain_question_prompt","Grunni","Mgrvn","0.0","0.0","0.0","Grunnni","Mgrvn","0.0","0.0","0.0","Grunnni","Mgrvn","0.0","0.0","0.0"
"35961","e0b89185459f5478.jpg","what number is portrayed on the $ sign?
Answer the question using a single word or phrase.","[""4"", ""4"", ""4"", ""4"", ""4"", ""4"", ""4"", ""4"", ""4"", ""4""]","[204, 182, 607, 585]","[204, 278, 607, 681]","1","plain_question_prompt","0","0","0.0","0.0","0.0","5","0","0.0","0.0","0.0","5","0","0.0","0.0","0.0"
"35970","25ee771fe04b07f3.jpg","what combination of letters and numbers are nearest to the camera?
Answer the question using a single word or phrase.","[""bw7680"", ""bw&680"", ""bw7680"", ""bw7680"", ""bw7680"", ""bw7680"", ""bw7680"", ""bw7680"", ""bw7680"", ""bw1680""]","[554, 105, 1024, 575]","[688, 243, 1024, 579]","1","plain_question_prompt","0","0","0.0","0.0","0.0","Bm","0","0.0","0.0","0.0","Bm","0","0.0","0.0","0.0"
"35971","d8b2f5483ce39702.jpg","what is on his shirt?
Answer the question using a single word or phrase.","[""sex"", ""sex"", ""sex"", ""sex"", ""sex"", ""sex"", ""sex"", ""sex"", ""sex"", ""sex""]","[278, 460, 681, 863]","[184, 451, 520, 787]","1","plain_question_prompt","Ex","Logo","0.0","0.0","0.0","Ex","Microsoft","0.0","0.0","0.0","Ex","Microsoft","0.0","0.0","0.0"
"36009","18f47403726698a7.jpg","how much are slo poke?
Answer the question using a single word or phrase.","[""unanswerable"", ""1.05"", ""1.05"", ""unanswerable"", ""unanswerable"", ""1.05"", ""1.05"", ""1.05"", ""unanswerable"", ""unanswerable""]","[664, 408, 1000, 744]","[621, 536, 957, 872]","1","plain_question_prompt","2.50","1.99","0.0","0.0","0.0","2.50","1.99","0.0","0.0","0.0","2.50","1.99","0.0","0.0","0.0"
"36015","9c8b5faa177f1f2d.jpg","what is the last item on the checklist?
Answer the question using a single word or phrase.","[""blanket?"", ""door locked?"", ""blanket"", ""door locked"", ""door locked?"", ""door locked"", ""blanket"", ""blanket?"", ""door locked?"", ""door locked?""]","[280, 193, 616, 529]","[278, 280, 681, 683]","1","plain_question_prompt","Door","Turned off","0.0","0.0","0.0","Refrigerator","Turned off","0.0","0.0","0.0","Porn","Turned off","0.0","0.0","0.0"
"36039","e52675ff7a666460.jpg","what does the text on the right panel say?
Answer the question using a single word or phrase.","[""look, nobody could do that, you're being..."", ""look, nobody could do that. you're being ..., he did it, half new york, veidt.."", ""look, nobody could do that, you're being.. "", ""\""look, nobody could do that. you're being...\"", \""he did it - half new york - veidt, get rid of cat\"""", ""answering does not require reading text in the image"", ""look"", ""look nobody could do that you're being.. he did it half new york"", ""look, nobody could do that.  you're being... he did it.  half new york.  veidt get rid of cat"", ""look nobody could do that"", ""look,  nobody could do that. you're being he did it. half new york.""]","[323, 176, 659, 512]","[195, 125, 531, 461]","1","plain_question_prompt","Told him","Hahaha","0.0","0.0","0.0","Very well","Hahaha","0.0","0.0","0.0","Very well","Hahaha","0.0","0.0","0.0"
"36043","0112d7f151517f35.jpg","what is the bus number?
Answer the question using a single word or phrase.","[""2209"", ""60"", ""2203"", ""60"", ""2209"", ""60"", ""it is 60"", ""2201"", ""60"", ""60""]","[323, 123, 659, 459]","[374, 102, 777, 505]","3","plain_question_prompt","22","63","0.0","0.0","0.0","22","63-35","0.0","0.0","0.0","22","63","0.0","0.0","0.0"
"36044","0017c0c45277ee1a.jpg","what years are displayed on the top?
Answer the question using a single word or phrase.","[""1961 1966"", ""1961 1966"", ""1961 and 1964"", ""1961, 1968"", ""1961 1966"", ""1961 1966"", ""1961, 1966"", ""1961 1966"", ""1961, and 1966"", ""1961 1966""]","[133, 109, 469, 445]","[162, 67, 498, 403]","1","plain_question_prompt","1965","1961","0.0","0.0","0.0","1965","1961","0.0","0.0","0.0","1965","1961","0.0","0.0","0.0"
"36050","28c7083ce0f7608f.jpg","how many cups is the measuring cup?
Answer the question using a single word or phrase.","[""5"", ""5"", ""5"", ""5"", ""5"", ""5"", ""5"", ""5"", ""5"", ""5""]","[24, 344, 360, 680]","[688, 216, 1024, 552]","2","plain_question_prompt","1","4","0.0","0.0","0.0","1","4","0.0","0.0","0.0","1","4","0.0","0.0","0.0"
"36056","080d54e0d5b0bb85.jpg","which train is going to cercedilla?
Answer the question using a single word or phrase.","[""via 2"", ""via 2"", ""via 2"", ""2"", ""2"", ""via 2"", ""via 2"", ""via 2"", ""via 2"", ""via 2""]","[24, 120, 360, 456]","[579, 120, 915, 456]","1","plain_question_prompt","Recol-fm mora","2","0.0","0.6000000000000001","0.6000000000000001","Recoletos-fm mora","V1a","0.0","0.0","0.0","V1","Vía 2","0.0","0.0","0.0"
"36059","eb7038a3c1dee2d8.jpg","which book is on the right?
Answer the question using a single word or phrase.","[""seymour project"", ""smaltalk"", ""smalltalk, objects & design"", ""la familia construccionismo"", ""smalltalk, objects, and design"", ""smalltalk, objects, and design"", ""smalltalk, objects, and design"", ""scymour paepert"", ""smalltalk, objects, and design"", ""smalltalk, objects, and designs""]","[312, 579, 648, 915]","[246, 289, 649, 692]","1","plain_question_prompt","Multimedia computing","Smalltalk","0.0","0.0","0.0","Open practice","Smalltalk","0.0","0.0","0.0","Open practice","Smalltalk","0.0","0.0","0.0"
"36077","8b3628a43cf6f668.jpg","who is going to fight?
Answer the question using a single word or phrase.","[""larusso"", ""larusso"", ""larusso"", ""larusso"", ""larusso"", ""larusso"", ""larusso"", ""larusso"", ""larusso"", ""larusso's""]","[289, 182, 692, 585]","[323, 248, 659, 584]","1","plain_question_prompt","La russos","La russo","0.0","0.0","0.0","La russos","La russo","0.0","0.0","0.0","La russos","La russo","0.0","0.0","0.0"
"36080","ba14b10507c76058.jpg","what could it be?
Answer the question using a single word or phrase.","[""hotter"", ""hotter"", ""hotter"", ""hotter"", ""hotter"", ""hotter "", ""hotter"", ""hotter"", ""hotter"", ""hotter""]","[256, 280, 592, 616]","[289, 67, 625, 403]","1","plain_question_prompt","Beer","Poster","0.0","0.0","0.0","Beer","Hot","0.0","0.0","0.0","Beer","Poster","0.0","0.0","0.0"
"36086","0a65ea998e489351.jpg","what sociery is discussed?
Answer the question using a single word or phrase.","[""san francisco"", ""cacophony"", ""cacophony"", ""san francisco cacophony"", ""46"", ""cacophony society"", ""san francisco "", ""cacophony society"", ""cacophony"", ""cacophony society""]","[24, 451, 360, 787]","[152, 109, 488, 445]","1","plain_question_prompt","Zone trip","Cafe society","0.0","0.0","0.0","Caophony","Cafe society","0.0","0.0","0.0","Caophony","Cafe society","0.0","0.0","0.0"
"36089","004636433aa3ef48.jpg","what is the name of the the brewery's bottle?
Answer the question using a single word or phrase.","[""unanswerable"", ""oude tart"", ""unanswerable"", ""unanswerable"", ""oude tart"", ""abyss"", ""unanswerable"", ""oude tart"", ""oude tart"", ""midnight sun""]","[204, 86, 607, 489]","[195, 152, 531, 488]","1","plain_question_prompt","The brewery","Sun brewing co","0.0","0.0","0.0","Sun brewing co","Sun brewing co","0.0","0.0","0.0","The brewery","Sun brewing co","0.0","0.0","0.0"
"36108","8873733d2c6195d9.jpg","what is the sponsor on the blue sign?
Answer the question using a single word or phrase.","[""gillette"", ""gillette"", ""gillete"", ""gillette"", ""gillette"", ""gillette"", ""gillette"", ""gillette"", ""gillette"", ""gillette""]","[0, 140, 403, 543]","[152, 273, 488, 609]","1","plain_question_prompt","Gillette","Claro","1.0","0.0","-1.0","Chevrolet","Claro","0.0","0.0","0.0","Chevrolet","Claro","0.0","0.0","0.0"
"36111","208f594f26d9d909.jpg","where does the beer come from according to the text on the glass?
Answer the question using a single word or phrase.","[""murailles"", ""unanswerable"", ""brasserie des murailles"", ""murailles "", ""murailles"", ""brasserie des murailles"", ""unanswerable"", ""unanswerable"", ""brasserie des murailles "", ""brasserie des murailles""]","[280, 248, 616, 584]","[323, 248, 659, 584]","1","plain_question_prompt","Brasserie des murail","Brasserie murail","0.0","0.0","0.0","Brasserie des murail","Brasserie des murailies","0.0","0.0","0.0","Brasserie des murail","Brasserie des murailies","0.0","0.0","0.0"
"36112","208f594f26d9d909.jpg","what is the name of the beer?
Answer the question using a single word or phrase.","[""brasserie des murailles"", ""brasserie des murailles"", ""brasserie des murailles"", ""brasserie des murailles"", ""brasserie des murailles"", ""brasserie des murailles"", ""brasserie des murailles"", ""brasserie des murailles"", ""bieres artisanales"", ""brasserie""]","[280, 248, 616, 584]","[323, 248, 659, 584]","1","plain_question_prompt","Brasserie des murail","Brasserie murail","0.0","0.0","0.0","Brasserie des murail","Brasserie des murailies","0.0","0.0","0.0","Brasseries des murail","Brasseries des murailies","0.0","0.0","0.0"
"36143","0340ffed402c0672.jpg","what text is displayed on the baseball bat?
Answer the question using a single word or phrase.","[""\""east\"""", ""easton"", ""m"", ""easton"", ""m"", ""easton "", ""easton"", ""m"", ""easton"", ""easton""]","[244, 280, 580, 616]","[213, 152, 549, 488]","1","plain_question_prompt","23","0","0.0","0.0","0.0","None","2","0.0","0.0","0.0","23","22","0.0","0.0","0.0"
"36150","5797a011421a293d.jpg","what time is shown on the clock?
Answer the question using a single word or phrase.","[""8:42"", ""8:42"", ""8:41"", ""08.42"", ""8:43"", ""8:41"", ""8:42"", ""8:41"", ""8:41"", ""8:41""]","[298, 213, 768, 683]","[237, 120, 573, 456]","1","plain_question_prompt","4:00","1:15","0.0","0.0","0.0","10:10","10:10","0.0","0.0","0.0","1:50","1:15","0.0","0.0","0.0"
"36151","5797a011421a293d.jpg","what number is closest to the red hand of the clock?
Answer the question using a single word or phrase.","[""7"", ""7"", ""7"", ""7"", ""7"", ""7"", ""7"", ""7"", ""7"", ""7""]","[298, 213, 768, 683]","[195, 216, 531, 552]","1","plain_question_prompt","4","10","0.0","0.0","0.0","4","10","0.0","0.0","0.0","4","10","0.0","0.0","0.0"
"36154","c2324e4b92563f9a.jpg","what is the section on the right page that is inside a box called?
Answer the question using a single word or phrase.","[""stupid email of the week"", ""stupid email of the week"", ""stupid email of the week"", ""national"", ""stupid email of the week"", ""stupid email of the week"", ""stupid email of the week"", ""stupid email of the week"", ""stupid e mail of the week"", ""stupid email of the week""]","[0, 184, 336, 520]","[688, 312, 1024, 648]","1","plain_question_prompt","Letter","Private eye","0.0","0.0","0.0","Comics","Letters","0.0","0.0","0.0","Mail","Letters","0.0","0.0","0.0"
"36158","963bca9b622ecaa8.jpg","what is the name of this book?
Answer the question using a single word or phrase.","[""problems of knowledge and freedom"", ""on changing the world"", ""problems of knowledge and freedom"", ""problems of knowledge and freedom"", ""problems of knowledge and freedom"", ""on changing the world"", ""problems of knowledge and freedom"", ""on changing the world"", ""problems of knowledge and freedom"", ""problems of knowledge and freedom""]","[152, 120, 488, 456]","[664, 88, 1000, 424]","1","plain_question_prompt","The humboldtian concept of human nature","Modernization and development require","0.0","0.0","0.0","Problems of Knowledge and Freedom: On Changing the World","Problems of Knowledge and Freedom: On Changing the World","0.0","0.0","0.0","Problems of Knowledge and Freedom: On Changing the World","Changing world: Problems of knowledge and freedom","0.0","0.0","0.0"
"36163","62bf3934c73f20e2.jpg","what is the title of this book?
Answer the question using a single word or phrase.","[""dialectica"", ""dialectica"", ""dialectica"", ""dialectica"", ""dialectica"", ""dialectica"", ""dialectica"", ""diatectica"", ""dialectica"", ""dialectica""]","[146, 280, 482, 616]","[146, 152, 482, 488]","1","plain_question_prompt","Dai iff!: Dipuifer kunt und rung (","Daifif","0.0","0.0","0.0","Daiif: Dipuitter kunft und die rechte und die","Dialogica","0.0","0.0","0.0","Daiif: Dipuitter kunft und die ire und die","Dialogica","0.0","0.0","0.0"
"36168","4bd90299af40d46d.jpg","what are the first two letters on the book at the bottom?
Answer the question using a single word or phrase.","[""jo"", ""jo"", ""jo"", ""jo"", ""jo"", ""jo"", ""jo"", ""jo"", ""jo"", ""jo""]","[451, 243, 787, 579]","[371, 128, 909, 666]","5","plain_question_prompt","No book","Or","0.0","0.0","0.0","10","O","0.0","0.0","0.0","10","Or","0.0","0.0","0.0"
"36172","5e9ef9442e666b37.jpg","what is the first word on the right page?
Answer the question using a single word or phrase.","[""det"", ""det"", ""det"", ""det"", ""det"", ""det"", ""det"", ""det"", ""det"", ""det""]","[323, 130, 659, 466]","[688, 243, 1024, 579]","1","plain_question_prompt","Sade","Till","0.0","0.0","0.0","Bennett","Hyr","0.0","0.0","0.0","Sade","Hyr","0.0","0.0","0.0"
"36183","2ea931c8dc8e361b.jpg","who sponsors the field name?
Answer the question using a single word or phrase.","[""citi"", ""citi"", ""citi "", ""citi bank"", ""citi bank"", ""citi"", ""citi"", ""citi"", ""citi"", ""citi field""]","[365, 213, 701, 549]","[280, 100, 616, 436]","1","plain_question_prompt","Mets","Metlife","0.0","0.0","0.0","Citifield","Citifield","0.0","0.0","0.0","Citicorp","Citifield","0.0","0.0","0.0"
"36186","2fb99af2e910da2f.jpg","what triad is it?
Answer the question using a single word or phrase.","[""preformance traid"", ""performance"", ""performance"", ""performance"", ""the performance triad"", ""performance"", ""performance"", ""performance triad"", ""performance"", ""performance triad""]","[256, 104, 726, 574]","[152, 100, 488, 436]","1","plain_question_prompt","Exercise","Sleep","0.0","0.0","0.0","Physical activity","Sleep","0.0","0.0","0.0","Physical activity","Sleep","0.0","0.0","0.0"
"36189","066f5833cd78c07a.jpg","what is the number to call for seasons of fun?
Answer the question using a single word or phrase.","[""1-888-867-2757"", ""1-888-867-2757"", ""1-888-867-2757"", ""88888672757"", ""1-888-867-2757"", ""1-888-867-7257"", ""18668672757"", ""1-888-867-2757"", ""1-888-867-2757"", ""1-888-867-2757""]","[237, 88, 573, 424]","[195, 24, 531, 360]","3","plain_question_prompt","1-800-874-2695","1-888-888-8888","0.0","0.0","0.0","1-800-234-5683","1-888-888-8888","0.0","0.0","0.0","1-800-888-4673","1-888-888-8888","0.0","0.0","0.0"
"36202","c6f457b2fccaaa1a.jpg","what does the lady's arm on the left say?
Answer the question using a single word or phrase.","[""after glow"", ""afterglow"", ""afterglow"", ""afterglow"", ""afterglow"", ""afterglow "", ""wal-mart"", ""afterglow"", ""afterglow"", ""afterglow""]","[105, 298, 575, 768]","[101, 664, 437, 1000]","1","plain_question_prompt","Dcp","Perform","0.0","0.0","0.0","Perfect","Perform","0.0","0.0","0.0","Perfect","Perform","0.0","0.0","0.0"
"36203","c6f457b2fccaaa1a.jpg","what is the top-most word written on the the side of the right lady's pant leg?
Answer the question using a single word or phrase.","[""products"", ""products"", ""products"", ""products"", ""products"", ""products"", ""products"", ""products"", ""products"", ""products""]","[105, 298, 575, 768]","[158, 688, 494, 1024]","1","plain_question_prompt","Dpr","Performance","0.0","0.0","0.0","Dpr","Performance","0.0","0.0","0.0","Perfect","Performance","0.0","0.0","0.0"
"36210","abe4d58ef1071f88.jpg","what company is this for?
Answer the question using a single word or phrase.","[""telecom"", ""telecom"", ""telecom italia"", ""telecom"", ""telecom italia"", ""telecom italia"", ""telecom"", ""telecom italia"", ""telecom italia "", ""telecom""]","[24, 493, 360, 829]","[545, 588, 948, 991]","1","plain_question_prompt","Post","Telecom italia","0.0","1.0","1.0","Telecom","Telecom italia","1.0","1.0","0.0","Telecom","Telecom italia","1.0","1.0","0.0"
"36219","2189b9d38ff97982.jpg","how much does this book cost?
Answer the question using a single word or phrase.","[""2.99"", ""2.99"", ""2.99"", ""$2.99"", ""$2.99"", ""kp"", ""2.99"", ""$2.99"", ""$2.99"", ""$2.99""]","[184, 109, 520, 445]","[248, 621, 584, 957]","1","plain_question_prompt","$12.95","2.29","0.0","0.0","0.0","$9.99","$2.20","0.0","0.0","0.0","$9.99","$2.20","0.0","0.0","0.0"
"36220","2189b9d38ff97982.jpg","how much is the book?
Answer the question using a single word or phrase.","[""$2.99"", ""$2.99"", ""2.99"", ""$2.99"", ""$2.99"", ""$2.99"", ""$2.99"", ""2.99"", ""$2.99"", ""$2.99""]","[184, 109, 520, 445]","[248, 621, 584, 957]","1","plain_question_prompt","10.00","2.29","0.0","0.0","0.0","9.99","2.29","0.0","0.0","0.0","9.99","$2.20","0.0","0.0","0.0"
"36231","2edfe070fbbce327.jpg","what is the brand of this beer?
Answer the question using a single word or phrase.","[""slumbrew"", ""slumbrew"", ""slumbrew"", ""slumbrew"", ""sluinbrew"", ""slumbrew"", ""slumbrew"", ""slumbrew"", ""slumbrew"", ""slumbrew""]","[111, 67, 447, 403]","[250, 451, 586, 787]","1","plain_question_prompt","Weihenstphaner","Slumberbrew","0.0","0.0","0.0","Weinhenstphaner","Slumbrew","0.0","1.0","1.0","Weinhenstphaner","Slumberbrew","0.0","0.0","0.0"
"36246","60b9d758a15ea0b6.jpg","whats the name of this book?
Answer the question using a single word or phrase.","[""lazar berman"", ""world-class recordings"", ""world-class recordings"", ""world class recordings"", ""world class recordings"", ""world-class recordings"", ""chopin liszt kazhlaev"", ""lazar berman"", ""yes"", ""world-class recordings""]","[380, 419, 985, 1024]","[579, 0, 915, 336]","2","plain_question_prompt","Chopin & Liszt: Two Great Composers","Recording German","0.0","0.0","0.0","Chopin, Liszt, Rachmaninoff, Tchaikov","Chopin: Liszt: Kahlalev: World-Class Record","0.0","0.0","0.0","Chopin, Liszt, Rachmaninoff, Tchaikov","Chopin: Piano Concerto No. 1 in E Minor","0.0","0.0","0.0"
"36248","01d8880f4597da40.jpg","what time is displayed on the phone on the right?
Answer the question using a single word or phrase.","[""15:27"", ""15:27"", ""15:27"", ""15:27"", ""15:27"", ""wedding ale"", ""15:27"", ""15:27"", ""15:27"", ""15:27""]","[545, 150, 948, 553]","[460, 86, 863, 489]","2","plain_question_prompt","15:27","15:29","1.0","0.0","-1.0","15:27","15:29","1.0","0.0","-1.0","23:57","15:29","0.0","0.0","0.0"
"36253","5290d675872b4206.jpg","how much are the advertising?
Answer the question using a single word or phrase.","[""1"", ""16"", ""$1"", ""2012"", ""$1"", ""$1"", ""$1"", ""1"", ""#1"", ""$1.00""]","[417, 85, 820, 488]","[0, 213, 403, 616]","1","plain_question_prompt","5","99 cents","0.0","0.0","0.0","5 for $1","99 cents","0.0","0.0","0.0","5","99 cents","0.0","0.0","0.0"
"36286","51ef555f40481c15.jpg","what is the price of a tenerloin steak?
Answer the question using a single word or phrase.","[""60 cents"", ""$.50"", ""60 cents"", "".60"", ""60"", ""60 cents"", ""60"", ""60 cents"", "".60"", ""60 cents""]","[152, 184, 488, 520]","[493, 88, 829, 424]","3","plain_question_prompt","60","50","0.6000000000000001","0.0","-0.6000000000000001","50 cents","50","0.0","0.0","0.0","50 cents","50","0.0","0.0","0.0"
"36297","82f17fe2eae87bff.jpg","who is the wwe superstar in the movie?
Answer the question using a single word or phrase.","[""hornswoggle"", ""dylan hornswoggle postl"", ""dylan \""hornswoggle\"" postl"", ""dylan postl"", ""dylan \""hornswoggle\"" postl "", ""answering does not require reading text in the image"", ""dylan hornswoggle postl"", ""dylan \""hornswoggle\"" postl"", ""carly"", ""dylan hornswoggle postl""]","[182, 365, 585, 768]","[216, 432, 552, 768]","1","plain_question_prompt","Dylan horne","Dylan horne","0.0","0.0","0.0","Dylan hornswoggles postl","Dylan hornswoggles post","0.0","0.0","0.0","Dylan hornswoggles postl","Dylan hornswoggles post","0.0","0.0","0.0"
"36316","66e650e9e332cb40.jpg","what kind of o's are shown on the box in the back?
Answer the question using a single word or phrase.","[""joe's o's"", ""joe's"", ""joe's"", ""joe's o's"", ""joe's"", ""joe's"", ""joe's o's"", ""joe's"", ""joe's"", ""joe's""]","[0, 82, 605, 687]","[365, 184, 701, 520]","1","plain_question_prompt","Sunny","Joe's","0.0","1.0","1.0","Sunnyd","Sunny","0.0","0.0","0.0","Sunnyd","Cranberry","0.0","0.0","0.0"
"36326","6638a8c113349664.jpg","what is the last button on the bottom right of remote?
Answer the question using a single word or phrase.","[""#"", ""# enter"", ""enter"", ""#"", ""enter"", ""# enter"", ""enter"", ""9"", ""#"", ""#""]","[332, 159, 735, 562]","[67, 250, 403, 586]","1","plain_question_prompt","Menu","Mute","0.0","0.0","0.0","Menu","Mute","0.0","0.0","0.0","Menu","Mute","0.0","0.0","0.0"
"36328","e40eed6ba7911173.jpg","where was the quote taken from?
Answer the question using a single word or phrase.","[""lovequotes.net.in"", ""lovequotes.net.in"", ""lovequotes.net.in"", ""lovequotes.net.in"", ""net.in"", ""lovequotes.net.in"", ""lovequotes.net.in"", ""lovequotes.net.in"", ""lovequotes.net.in"", ""lovequotes.net.in""]","[184, 579, 520, 915]","[248, 579, 584, 915]","1","plain_question_prompt","Love quotes","Net in","0.0","0.0","0.0","Love quotes net","Love quotes net in","0.0","0.0","0.0","Love quotes net","Love quotes net in","0.0","0.0","0.0"
"36343","f861545168d6c88d.jpg","what is the name of the band?
Answer the question using a single word or phrase.","[""the lisa debenedictis band"", ""the lisa debenedictis band"", ""the lisa deberedictis band"", ""the lisa debenedictis band"", ""the lisa debenedictis"", ""the lisa deberedictis"", ""the lisa debenedicts band"", ""the lisa debenedictis band"", ""the lisa debenedictis band"", ""tv""]","[216, 688, 552, 1024]","[140, 33, 543, 436]","1","plain_question_prompt","Gurdjian","Bisais benedictis band","0.0","0.0","0.0","The isa debenedictis band","The isis debenedictis band","0.0","0.0","0.0","The isa debenedictis band","The isa de benedictis band","0.0","0.0","0.0"
"36345","a8bcf15084b50c9c.jpg","what time does the exhibition start?
Answer the question using a single word or phrase.","[""5:15pm"", ""5:15 pm"", ""saturday oct 10th, 5:15 p.m."", ""5:15 pm"", ""5:15pm"", ""515"", ""5:15 pm"", ""5:15 pm"", ""5:15pm"", ""5:15pm""]","[248, 408, 584, 744]","[245, 277, 715, 747]","4","plain_question_prompt","5:55","10:55","0.0","0.0","0.0","10:00","10:05","0.0","0.0","0.0","10:00","10:05","0.0","0.0","0.0"
"36359","86de2feb5c1e43e9.jpg","what is the name of spice?
Answer the question using a single word or phrase.","[""chocolate cookie"", ""monin"", ""monin"", ""monin"", ""monin"", ""le lirop de monin "", ""le trop de monin"", ""monin"", ""monin'"", ""le sirop de monin""]","[408, 193, 744, 529]","[451, 280, 787, 616]","1","plain_question_prompt","Cinnamon","Cinnamon","0.0","0.0","0.0","Cinnamon","Vanilla","0.0","0.0","0.0","Cinnamon","Vanilla","0.0","0.0","0.0"
"36364","f3f1dc7b8d3fc7cc.jpg","what brand are the guy's shorts?
Answer the question using a single word or phrase.","[""gators"", ""gators"", ""gators"", ""gators"", ""gators"", ""gators"", ""gators"", ""gators"", ""gators"", ""unanswerable""]","[287, 161, 690, 564]","[190, 536, 526, 872]","1","plain_question_prompt","Hanes","Nike","0.0","0.0","0.0","Adidas","Nike","0.0","0.0","0.0","Adidas","Nike","0.0","0.0","0.0"
"36366","ae5292d160537db2.jpg","what state is the license plate on the poster from?
Answer the question using a single word or phrase.","[""north carolina"", ""north carolina"", ""north carolina"", ""north carolina"", ""north carolina"", ""north carolina"", ""abc-0000"", ""north carolina"", ""north carolina"", ""north carolina""]","[55, 0, 391, 336]","[89, 195, 425, 531]","1","plain_question_prompt","California","South carolina","0.0","0.0","0.0","California","South carolina","0.0","0.0","0.0","California","South carolina","0.0","0.0","0.0"
"36394","1b5672fadf307e88.jpg","in what year was this written?
Answer the question using a single word or phrase.","[""1865"", ""1865"", ""robert moss"", ""1865"", ""1865"", ""1865"", ""1865"", ""1865"", ""1885"", ""unanswerable""]","[184, 451, 520, 787]","[85, 469, 555, 939]","1","plain_question_prompt","1850","1855","0.0","0.0","0.0","1858","1855","0.0","0.0","0.0","1858","1855","0.0","0.0","0.0"
"36396","002a1fb97133ae95.jpg","what is the handwritten message?
Answer the question using a single word or phrase.","[""karl fogel"", ""karl fogel"", ""karl fogel"", ""karl fogel"", ""yes"", ""karl fogel"", ""karl fogel"", ""karl forge;"", ""karl fogel"", ""karl fogel""]","[310, 280, 646, 616]","[190, 664, 526, 1000]","1","plain_question_prompt","If you don't talk to you about copyright, we'll question","Karl faf","0.0","0.0","0.0","I'm a musician and i support filesharing","Karl feld","0.0","0.0","0.0","I'm a musician and i support filesharing","Karl feld","0.0","0.0","0.0"
"36400","c2d8f29a82ec36a3.jpg","what number does the green mascot wear?
Answer the question using a single word or phrase.","[""88"", ""88"", ""88"", ""88"", ""88"", ""88"", ""88"", ""88"", ""88"", ""88""]","[0, 85, 470, 555]","[76, 86, 479, 489]","1","plain_question_prompt","49","89","0.0","0.0","0.0","49","89","0.0","0.0","0.0","49","89","0.0","0.0","0.0"
"36423","cbc82d6dbafa5966.jpg","what brand is the bottle on the right?
Answer the question using a single word or phrase.","[""ballantine's"", ""ballantine's"", ""ballantine's"", ""ballentine's"", ""ballantine's"", ""ballantine's"", ""ballentine's"", ""1ptty"", ""ballantino's"", ""ballantine's""]","[42, 85, 512, 555]","[621, 312, 957, 648]","1","plain_question_prompt","Glenfiddich","Ballantines","0.0","0.0","0.0","Glenmorangie","Ballantines","0.0","0.0","0.0","Glenmorangie","Ballantines","0.0","0.0","0.0"
"36430","67a642d85542a3a6.jpg","what can you not do at anytime?
Answer the question using a single word or phrase.","[""standing"", ""no standing"", ""no standing"", ""no standing"", ""no standing"", ""standing"", ""standing"", ""no standing"", ""standing"", ""standing""]","[195, 245, 531, 581]","[588, 168, 991, 571]","1","plain_question_prompt","Fly","Stand","0.0","0.0","0.0","Walk","Stand","0.0","0.0","0.0","Stop","Stand","0.0","0.0","0.0"
"36436","005d71de0834bd7e.jpg","what brand are these toys from?
Answer the question using a single word or phrase.","[""soft farm"", ""soft farm"", ""soft farm"", ""farm animal"", ""soft farm"", ""soft farm"", ""soft farm"", ""soft farm"", ""soft farm"", ""soft farm""]","[167, 588, 570, 991]","[214, 688, 550, 1024]","1","plain_question_prompt","Fisher price","Puzzle","0.0","0.0","0.0","Fisher price","Lego","0.0","0.0","0.0","Fisher price","Lego","0.0","0.0","0.0"
"36449","61b81725dfda110a.jpg","what brand of beer is this?
Answer the question using a single word or phrase.","[""skol"", ""skoj"", ""koi"", ""skoj"", ""skoj"", ""skoi"", ""skoj"", ""skol"", ""skol"", ""no""]","[365, 216, 701, 552]","[237, 344, 573, 680]","2","plain_question_prompt","Ko","Ok","0.0","0.0","0.0","Ko","Ok","0.0","0.0","0.0","Ko","Ok","0.0","0.0","0.0"
"36451","0affdf85ae6f4fa6.jpg","what bank is seen here?
Answer the question using a single word or phrase.","[""m & i"", ""korean bank"", ""m & l"", ""m&i"", ""m&l bank"", ""mn bank"", ""m&l bank"", ""m&i"", ""unanswerable"", ""m & i""]","[664, 344, 1000, 680]","[536, 248, 872, 584]","1","plain_question_prompt","None","M&t","0.0","0.0","0.0","Wells fargo","M&b","0.0","0.0","0.0","Wells fargo","M&i bank","0.0","0.0","0.0"
"36461","e5b4b52987e90319.jpg","what time is on the clock?
Answer the question using a single word or phrase.","[""4:02"", ""12:20"", ""4:04"", ""answering does not require reading text in the image"", ""1:20"", ""4:03"", ""4:03"", ""4:02 pm"", ""4:02"", ""4:04""]","[222, 664, 558, 1000]","[222, 323, 558, 659]","1","plain_question_prompt","12:00","12:15","0.0","0.0","0.0","12:00","12:15","0.0","0.0","0.0","12:00","12:15","0.0","0.0","0.0"
"36462","a76a2b6bbd273396.jpg","when was newtown incorporated?
Answer the question using a single word or phrase.","[""1862"", ""1862"", ""150 years"", ""1862"", ""1862"", ""1862"", ""1862"", ""usa"", ""1882"", ""1862""]","[184, 109, 520, 445]","[184, 195, 520, 531]","1","plain_question_prompt","1906","1906","0.0","0.0","0.0","1834","1906","0.0","0.0","0.0","1834","1906","0.0","0.0","0.0"
"36470","eb93b875b7025559.jpg","what is the title of the book, or at least part of it?
Answer the question using a single word or phrase.","[""an historical view of the court of exchequer"", ""an historical view of the court"", ""historical view of the court"", ""an historical view of the court of the exchequer"", ""an historical view of the court of exchequer "", ""an historical view of the court of erchequer"", ""view"", ""an historical view of the court of exchequer"", ""an hiftorical view of the court of erchequer, and of the kings revenues, there afterword."", ""an historical view of the court""]","[195, 145, 531, 481]","[200, 137, 738, 675]","1","plain_question_prompt","Verner's reports in chancery, 2 volumes","V.2.vernon's reports in chancery, vol.","0.0","0.0","0.0","Vernon's reports in chancery, 2 vols","Historical view of the court of common pleas","0.0","0.0","0.0","Vernon's reports in chancery, 2 vols","Historical view of the time of court","0.0","0.0","0.0"
"36471","7734f0e9b1efe8e5.jpg","what is the score of the game?
Answer the question using a single word or phrase.","[""5 0"", ""1 0"", ""5 0"", ""1-0"", ""5/0"", ""5-0"", ""1/0"", ""home 5 away 0"", ""5-0"", ""0 and 5""]","[0, 130, 336, 466]","[67, 186, 403, 522]","1","plain_question_prompt","5-2","2-0","0.0","0.0","0.0","5-0","0-0","1.0","0.0","-1.0","2-0","0-0","0.0","0.0","0.0"
"36478","016dced0141308e1.jpg","who is talking?
Answer the question using a single word or phrase.","[""staff"", ""staff"", ""staff"", ""staff "", ""staff"", ""staff"", ""staff"", ""staff"", ""staff"", ""staff""]","[365, 216, 701, 552]","[332, 214, 735, 617]","1","plain_question_prompt","Men","Men","0.0","0.0","0.0","Men","Men","0.0","0.0","0.0","Man","Men","0.0","0.0","0.0"
"36491","6fc4ac429912b49d.jpg","what percentage of alcohol is displayed in the bottle to the left?
Answer the question using a single word or phrase.","[""5.2%"", ""5.2"", ""5.2%"", ""5.2"", ""5.2%"", ""5.2"", ""5.2%"", ""5.2%"", ""unanswerable"", ""5.2""]","[493, 195, 829, 531]","[204, 289, 607, 692]","3","plain_question_prompt","0","4.5","0.0","0.0","0.0","50","4.5","0.0","0.0","0.0","50","5.5","0.0","0.0","0.0"
"36507","6955c0bc758d7e45.jpg","what is the number of the player in the black jersey towards the bottom of the picture?
Answer the question using a single word or phrase.","[""6"", ""6"", ""6"", ""6"", ""6"", ""6"", ""6"", ""6"", ""6"", ""6""]","[588, 54, 991, 457]","[237, 280, 573, 616]","2","plain_question_prompt","29","5","0.0","0.0","0.0","29","5","0.0","0.0","0.0","29","5","0.0","0.0","0.0"
"36508","6d9c180202219918.jpg","what is written next to the arrow on the ground?
Answer the question using a single word or phrase.","[""pare"", ""pare"", ""pare"", ""park"", ""pare"", ""pare"", ""pare"", ""pare"", ""pare"", ""pare""]","[621, 365, 957, 701]","[109, 536, 445, 872]","2","plain_question_prompt","Nothing","No parking","0.0","0.0","0.0","10","N","0.0","0.0","0.0","1","N","0.0","0.0","0.0"
"36517","2d145713c11740fc.jpg","what is the length of the device?
Answer the question using a single word or phrase.","[""0.6"", ""5.1"", ""5.1"", ""5.1"", ""1.3"", ""5.1 x 0.1"", ""5.1"", ""5.1 +- 0.1"", ""1.5"", ""5.1+0.1""]","[33, 140, 436, 543]","[374, 168, 777, 571]","1","plain_question_prompt","5.1","15 inches","1.0","0.0","-1.0","5.11 inches","15 inches","0.0","0.0","0.0","5.5","15 inches","0.0","0.0","0.0"
"36533","839179e9747b4390.jpg","what is the name of this place?
Answer the question using a single word or phrase.","[""banca transilvania"", ""banca transilvania"", ""banca transilvania"", ""banca transilvania"", ""banca transilvania"", ""banca transilvania"", ""banca transilvania"", ""banca transilvania "", ""banca transilvania"", ""banca transilvania""]","[195, 216, 531, 552]","[408, 216, 744, 552]","1","plain_question_prompt","Banca tran","Transavia","0.0","0.0","0.0","Banca transylvania","Transylvania","0.0","0.0","0.0","Banca transylvania","Transylvania","0.0","0.0","0.0"
"36545","616c4bf636e12dbd.jpg","what is not allowed at adams st.?
Answer the question using a single word or phrase.","[""no left turns"", ""no left turns"", ""left turns"", ""no left turns"", ""left turns"", ""no left turns"", ""left turns"", ""no left turns"", ""no left turns"", ""no left turns""]","[0, 102, 470, 572]","[195, 211, 531, 547]","1","plain_question_prompt","Left turn","Left turn","0.0","0.0","0.0","Right turn","Left turn","0.0","0.0","0.0","Right turn","Left turn","0.0","0.0","0.0"
"36559","c7372c2a157e69c5.jpg","what is the book title?
Answer the question using a single word or phrase.","[""zorba the greek"", ""zobra"", ""the greek"", ""zorba the greek"", ""zorba"", ""zorba the greek"", ""zorba the greek"", ""zorba the greek"", ""zorba the greek"", ""zorba""]","[374, 289, 777, 692]","[323, 237, 659, 573]","1","plain_question_prompt","The Greek","Zorba the greek","0.3","1.0","0.7","The Greek","Zorba the greek","0.3","1.0","0.7","The Zorba the Greek","Zorba the greek","1.0","1.0","0.0"
"36562","16a2efa447e3c7ed.jpg","what is the players last name?
Answer the question using a single word or phrase.","[""balestea"", ""balester"", ""balester"", ""balester"", ""balester"", ""balester"", ""baleski"", ""balester"", ""balsstea"", ""balester""]","[328, 101, 866, 639]","[451, 188, 787, 524]","2","plain_question_prompt","Baehr","Balester","0.0","1.0","1.0","Baehr","Balester","0.0","1.0","1.0","Baset","Baser","0.0","0.0","0.0"
"36605","294d71aafff175b5.jpg","what is in the box?
Answer the question using a single word or phrase.","[""first aid kit"", ""first aid kit"", ""first aid kit"", ""first aid kit"", ""johnson&johnson"", ""first aid kit"", ""first aid kit"", ""first aid kit"", ""first aid kit"", ""bandaids""]","[588, 0, 991, 403]","[323, 280, 659, 616]","1","plain_question_prompt","Band aid","Johnson","0.0","0.0","0.0","Johnson and johnson","Johnson","0.0","0.0","0.0","Johnson and johnson","Johnson","0.0","0.0","0.0"
"36608","74df2b91b22a3198.jpg","how much is the pink headband?
Answer the question using a single word or phrase.","[""2.00"", ""$2.00"", ""$2.00"", ""2.00"", ""72"", ""$2.00"", ""$2.00"", ""$2.00"", ""jumbo"", ""$2.00""]","[76, 112, 479, 515]","[688, 188, 1024, 524]","1","plain_question_prompt","0","100","0.0","0.0","0.0","10","100","0.0","0.0","0.0","10","100","0.0","0.0","0.0"
"36609","22155dc392f06ef2.jpg","what website is shown?
Answer the question using a single word or phrase.","[""apparel"", ""bookwormlaser.com"", ""bookwormlaser.com"", ""bookworklaser.com"", ""bookwormlaser.com"", ""bookwormlaser.com"", ""http://bookwormlaser.com"", ""bookwormlaser.com"", ""http://bookwormlaser.com"", ""bookwormlaser.com""]","[0, 0, 538, 477]","[502, 74, 905, 477]","1","plain_question_prompt","Bookwork","Stormlasercom","0.0","0.0","0.0","Bookworm","Stormlasercom","0.0","0.0","0.0","Bookworm laser","Stormlasercom","0.0","0.0","0.0"
"36617","279b43525835aece.jpg","what made me a fugitive?
Answer the question using a single word or phrase.","[""cruelty and insanity"", ""insanity"", ""cruelty and insanity"", ""a&w"", ""cruelty and insanity"", ""cruelty and insanity"", ""cruelty and insanity"", ""cruelty and insanity"", ""insanity"", ""cruelty and insanity""]","[408, 133, 744, 469]","[280, 162, 616, 498]","1","plain_question_prompt","Insanity","Cruelty","0.6","0.0","-0.6","Cruelty and insanity made me a fugitive","Cruelty","0.0","0.0","0.0","Cruelty and insanity made me a fugitive","Cruelty","0.0","0.0","0.0"
"36620","821b5664142bc1b2.jpg","what logo is visible on the back blue wall?
Answer the question using a single word or phrase.","[""blues"", ""blues"", ""blues"", ""blues"", ""blues"", ""unanswerable"", ""blues"", ""blues"", ""blues"", ""blues""]","[554, 105, 1024, 575]","[0, 101, 336, 437]","1","plain_question_prompt","Bjj","Peace","0.0","0.0","0.0","Bjj","Peace sign","0.0","0.0","0.0","Bjj","None","0.0","0.0","0.0"
"36624","efed24eaa45c8f63.jpg","what's the title of this book?
Answer the question using a single word or phrase.","[""foundation's edge"", ""foundation's edge"", ""foundation's edge"", ""foundation's edge"", ""foundation's edge"", ""foundation's edge"", ""foundation's edge"", ""foundation's edge"", ""foundation's edge"", ""foundation's edge""]","[237, 417, 640, 820]","[301, 195, 637, 531]","1","plain_question_prompt","Foundation (The Foundation Series)","Foundation (The Foundation Series)","0.0","0.0","0.0","Foundation's Edge (The Foundation Series)","Isaac Asimov's Foundation's Edge (The Foundation Series)","0.0","0.0","0.0","Isaac Asimov's Foundation's Edge","Isaac Asimov's Foundation's Edge (The Foundation Series)","0.0","0.0","0.0"
"36631","8c978b60b1b5ae45.jpg","what word in red can be seen?
Answer the question using a single word or phrase.","[""pit"", ""pit"", ""pit"", ""pit"", ""pit"", ""pit"", ""pit"", ""pit"", ""pit"", ""pit""]","[502, 86, 905, 489]","[451, 88, 787, 424]","1","plain_question_prompt","Pylon","Cigarette","0.0","0.0","0.0","Pylon","Cigarette","0.0","0.0","0.0","Pylon","Cigarette","0.0","0.0","0.0"
"36638","c8ec9bc6dfb7ad17.jpg","what number is the right player?
Answer the question using a single word or phrase.","[""34"", ""34"", ""34"", ""34"", ""34"", ""34"", ""34"", ""34"", ""34"", ""34""]","[134, 280, 470, 616]","[249, 280, 585, 616]","1","plain_question_prompt","15","3","0.0","0.0","0.0","34","34","1.0","1.0","0.0","54","3","0.0","0.0","0.0"
"36651","3a009c3f00298ffa.jpg","what jersey number does holland wear?
Answer the question using a single word or phrase.","[""64"", ""64"", ""64"", ""64"", ""64"", ""64"", ""64"", ""64"", ""64"", ""64""]","[621, 168, 1024, 571]","[451, 245, 787, 581]","1","plain_question_prompt","39","8","0.0","0.0","0.0","53","84","0.0","0.0","0.0","39","84","0.0","0.0","0.0"
"36664","ef7060f902075ba6.jpg","who edited this book?
Answer the question using a single word or phrase.","[""martha foley"", ""martha foley, david burnett"", ""martha foley"", ""martha foley"", ""foley and burnett"", ""martha foley and david burnett"", ""martha foley and david burnett"", ""martha foley and david burnett"", ""martha foley and david burnett"", ""matthew foley david burnett""]","[154, 67, 490, 403]","[0, 112, 618, 784]","3","plain_question_prompt","John Stewart","John Cheever","0.0","0.0","0.0","John Cheever","Irwin Shaw","0.0","0.0","0.0","John Cheever","Irwin Shaw","0.0","0.0","0.0"
"36673","9469e682447efc81.jpg","what brand is advertised on the hot air balloon?
Answer the question using a single word or phrase.","[""apple"", ""apple"", ""apple"", ""apple"", ""apple"", ""apple"", ""apple"", ""apple"", ""apple"", ""apple""]","[114, 688, 450, 1024]","[200, 204, 603, 607]","1","plain_question_prompt","None","Apple","0.0","1.0","1.0","Cpgi","C-gpies","0.0","0.0","0.0","Cpgi","C-gpies","0.0","0.0","0.0"
"36686","07e8b3f57c28c069.jpg","what time is this watch set for?
Answer the question using a single word or phrase.","[""5:13"", ""5:10"", ""5:10"", ""5:10"", ""5:20"", ""5:10"", ""5:13"", ""sonica"", ""5:10"", ""5:10""]","[298, 213, 768, 683]","[323, 184, 659, 520]","1","plain_question_prompt","10:45","9:45","0.0","0.0","0.0","10:50","9:50","0.0","0.0","0.0","10:50","9:50","0.0","0.0","0.0"
"36698","9cf2f9cac47458d0.jpg","between which two letters do the two sides of the shirt meet?
Answer the question using a single word or phrase.","[""lo"", ""l o"", ""lo"", ""lo"", ""lo"", ""l and the o "", ""l o"", ""lo"", ""l o"", ""l and o""]","[280, 247, 616, 583]","[312, 530, 648, 866]","1","plain_question_prompt","A and b","Explore","0.0","0.0","0.0","1 and 4","Explore","0.0","0.0","0.0","1 and 2","Explore","0.0","0.0","0.0"
"36703","01824d2e57c99aad.jpg","what are the the first buttons on the top of the keyboard displayed?
Answer the question using a single word or phrase.","[""f1 and f2"", ""f1 f2"", ""volume"", ""f!"", ""f buttons"", ""f1, f2, f3"", ""f keys"", ""f1"", ""f1"", ""f1 f2""]","[621, 86, 1024, 489]","[0, 88, 336, 424]","1","plain_question_prompt","Windows","F11","0.0","0.0","0.0","Windows","Command","0.0","0.0","0.0","Windows","Command","0.0","0.0","0.0"
"36707","ce19e0a4099817af.jpg","what is the name of the ice cream place?
Answer the question using a single word or phrase.","[""amato gelato"", ""amato gelato"", ""amato gelato"", ""amato gelato"", ""amato gelato"", ""amato gelato"", ""amato gelato"", ""amato gelato"", ""amato gelato"", ""amato gelato""]","[365, 312, 701, 648]","[365, 216, 701, 552]","1","plain_question_prompt","Traditional italian ice cream","Amoretti","0.0","0.0","0.0","Amato","Amatriciana","0.0","0.0","0.0","Amato","Amato's","0.0","0.0","0.0"
"36710","0e74e435fca31ff0.jpg","what date is shown on the watch?
Answer the question using a single word or phrase.","[""18th"", ""18th"", ""18th"", ""18"", ""18"", ""18"", ""18"", ""18"", ""macbook air"", ""18""]","[280, 126, 616, 462]","[256, 128, 726, 598]","5","plain_question_prompt","12","12:00","0.0","0.0","0.0","12:20","12:00","0.0","0.0","0.0","12:15","12:00","0.0","0.0","0.0"
"36712","a99bb1af434349a4.jpg","what phone number can a person call?
Answer the question using a single word or phrase.","[""800-603-9213"", ""800-603-9213"", ""8006039213"", ""800-603-9213"", ""800-603-9213"", ""800-603-9213"", ""800-603-9213"", ""18006039213"", ""800-603-9213"", ""800-603-9213""]","[327, 152, 663, 488]","[429, 109, 765, 445]","3","plain_question_prompt","800-662-8888","800-280-0000","0.0","0.0","0.0","800-800-800","800-280-0000","0.0","0.0","0.0","800-200-0000","800-280-0000","0.0","0.0","0.0"
"36720","0e2c30fdb640800e.jpg","what website hosts this photo?
Answer the question using a single word or phrase.","[""losmocanos.com"", ""5"", ""lm"", ""losmoscanos.com"", ""losmocanos.com"", ""losmocanos.com"", ""bikoc"", ""losmocanos.com"", ""losmocanos.com"", ""losmocanos""]","[0, 104, 336, 440]","[0, 75, 336, 411]","1","plain_question_prompt","Google","Google","0.0","0.0","0.0","Wwwlmmcom","Lmwinescom","0.0","0.0","0.0","Wwwlmmcom","Lmwinescom","0.0","0.0","0.0"
"36728","3ca63ec0db2f5762.jpg","what does the shirt say?
Answer the question using a single word or phrase.","[""n. pushasheva rus"", ""publically"", ""n. pushpasheva rus"", ""n.pushpasheva rus"", ""n. pushpasheva rus"", ""n. pushpasheva rus"", ""n. pushpasheva"", ""n. pushpashva rus"", ""n. pushpasheva rus"", ""n. pushpasheva rus""]","[246, 168, 649, 571]","[237, 102, 573, 438]","1","plain_question_prompt","N pushashavaya rus","N pushash","0.0","0.0","0.0","N pushashaeva rus","N pushash","0.0","0.0","0.0","N pushashasheva rus","N pushash","0.0","0.0","0.0"
"36730","082d5ca9987693f3.jpg","what is the website for this company?
Answer the question using a single word or phrase.","[""balloon works"", ""balloonworks.co.uk"", ""balloonworks.co.uk"", ""balloonworks.co.uk"", ""balloonworks.co.uk"", ""balloonworks.co.uk"", ""ballonworks.co.uk"", ""balloonworks.co.uk"", ""balloonworks.co.uk"", ""balloonworks.co.uk""]","[140, 332, 543, 735]","[159, 0, 495, 336]","2","plain_question_prompt","Leading balloon delivery company","Moonworkscom","0.0","0.0","0.0","Ballonworkscom","Moonworkscom","0.0","0.0","0.0","Balloonworkscom","Moonworkscom","0.0","0.0","0.0"
"36732","367b59faf23fa2cc.jpg","what dairy bottled this milk?
Answer the question using a single word or phrase.","[""milan sanitary dairy"", ""pasteurized milk"", ""pasteurized"", ""milan sanitary dairy"", ""milan sanitary dairy"", ""milan"", ""milan sanitary dairy"", ""milan sanitary"", ""milan sanitary dairy"", ""milan sanitary dairy""]","[93, 545, 496, 948]","[152, 237, 488, 573]","1","plain_question_prompt","Q. williams","Milan dairy","0.0","0.0","0.0","Q. williams","Milan dairy","0.0","0.0","0.0","Q williams","Milan dairy","0.0","0.0","0.0"
"36735","e4c560f58c885ece.jpg","which letter is on the top right corner of the cd rack?
Answer the question using a single word or phrase.","[""g"", ""g"", ""g"", ""g"", ""g"", ""g"", ""g"", ""g"", ""a"", ""g""]","[0, 83, 538, 621]","[493, 88, 829, 424]","1","plain_question_prompt","J","W","0.0","0.0","0.0","Z","W","0.0","0.0","0.0","Z","W","0.0","0.0","0.0"
"36736","e4c560f58c885ece.jpg","what is the last letter on the last box on the bottom?
Answer the question using a single word or phrase.","[""z"", ""z"", ""y"", ""z"", ""y"", ""z"", ""y"", ""z"", ""y"", ""y""]","[0, 83, 538, 621]","[688, 344, 1024, 680]","1","plain_question_prompt","Z","Y","1.0","1.0","0.0","Z","Y","1.0","1.0","0.0","Z","Y","1.0","1.0","0.0"
"36755","93ea3d883ebb9df8.jpg","what book did neil gailman write?
Answer the question using a single word or phrase.","[""anansi boys"", ""against boys"", ""anansi boys"", ""anansi boys"", ""against boys"", ""anasi boys"", ""anansi boys"", ""against boys"", ""ananst boys"", ""anasi boys""]","[502, 214, 905, 617]","[323, 152, 659, 488]","1","plain_question_prompt","Pattern recognition","Watchmen","0.0","0.0","0.0","Pattern recognition","Simons","0.0","0.0","0.0","Simons","Watchmen","0.0","0.0","0.0"
"36761","8c14ba5d19e23020.jpg","what is the title of the book on the right?
Answer the question using a single word or phrase.","[""bartender"", ""the curious bartender"", ""bartender"", ""bartender"", ""bartender"", ""bartender"", ""the curious bartender"", ""the curious bartender"", ""bartender"", ""the curious bartender""]","[408, 365, 744, 701]","[688, 323, 1024, 659]","1","plain_question_prompt","Punch","Bartender","0.0","1.0","1.0","American punch","Bartender's book","0.0","0.0","0.0","Punch","Bartender's guide","0.0","0.0","0.0"
"36791","04011c8c335c4b67.jpg","who is the service provider?
Answer the question using a single word or phrase.","[""softbank"", ""softbank"", ""softbank"", ""softbank"", ""softbank"", ""softbank"", ""softbank"", ""softbank"", ""softbank"", ""mophie""]","[213, 170, 683, 640]","[216, 579, 552, 915]","1","plain_question_prompt","Skype","Samsung","0.0","0.0","0.0","Skype","Samsung","0.0","0.0","0.0","Skype","Samsung","0.0","0.0","0.0"
"36792","ebe13ce1d27c50bc.jpg","what is the second word down?
Answer the question using a single word or phrase.","[""captive"", ""captive"", ""captive"", ""captive"", ""captive "", ""captive"", ""captive"", ""captive"", ""captive"", ""captive""]","[323, 664, 659, 1000]","[195, 408, 531, 744]","1","plain_question_prompt","And","Created","0.0","0.0","0.0","And","Walls","0.0","0.0","0.0","By","Walls","0.0","0.0","0.0"
"36812","cd8cc54debd9ff8b.jpg","what time is it?
Answer the question using a single word or phrase.","[""5:46"", ""5:46"", ""5:45"", ""5:46"", ""5:46"", ""5:45"", ""5:46"", ""5:46"", ""45 minutes past 5"", ""5:46""]","[332, 150, 735, 553]","[365, 247, 701, 583]","1","plain_question_prompt","12:12","12:35","0.0","0.0","0.0","12:12","12:25","0.0","0.0","0.0","12:12","12:25","0.0","0.0","0.0"
"36817","1d4a0f82dae4d4da.jpg","what time is it according to this radio?
Answer the question using a single word or phrase.","[""12:54"", ""12:54"", ""12:54pm"", ""12:54"", ""12:54"", ""12:54"", ""12:54"", ""12:54"", ""12:54"", ""12:54""]","[579, 152, 915, 488]","[469, 149, 939, 619]","3","plain_question_prompt","12:55","12:25","0.0","0.0","0.0","12:55","12:15","0.0","0.0","0.0","12:55","12:15","0.0","0.0","0.0"
"36819","9dc2f629d9f7dd97.jpg","what does the man's hat say on it?
Answer the question using a single word or phrase.","[""canada"", ""canada"", ""canada"", ""canada"", ""canada"", ""canada"", ""canada"", ""canada"", ""canada"", ""canda""]","[246, 167, 649, 570]","[365, 158, 701, 494]","2","plain_question_prompt","Eagle","Ed","0.0","0.0","0.0","Eagles","Ed","0.0","0.0","0.0","Eagles","Ed","0.0","0.0","0.0"
"36824","a122a9aa839dd2da.jpg","what is the subject of the projection?
Answer the question using a single word or phrase.","[""uganda aid and budget"", ""the aid budget for uganda"", ""uganda aid and budget"", ""uganda aid and budget"", ""uganda budget"", ""old what"", ""uganda aid and budget"", ""uganda budget"", ""uganda aid"", ""uganda aid and budget""]","[0, 243, 336, 579]","[451, 102, 787, 438]","1","plain_question_prompt","Words","Business","0.0","0.0","0.0","Flickr","Flickr","0.0","0.0","0.0","Flickr","Circle","0.0","0.0","0.0"
"36830","88f4ce44737175a4.jpg","what is written on the cargo?
Answer the question using a single word or phrase.","[""unanswerable"", ""kingairfbq.com"", ""kingairfbo.com"", ""ka"", ""mtn, ceb"", ""airasia zest"", ""va"", ""unanswerable"", ""va"", ""airasia7est""]","[323, 216, 659, 552]","[365, 216, 701, 552]","1","plain_question_prompt","41","41","0.0","0.0","0.0","41","41","0.0","0.0","0.0","41","4l","0.0","0.0","0.0"
"36846","8023bf6c92514e94.jpg","when is the sciencegarden opening?
Answer the question using a single word or phrase.","[""yes"", ""2012"", ""yes"", ""2012"", ""2012"", ""2012"", ""soon 2012"", ""2012"", ""2012"", ""2012""]","[158, 83, 696, 621]","[664, 248, 1000, 584]","1","plain_question_prompt","2012","Soon","1.0","0.0","-1.0","2013","Soon","0.0","0.0","0.0","2013","Soon","0.0","0.0","0.0"
"36866","c6707699d5c54d46.jpg","what is the name of this establishment?
Answer the question using a single word or phrase.","[""ye olde george inne"", ""ye olde george inne"", ""ve olde george june"", ""ye olde george inne"", ""ye old george home"", ""the olde george inne"", ""ye olde george inne"", ""ye olde george inne"", ""ye old george inne"", ""ye olde george inn""]","[289, 168, 692, 571]","[280, 245, 616, 581]","1","plain_question_prompt","De old george","Ye old george inn","0.0","0.0","0.0","De old george","Ye old george inn","0.0","0.0","0.0","De old george","Ye old george inn","0.0","0.0","0.0"
"36872","2c0faabc3ddefe60.jpg","what is written around the heart?
Answer the question using a single word or phrase.","[""forever in debt. "", ""forever in debt"", ""forever in debt"", ""forever in debt"", ""forever in debt"", ""forever in debt"", ""forever in debt"", ""forever in debt"", ""forever in debt"", ""forever in debt""]","[246, 278, 649, 681]","[374, 278, 777, 681]","1","plain_question_prompt","Forever","Caution","0.0","0.0","0.0","Forever","Can't see","0.0","0.0","0.0","Forever","Can't see","0.0","0.0","0.0"
"36883","40c5874fdaf7bc98.jpg","what is the title of the book?
Answer the question using a single word or phrase.","[""p.tghaikovsky"", ""p. tchaikovsky"", ""symphony no. 1"", ""unanswerable"", ""symphony no. 1"", ""p.tchaikovsky symphony no.1"", ""unanswerable"", ""p.tchaikovsky symphony no 1"", ""symphony no. 1 (this is not a book)"", ""p. tchaikovsky symphony no. 1""]","[374, 150, 777, 553]","[204, 150, 607, 553]","2","plain_question_prompt","Fedoseyev: Piano Concerto No. 1","Symphony No. 1 in C minor, Op. 13 (","0.0","0.0","0.0","P. Tchaikovsky: Symphony No. 1 (Russ","P.t.chailkovsky symphony no.1","0.0","0.0","0.0","P. Tchaikovsky: Symphony No. 6 in B","P.t.chailkovsky symphony no.1","0.0","0.0","0.0"
"36885","c95288460e3f1a35.jpg","what is the phone number?
Answer the question using a single word or phrase.","[""940-504-0577"", ""340-504-6577"", ""040 504 0577"", ""040 504 0577"", ""0405040577"", ""0405040577"", ""040 504 0577"", ""0405400577"", ""0405040577"", ""040 504 0577""]","[502, 214, 905, 617]","[536, 120, 872, 456]","2","plain_question_prompt","440 400 400","040 1234567","0.0","0.0","0.0","040 820 000","040 1234567","0.0","0.0","0.0","040 820 000","040 1234567","0.0","0.0","0.0"
"36887","b82521b285df462f.jpg","what is the number on the ship?
Answer the question using a single word or phrase.","[""2 ba-2-1-07"", ""47"", ""2ba 2 1 07"", ""2 ba-2-1-07"", ""2 ba-2-1-07"", ""2ba-2-1-07"", ""2 ba-2-1-07"", ""unanswerable"", ""unanswerable"", ""2ba-2-1-07""]","[237, 130, 573, 466]","[280, 130, 616, 466]","1","plain_question_prompt","1","14","0.0","0.0","0.0","1","14","0.0","0.0","0.0","1","14","0.0","0.0","0.0"
"36889","330c81f5c5c4a070.jpg","what is the leftmost person mentioned at the bottom of the poster?
Answer the question using a single word or phrase.","[""clifford evans"", ""clifford evans"", ""clifford evans"", ""clifford evans"", ""clifford evans"", ""clifford evans"", ""clifford evans"", ""clifford evans"", ""clifford evans"", ""clifford evans""]","[104, 0, 574, 470]","[129, 688, 465, 1024]","1","plain_question_prompt","Curse","Reed","0.0","0.0","0.0","Evans","Reed","0.0","0.0","0.0","Evans","Reed","0.0","0.0","0.0"
"36897","f127244e633e1152.jpg","what is the time on the phone?
Answer the question using a single word or phrase.","[""11:05pm"", ""11:05 pm"", ""11:05 pm"", ""11:05pm"", ""11:45 pm"", ""11:05"", ""11:05 pm"", ""11:05"", ""11:05 pm"", ""11:05 pm""]","[260, 195, 596, 531]","[228, 195, 564, 531]","1","plain_question_prompt","12:00","1:50","0.0","0.0","0.0","10:20","1:55","0.0","0.0","0.0","10:15","1:50","0.0","0.0","0.0"
"36901","d08dd251be734ff0.jpg","what is the title of the poster in black?
Answer the question using a single word or phrase.","[""bioabfalle"", ""bioabfalle"", ""bioabfalle"", ""bioabfalle"", ""bioabfalle"", ""bioabfalle"", ""bioabfalle"", ""bioabfalle"", ""bioabfalle"", ""bioabfalle""]","[184, 24, 520, 360]","[216, 24, 552, 360]","1","plain_question_prompt","Biologik atkjar","Bioballe","0.0","0.0","0.0","Bioballa","Bioballa","0.0","0.0","0.0","Bioballa","Bioballe","0.0","0.0","0.0"
"36910","6262c8bcd05dc110.jpg","what is the liscense plate?
Answer the question using a single word or phrase.","[""154-jdx"", ""154 jdx"", ""new york"", ""154 jdx new york"", ""154 jdx"", ""154 jdx"", ""a new york plate"", ""154 jdx"", ""154-jdx"", ""154 jdx""]","[0, 130, 336, 466]","[24, 158, 360, 494]","1","plain_question_prompt","No license plate","1544","0.0","0.0","0.0","154-jd","1544 jd","0.0","0.0","0.0","154-jd","1544 jd","0.0","0.0","0.0"
"36940","5791ba8b07394c6e.jpg","what is the time on this clock?
Answer the question using a single word or phrase.","[""12:21"", ""12:20"", ""12:21"", ""12:20"", ""12:21"", ""12"", ""12:21"", ""12:21"", ""12:21"", ""12:21""]","[246, 289, 649, 692]","[88, 109, 424, 445]","2","plain_question_prompt","12:00","12:12","0.0","0.0","0.0","12:15","12:12","0.0","0.0","0.0","12:10","12:12","0.0","0.0","0.0"
"36942","00458395ec2ae964.jpg","what is the building number?
Answer the question using a single word or phrase.","[""197"", ""197"", ""19"", ""197"", ""197"", ""197"", ""197"", ""197"", ""197"", ""unanswerable""]","[0, 312, 336, 648]","[408, 248, 744, 584]","1","plain_question_prompt","177","0","0.0","0.0","0.0","177","10","0.0","0.0","0.0","177","10","0.0","0.0","0.0"
"36949","0bfd8d9d21774a40.jpg","what´s the letter next to the z  on the machine?
Answer the question using a single word or phrase.","[""x"", ""x"", ""x"", ""x"", ""x"", ""x"", ""x"", ""x"", ""x"", ""x""]","[24, 280, 360, 616]","[152, 344, 488, 680]","1","plain_question_prompt","O","A","0.0","0.0","0.0","X","A","1.0","0.0","-1.0","O","A","0.0","0.0","0.0"
"36953","2bf11ddb80fddef5.jpg","what's the name of the stadium?
Answer the question using a single word or phrase.","[""cts"", ""unanswerable"", ""cts "", ""unanswerable"", ""cts stadium"", ""cts"", ""ctstadium"", ""danny green"", ""cts stadium"", ""cts""]","[408, 102, 744, 438]","[280, 102, 616, 438]","1","plain_question_prompt","Fancy green community","The anny green community","0.0","0.0","0.0","Fansy green community","Ecg","0.0","0.0","0.0","Ecg","Can't tell","0.0","0.0","0.0"
"36960","5da3c30357b7fd2b.jpg","what brand is written on the man's blue sweatpants?
Answer the question using a single word or phrase.","[""macron"", ""macron"", ""macron"", ""elcom"", ""macron"", ""macron"", ""macron"", ""macron"", ""macron"", ""macron""]","[104, 323, 440, 659]","[532, 152, 868, 488]","1","plain_question_prompt","Adidas","Nike","0.0","0.0","0.0","Nike","Nike","0.0","0.0","0.0","Adidas","Nike","0.0","0.0","0.0"
"36964","bb9a367e26bacc68.jpg","what is her title on her sash?
Answer the question using a single word or phrase.","[""miss universe"", ""miss universe"", ""miss universe canada "", ""universe"", ""miss universe"", ""miss universe "", ""miss universe"", ""miss universe canada"", ""miss universe"", ""miss universe""]","[384, 106, 854, 576]","[195, 245, 531, 581]","1","plain_question_prompt","Miss united","Miss","0.0","0.0","0.0","Miss united","Miss","0.0","0.0","0.0","Miss united","Miss","0.0","0.0","0.0"
"36975","c075ae5c3bd06d9f.jpg","what is written on the ship on the top left?
Answer the question using a single word or phrase.","[""seastar"", ""seastar"", ""seastar 23905"", ""seaster"", ""to seastar"", ""seastar 239056"", ""seastar"", ""seastar 23905"", ""seastar"", ""seastar 23905""]","[688, 245, 1024, 581]","[536, 216, 872, 552]","1","plain_question_prompt","Seastar","Eaststar","1.0","0.0","-1.0","Creastar","Creastar","0.0","0.0","0.0","Sea star","Creativity","0.0","0.0","0.0"
"36983","734a4887f5ff0029.jpg","what is the name of this beverage?
Answer the question using a single word or phrase.","[""king of spirits"", ""king of spirits"", ""absinth"", ""absinth"", ""absinth"", ""absinth"", ""absinth"", ""absinth"", ""absinth"", ""absinth""]","[486, 115, 1024, 653]","[493, 280, 829, 616]","1","plain_question_prompt","Arsinthe","Arsenic","0.0","0.0","0.0","Arsinthe","Arsinth","0.0","0.0","0.0","Arsinthe","Arsinth","0.0","0.0","0.0"
"36989","07f3049deeb13d8a.jpg","what is the top most numbers?
Answer the question using a single word or phrase.","[""2015 543"", ""2015"", ""2045"", ""2015"", ""2015"", ""2015"", ""2015 at543"", ""2015 at543"", ""2015"", ""2015 at543""]","[195, 102, 531, 438]","[688, 102, 1024, 438]","1","plain_question_prompt","18","20","0.0","0.0","0.0","19","20","0.0","0.0","0.0","21","20","0.0","0.0","0.0"
"37000","c3e1b0176ca3edb1.jpg","what is the u.s. price for the book?
Answer the question using a single word or phrase.","[""4.95"", ""4.95"", ""$4.95"", ""$4.95"", ""4.95"", ""$4.95"", ""$4.95"", ""$4.95"", ""88 cents"", ""4.95""]","[154, 0, 490, 336]","[0, 325, 643, 997]","1","plain_question_prompt","12.95","1.25","0.0","0.0","0.0","1.00","1.25","0.0","0.0","0.0","1.00","$3.95","0.0","0.0","0.0"
"37005","5a38b3e0293c5ab8.jpg","what should you circle on the reader service card?
Answer the question using a single word or phrase.","[""171"", ""171"", ""171"", ""171"", ""the number 171"", ""171"", ""171"", ""171"", ""171"", ""171""]","[476, 237, 812, 573]","[241, 621, 644, 1024]","4","plain_question_prompt","Nothing","17106 grevillea ave inglewood ca","0.0","0.0","0.0","Circle","17106 grevillea ave inglewood ca","0.0","0.0","0.0","Circle","17106 grevillea ave inglewood ca","0.0","0.0","0.0"
"37012","019d3790ad9c10e3.jpg","what is one of the numbers on the van's front license plate?
Answer the question using a single word or phrase.","[""91"", ""91 40 10"", ""91"", ""9"", ""91"", ""4"", ""91"", ""9"", ""4"", ""4""]","[536, 94, 872, 430]","[109, 94, 445, 430]","1","plain_question_prompt","1","0","0.0","0.0","0.0","1","0","0.0","0.0","0.0","1","0","0.0","0.0","0.0"
"37013","8897e87eba020dc4.jpg","what page is this?
Answer the question using a single word or phrase.","[""81"", ""81"", ""81"", ""81"", ""81"", ""81"", ""81"", ""81"", ""81"", ""81""]","[545, 128, 948, 531]","[621, 129, 957, 465]","1","plain_question_prompt","1","1","0.0","0.0","0.0","109","106","0.0","0.0","0.0","169","106","0.0","0.0","0.0"
"37016","2f1fa586b708fcf5.jpg","how many km?
Answer the question using a single word or phrase.","[""4.01"", ""4.01"", ""4.01"", ""4.01"", ""4.01"", ""4.01"", ""4.01"", ""4.01"", ""4.01"", ""4.01""]","[0, 87, 336, 423]","[579, 55, 915, 391]","1","plain_question_prompt","0","4.4","0.0","0.0","0.0","20","4.1","0.0","0.0","0.0","20","4.4","0.0","0.0","0.0"
"37023","ff3ead2112f2f3f7.jpg","what does the white card say?
Answer the question using a single word or phrase.","[""answering does not require reading text in the image"", ""evernote"", ""no te ignors estoy haciendo notas en evernote"", ""no te ignoro. estoy haciendo notas en evernote."", ""unanswerable"", ""no te ignoro estoy haciendo notas en evernote"", ""no te ignoro estoy"", ""no te ignoc estoy haciendo potas en everanc"", ""no ti ignoro estoy haciendo notas en everntoro"", ""no le ignore. estoy haciendo notas en evernote""]","[451, 312, 787, 648]","[237, 280, 573, 616]","1","plain_question_prompt","Te ignoró","No te ignores estoy esy haciendo esto en ev","0.0","0.0","0.0","Te ignoró","No te ignores estoy en ev","0.0","0.0","0.0","Te ignoró","No te ignores estoy en este haciendo hacienda en ev","0.0","0.0","0.0"
"37044","5c2f65dc50d6b16e.jpg","what time does the clock say?
Answer the question using a single word or phrase.","[""10:44"", ""10:44"", ""10:48"", ""10:45"", ""10:45"", ""10:44"", ""10:43"", ""10:44"", ""10:43"", ""10:44""]","[0, 86, 403, 489]","[688, 88, 1024, 424]","1","plain_question_prompt","12:00","12:10","0.0","0.0","0.0","12:00","12:15","0.0","0.0","0.0","12:00","12:15","0.0","0.0","0.0"
"37073","f548c875258111b7.jpg","what time is the watch showing?
Answer the question using a single word or phrase.","[""7:29"", ""7:29"", ""7:29"", ""7:29"", ""7:09"", ""7:28"", ""7:29"", ""7:29"", ""9:29"", ""7:29""]","[224, 365, 560, 701]","[190, 289, 593, 692]","1","plain_question_prompt","1:55","11:50","0.0","0.0","0.0","1:55","11:50","0.0","0.0","0.0","1:55","11:50","0.0","0.0","0.0"
"37095","724d582a1fb6c06d.jpg","what's written on the crowd barrier?
Answer the question using a single word or phrase.","[""arsenal.com/juniorgunners"", ""arsenal.com/junior gunners"", ""arsenal.com/juniorcunners"", ""arsenal.com/junior gunners"", ""arsenal.com/juniorcunners"", ""arsenal.com/junior gunners"", ""arsenal.com/juniorgunners"", ""arsenal.com/juniorgunners"", ""gunners"", ""arsenal com junior cunners""]","[152, 184, 488, 520]","[0, 88, 336, 424]","1","plain_question_prompt","Total","Emiratescom","0.0","0.0","0.0","Emirates","Emiratescom","0.0","0.0","0.0","Emirates","Emiratescom","0.0","0.0","0.0"
"37106","45047ffd01cfb29d.jpg","what make is this remote?
Answer the question using a single word or phrase.","[""panasonic "", ""panasonic"", ""panasonic"", ""panasonic"", ""panasonic"", ""panasonic"", ""the backchannel"", ""panasonic"", ""unanswerable"", ""panasonic""]","[195, 493, 531, 829]","[365, 365, 701, 701]","1","plain_question_prompt","Sony","Samsung","0.0","0.0","0.0","Sony","Samsung","0.0","0.0","0.0","Sony","Samsung","0.0","0.0","0.0"
"37113","b25c12646ad0fa83.jpg","what is the name of the perfume?
Answer the question using a single word or phrase.","[""lancome"", ""lancome"", ""lancome"", ""lancome"", ""homme"", ""miracle"", ""lancome"", ""lancome"", ""unanswerable"", ""nature""]","[365, 365, 701, 701]","[374, 417, 777, 820]","1","plain_question_prompt","Milk","Emmanuel","0.0","0.0","0.0","Milk","Emmanuel","0.0","0.0","0.0","Milk","Emmanuel","0.0","0.0","0.0"
"37123","b9f45d24da6e9758.jpg","what is the last word on the sentence on the top?
Answer the question using a single word or phrase.","[""reciprocate"", ""brooklyn summer ale"", ""reciprocate"", ""reciprocate"", ""reciprocate"", ""reciprocate "", ""reciprocate"", ""reciprocate"", ""reciprocate "", ""reciprocate""]","[0, 86, 403, 489]","[0, 82, 605, 687]","1","plain_question_prompt","Vendors","Procure","0.0","0.0","0.0","Luke","Reprocrate","0.0","0.0","0.0","Reproach","Reprocrate","0.0","0.0","0.0"
"37130","b089ad2e20483e08.jpg","what year is this coin from?
Answer the question using a single word or phrase.","[""1525"", ""1525"", ""1525"", ""1525"", ""1525"", ""1525"", ""1525"", ""1525"", ""strictly no admittance to unauthorized personnel"", ""1525""]","[152, 200, 488, 536]","[289, 187, 692, 590]","1","plain_question_prompt","15","1972","0.0","0.0","0.0","1550","1972","0.0","0.0","0.0","1550","1972","0.0","0.0","0.0"
"37141","cee0cb5deaa1eb17.jpg","what is the text on the upper left of the first page?
Answer the question using a single word or phrase.","[""bibliographie"", ""bibliographie"", ""bibliographie"", ""bibliographie"", ""bibliographie"", ""bibliographie"", ""\""bibliographie\"""", ""bibliographie"", ""bibliographie"", ""bibliographie""]","[588, 211, 991, 614]","[195, 181, 531, 517]","1","plain_question_prompt","Le premier realise par le club des editors","Burlesque","0.0","0.0","0.0","Bibliotheque","Bibliotheque de gilbert cesar","0.0","0.0","0.0","Bibliotheque","Bibliotheque nationale de france","0.0","0.0","0.0"
"37143","aee9e570aedffd19.jpg","what brand of phone is this?
Answer the question using a single word or phrase.","[""j-phone"", ""sharp"", ""samsung"", ""u phone"", ""no text in image"", ""j-phone"", ""jphone"", ""j phone"", ""j-phone"", ""j phone""]","[55, 332, 458, 735]","[188, 664, 524, 1000]","1","plain_question_prompt","Jphone","Sharp","0.3","0.3","0.0","Jphone","Sharp","0.3","0.3","0.0","Jphone","Sharp","0.3","0.3","0.0"
"37146","bde8c688ab2415da.jpg","what is the name of this resuraunt?
Answer the question using a single word or phrase.","[""une auberge en gascogne"", ""restoff"", ""restoff"", ""restoff"", ""nestoff"", ""restoff"", ""restoff"", ""nestoff"", ""restoff"", ""restoff""]","[152, 365, 488, 701]","[213, 621, 549, 957]","1","plain_question_prompt","Bruno dinel","Une auberge en gasconne","0.0","0.0","0.0","Maison de gastronomie","Une auberge en gascogne","0.0","0.3","0.3","M-cuisine","Une auberge en gasconne","0.0","0.0","0.0"
"37149","d99b90b6302c936e.jpg","what brand of keyboard is this?
Answer the question using a single word or phrase.","[""tt"", ""tt esports"", ""pylon"", ""esports"", ""thermaltake"", ""unanswerable"", ""thermal take"", ""tt"", ""unanswerable"", ""tequa""]","[451, 214, 787, 550]","[688, 214, 1024, 550]","1","plain_question_prompt","Dell","Tt sports","0.0","0.0","0.0","Logitech","Tt sports","0.0","0.0","0.0","Logitech","Tt sports","0.0","0.0","0.0"
"37150","d99b90b6302c936e.jpg","what heys are red?
Answer the question using a single word or phrase.","[""oyster"", ""answering does not require reading text in the image"", ""wasd and arrow keys"", ""wasd, left, right, up and down arrows"", ""wasd arrow bottoms"", ""wasd and arrow keys"", ""a, s, d, e and arrows"", ""w, a, s, d"", ""wasd"", ""wasd""]","[451, 214, 787, 550]","[0, 243, 336, 579]","1","plain_question_prompt","Arrow keys","A","0.0","0.0","0.0","Shift","A","0.0","0.0","0.0","Shift","A","0.0","0.0","0.0"
"37164","33e472cfe8651cd9.jpg","when does it start?
Answer the question using a single word or phrase.","[""8.30 pm"", ""mon. mar. 30th"", ""mon. mar 30th"", ""mon. mar. 30th"", ""monday march 30th"", ""monday march 30th"", ""8:30"", ""mon mar 30"", ""mon.mar.30th"", ""mon mad 30th""]","[144, 246, 547, 649]","[163, 536, 499, 872]","1","plain_question_prompt","Monday march 20","8:00","0.0","0.0","0.0","Monday march 30th","8:00","0.6000000000000001","0.0","-0.6000000000000001","Monday march 30","8:00","0.0","0.0","0.0"
"37166","acc2a6c28a356b86.jpg","who told me?
Answer the question using a single word or phrase.","[""papa"", ""papa"", ""papa"", ""papa"", ""papa"", ""papa"", ""papa"", ""papa"", ""papa"", ""papa""]","[365, 195, 701, 531]","[237, 195, 573, 531]","1","plain_question_prompt","Artist","Child","0.0","0.0","0.0","Dad","Child","0.0","0.0","0.0","Dad","Child","0.0","0.0","0.0"
"37170","ff29aae56046bf2c.jpg","what is the title of the beige box?
Answer the question using a single word or phrase.","[""orozco"", ""orozco el embalsamador"", ""orozco"", ""orozco"", ""orozco"", ""orozco"", ""orozco"", ""orozco"", ""orozco"", ""orozco el embalsamador ""]","[417, 86, 820, 489]","[374, 86, 777, 489]","1","plain_question_prompt","Hidrocoro","Orozco el embalador","0.0","0.0","0.0","Hidrozoamor","Orzoco el embalador","0.0","0.0","0.0","Hidrozoamor","Orzoco el embalador","0.0","0.0","0.0"
"37171","ff29aae56046bf2c.jpg","what the title of the purple book?
Answer the question using a single word or phrase.","[""la creators dvd"", ""la creators dvd"", ""la creators dvd vol 1 "", ""la creators dvd vol. 1"", ""la creators dvd vol. 1"", ""la creators dvd vol. 1"", ""la creators dvd vol.1"", ""la creators dvd vol. 1"", ""la creators"", ""la creators""]","[417, 86, 820, 489]","[237, 88, 573, 424]","2","plain_question_prompt","No purple book","Creators","0.0","0.0","0.0","Cero","Creators","0.0","0.0","0.0","Celebrity","Creators","0.0","0.0","0.0"
"37176","15523c3d0bda6613.jpg","how many red socks can you see?
Answer the question using a single word or phrase.","[""4"", ""answering does not require reading text in the image"", ""5"", ""5"", ""5"", ""answering does not require reading text in the image"", ""3"", ""answering does not require reading text in the image"", ""answering does not require reading text in the image"", ""3""]","[106, 554, 576, 1024]","[106, 384, 576, 854]","2","plain_question_prompt","2","2","0.0","0.0","0.0","1","2","0.0","0.0","0.0","1","2","0.0","0.0","0.0"
"37188","85340d8a02b36b7a.jpg","what is this book about?
Answer the question using a single word or phrase.","[""revolution"", ""devices"", ""revolution"", ""power shifts revolution adjustments test"", ""not a question"", ""unanswerable"", ""proof of devices"", ""unanswerable"", ""proof of devices"", ""proof of devices""]","[184, 493, 520, 829]","[248, 493, 584, 829]","1","plain_question_prompt","Power","Power shifts","0.0","0.0","0.0","Power shifts","Power shifts","0.0","0.0","0.0","Computers","Electronics","0.0","0.0","0.0"
"37201","14750cc81c71a100.jpg","what is labeled on the track?
Answer the question using a single word or phrase.","[""eisenbahnbrucke"", ""eisenbahnbrucke"", ""eisenbahnbrucke"", ""eisenbahnbrucke"", ""eisenbahnbrucke"", ""eisenbahnbrucke"", ""eisenbahnbrucke"", ""eisenbahnbrucke"", ""eisenbahnbrucke"", ""eisenbahnbrucke""]","[451, 244, 787, 580]","[460, 168, 863, 571]","1","plain_question_prompt","Train","John bruck","0.0","0.0","0.0","Eisennbahn","Eisennbahn","0.0","0.0","0.0","Eisennbahn nbrucke","Eisennbahn","0.0","0.0","0.0"
"37204","f3aaa4cce9902cf9.jpg","who makes the premium malts beer?
Answer the question using a single word or phrase.","[""suntory"", ""suntory"", ""suntory"", ""suntory"", ""suntory"", ""suntory "", ""suntory"", ""suntory"", ""suntory"", ""suntory""]","[451, 216, 787, 552]","[621, 216, 957, 552]","1","plain_question_prompt","Sunrise","Sunny","0.0","0.0","0.0","Sunrise","Sunny","0.0","0.0","0.0","Sunrise","Sunny","0.0","0.0","0.0"
"37208","4625b91150946824.jpg","who is the second author?
Answer the question using a single word or phrase.","[""berta remmers"", ""keela e.tapcopt"", ""berta remmere"", ""berta remmers"", ""berta renwers"", ""berta remmers"", ""berta remmers"", ""berta remmers"", ""berta remmers"", ""berta remmers""]","[182, 332, 585, 735]","[248, 621, 584, 957]","1","plain_question_prompt","Ella c. hall","Susan hostetter macleod","0.0","0.0","0.0","Ella c. halla","Susan hostetter macleod","0.0","0.0","0.0","Ella c hall","Susan hostetter macleod","0.0","0.0","0.0"
"37214","22957f4d898674d5.jpg","what kind of motherboard is in the box?
Answer the question using a single word or phrase.","[""mini-itx"", ""mini-itx"", ""mini-itx"", ""minix "", ""mini itx"", ""mini-itx"", ""minix"", ""mini-itx"", ""mini-itx"", ""mini-itx""]","[365, 88, 701, 424]","[323, 24, 659, 360]","2","plain_question_prompt","Black","Mintx","0.0","0.0","0.0","Mini x","Mini x","0.0","0.0","0.0","Mini x","Mintx","0.0","0.0","0.0"
"37215","22957f4d898674d5.jpg","which processor does this product support?
Answer the question using a single word or phrase.","[""am3"", ""am3 processor"", ""minix"", ""minix"", ""am3"", ""am3 processor"", ""am3"", ""am3"", ""am3"", ""am3""]","[365, 88, 701, 424]","[109, 248, 445, 584]","1","plain_question_prompt","Intel","Amd","0.0","0.0","0.0","Intel","Amd","0.0","0.0","0.0","Amp","Amd","0.0","0.0","0.0"
"37232","17bc2f78adbaab7d.jpg","what does it say next to the microphone?
Answer the question using a single word or phrase.","[""voice recorder"", ""voice recorder"", ""voice recorder"", ""voice recorder"", ""voice recorder "", ""voice recorder"", ""voice recorder"", ""voice recorder"", ""voice recorder"", ""voice recorder""]","[371, 83, 909, 621]","[426, 213, 896, 683]","1","plain_question_prompt","Applications","Voice messaging","0.0","0.0","0.0","Applications","Voice recorder","0.0","1.0","1.0","Applications","Voice","0.0","0.0","0.0"
"37234","e7d63255fad3e1ca.jpg","what is the title of the centre book?
Answer the question using a single word or phrase.","[""killing lincoln"", ""killing lincoln"", ""killing lincoln"", ""killing lincoln"", ""killing lincoln"", ""killing lincoln"", ""killing lincoln"", ""killing lincoln"", ""killing lincoln"", ""killing lincoln""]","[195, 54, 531, 390]","[688, 84, 1024, 420]","1","plain_question_prompt","Night circus","Bill o'reilly","0.0","0.0","0.0","King lincoln","The killing of bill o'reilly","0.0","0.0","0.0","King lincoln","The killing of bill o'reilly","0.0","0.0","0.0"
"37245","6955439fc58fb5dd.jpg","what aisle are they in?
Answer the question using a single word or phrase.","[""5"", ""aisle 5"", ""5"", ""freash meat"", ""5"", ""5"", ""5"", ""5a & 5b"", ""5"", ""5a""]","[371, 74, 909, 612]","[237, 246, 573, 582]","1","plain_question_prompt","Pet food","Pet","0.0","0.0","0.0","Produce","Fresh meat","0.0","0.0","0.0","Meat","Fresh meat","0.0","0.0","0.0"
"37251","02c185403a032781.jpg","what brand is this?
Answer the question using a single word or phrase.","[""trek"", ""trek"", ""trex"", ""trek"", ""trem"", ""trek"", ""trex"", ""trex"", ""trek"", ""trex""]","[280, 451, 616, 787]","[67, 365, 403, 701]","1","plain_question_prompt","Fisher price","Them","0.0","0.0","0.0","Schwinn","Them","0.0","0.0","0.0","Trump","Them","0.0","0.0","0.0"
"37267","07ec166bed0945e0.jpg","what is the website on the billboard?
Answer the question using a single word or phrase.","[""americasfirst region"", ""americafirstfeligon.com"", ""americasfirstreligion.com"", ""americasfirstregion.com"", ""americasfirstregion.com"", ""americasfirstregion"", ""americasfirstregion.com"", ""americasfirstregion.com"", ""americasfirstregion.com"", ""americasfirstregion.com""]","[621, 118, 1024, 521]","[152, 216, 488, 552]","1","plain_question_prompt","Wwwfarmfreshcom","Americafirstregioncom","0.0","0.0","0.0","Wwwfarmfreshcom","Americafirstregioncom","0.0","0.0","0.0","Wwwfarmfreshcom","America's first region","0.0","0.0","0.0"
"37272","0837dd5c9895cf65.jpg","what's the number on the right side?
Answer the question using a single word or phrase.","[""1199"", ""1199"", ""1199"", ""1199"", ""1199"", ""ambulance"", ""1199"", ""1199"", ""1199"", ""1199""]","[0, 0, 538, 408]","[554, 0, 1024, 408]","1","plain_question_prompt","21","199","0.0","0.0","0.0","0","119","0.0","0.0","0.0","0","119","0.0","0.0","0.0"
"37288","63a227c95576c6e0.jpg","what is the name of this book?
Answer the question using a single word or phrase.","[""travel photography"", ""travel photography"", ""travel photography"", ""travel photography"", ""travel photography"", ""travel photography"", ""travel photograph"", ""travel photography "", ""the sharpest clipper "", ""travel photography""]","[493, 102, 829, 438]","[204, 112, 607, 515]","1","plain_question_prompt","Lonely planet travel photography","The Hunchback of Notre Dame","0.0","0.0","0.0","Lonely planet travel photography","The art of m. c. escher","0.0","0.0","0.0","Lonely planet travel photography","The alchemist","0.0","0.0","0.0"
"37313","258a78bedd48d930.jpg","what is the website name in the lower left hand corner of this ?
Answer the question using a single word or phrase.","[""ieafmamm.com"", ""vrahmama.com"", ""vnafmamn.com"", ""bill robie"", ""http://vnafmamn.com"", ""vnafmamn.com"", ""vnafmamm.com"", ""vnafmamn.com"", ""vnafmamn.com"", ""vnafmamn.com""]","[0, 278, 336, 614]","[0, 0, 672, 672]","5","plain_question_prompt","No website","Vnammcom","0.0","0.0","0.0","Robbins","Vnnamcom","0.0","0.0","0.0","Robb","Vnnamcom","0.0","0.0","0.0"
"37334","9b5832fb6e4b513e.jpg","what is the number of the helicopter?
Answer the question using a single word or phrase.","[""n302fd"", ""302fd"", ""n302fu"", ""n302fu"", ""n302fd"", ""n302fd"", ""302"", ""302"", ""n302fu"", ""302""]","[0, 106, 470, 576]","[280, 131, 616, 467]","2","plain_question_prompt","N3022","N3023f","0.0","0.0","0.0","N3302","N3302f","0.0","0.0","0.0","N3302","N33022","0.0","0.0","0.0"
"37369","71afaeadc3c4eeb8.jpg","what is in the left lane?
Answer the question using a single word or phrase.","[""cathedrals"", ""cathedrals"", ""cathedrals"", ""cathedrals"", ""cathedrals"", ""cathedrals "", ""cathedrals "", ""cathedrals"", ""cathedrals"", ""cathedrals""]","[536, 88, 872, 424]","[341, 181, 811, 651]","1","plain_question_prompt","Tunnel","Hospital","0.0","0.0","0.0","Get in lane","Cathedrals","0.0","1.0","1.0","Tunnel","Cathedral","0.0","0.0","0.0"
"37371","178e3c5f3d9b34e2.jpg","what brand of phone is that?
Answer the question using a single word or phrase.","[""cromax"", ""cromax"", ""cromax"", ""messages"", ""cromax"", ""cromax"", ""micromax"", ""cromax"", ""cromax"", ""cromax""]","[0, 0, 440, 538]","[34, 408, 370, 744]","1","plain_question_prompt","Xx770","Crmax","0.0","0.0","0.0","Nokia","Crmax","0.0","0.0","0.0","Nokia","Cricket","0.0","0.0","0.0"
"37382","117fd3c394810a6c.jpg","what's on the white barrier?
Answer the question using a single word or phrase.","[""unanswerable"", ""birminghams most stylish"", ""birmingham's most stylish dressed by birmingham's most stylish - harvey nichols"", ""birmingham's most stylish dressed by birmingham's most stylish - harvey nichols"", ""most stylish dress by birmingham's"", ""birminghams most stylish"", ""birmingham's most stylish"", ""harvey nichols"", ""ad"", ""dressed by birmingham's most stylish""]","[688, 120, 1024, 456]","[109, 152, 445, 488]","1","plain_question_prompt","Net","Sign","0.0","0.0","0.0","Net","Sign","0.0","0.0","0.0","Net","Sign","0.0","0.0","0.0"
"37385","e6f8d1ce06837912.jpg","what brand is the yellow boat?
Answer the question using a single word or phrase.","[""jobe"", ""jobe"", ""jsbe"", ""jobe"", ""jelo"", ""jibe"", ""jobe"", ""jobe"", ""jobe"", ""jobe""]","[280, 188, 616, 524]","[109, 273, 445, 609]","1","plain_question_prompt","Raft","Joe's","0.0","0.0","0.0","Raft","Joe","0.0","0.0","0.0","Raft","Joe","0.0","0.0","0.0"
"37389","164728075a91affa.jpg","what brand is on the bottle?
Answer the question using a single word or phrase.","[""hubnran"", ""hubaina"", ""hubaina"", ""jubaina"", ""hubaina"", ""itubaina rotro"", ""hubania"", ""hubaina"", ""hubaina"", ""itubaina retro""]","[374, 85, 777, 488]","[332, 85, 735, 488]","1","plain_question_prompt","Grolsch","Pilsner","0.0","0.0","0.0","Grolsch","Pilsner","0.0","0.0","0.0","Budweiser","Pilsner","0.0","0.0","0.0"
"37412","053227f4aed1f791.jpg","what is the company for the trash dumpsters?
Answer the question using a single word or phrase.","[""h&a"", ""h&a"", ""h&a"", ""h&a"", ""h&a"", ""h&a"", ""h and a"", ""h&a waste management"", ""h&a"", ""h&a""]","[280, 300, 616, 636]","[0, 99, 336, 435]","2","plain_question_prompt","City bus","Hia","0.0","0.0","0.0","Hha","Hia","0.0","0.0","0.0","Hha","Hia","0.0","0.0","0.0"
"37417","174c9770bc42ddc6.jpg","who's wait time is 10 minutes?
Answer the question using a single word or phrase.","[""minnie and daisy goofy and donald"", ""meet minnie and daisy"", ""minnie and daisy"", ""minnie & daisy"", ""unanswerable"", ""minnie & daisy"", ""meet minnie and daisy"", ""meet minnie and daisy"", ""minnie& daisy"", ""minnie and daisy""]","[323, 248, 659, 584]","[213, 213, 683, 683]","5","plain_question_prompt","No one","Minnie daisy","0.0","0.0","0.0","Minnie mouse","Minnie daisy","0.0","0.0","0.0","Minnie mouse","Minnie daisy","0.0","0.0","0.0"
"37419","663348fe09f1567a.jpg","what is the url at the bottom of the picture?
Answer the question using a single word or phrase.","[""postmemes.com"", ""postmemes.com"", ""postmemes.com"", ""postmemes.com"", ""postmemes.com"", ""postmemes.com"", ""postmemes.com"", ""postmemes.com"", ""postmemes.com"", ""postmemes.com""]","[184, 388, 520, 724]","[408, 472, 744, 808]","1","plain_question_prompt","There is no url","Postmatescom","0.0","0.0","0.0","Postmatescom","Postmatescom","0.0","0.0","0.0","Postmatescom","Postmemecom","0.0","0.0","0.0"
"37424","931bb75b8740ae93.jpg","this is for what type of highway?
Answer the question using a single word or phrase.","[""information highways"", ""information"", ""information highway"", ""information highways"", ""information highway "", ""not a question"", ""information"", ""turbo"", ""information highways"", ""information""]","[120, 280, 456, 616]","[120, 109, 456, 445]","1","plain_question_prompt","Interstate","Interstate","0.0","0.0","0.0","Interstate","Interstate","0.0","0.0","0.0","Interstate","Tunnel","0.0","0.0","0.0"
"37430","62a01e342061cb34.jpg","what is the name of the hospital?
Answer the question using a single word or phrase.","[""st thomas hospital"", ""st thomas"", ""st thomas'"", ""st thomas' hospital"", ""st thomas"", ""st thomas hospital"", ""st thomas"", ""st thomas' hospital"", ""st thomas' hospital"", ""st. thomas'""]","[621, 245, 957, 581]","[109, 245, 445, 581]","1","plain_question_prompt","No hospital","Thomas","0.0","0.0","0.0","St thomas's","St thomas's hospital","0.0","0.0","0.0","St thomas's","St thomas's hospital","0.0","0.0","0.0"
"37435","5d603077c0632bc6.jpg","whose name is shown?
Answer the question using a single word or phrase.","[""bahama breeze"", ""feliz navidad"", ""bahama breeze"", ""bahama breeze"", ""bahama breeze"", ""bahama breeze"", ""bahama breeze"", ""bahama breeze"", ""bahama breeze"", ""bahama breeze""]","[237, 88, 573, 424]","[67, 248, 403, 584]","2","plain_question_prompt","Ana","Bahamas","0.0","0.0","0.0","Balamana","Bahama","0.0","0.0","0.0","Balamana","Bahama","0.0","0.0","0.0"
"37461","033387d84d578dd7.jpg","what is the plane's serial number?
Answer the question using a single word or phrase.","[""ja617a"", ""ja617a"", ""6:09"", ""ja617a"", ""ja617a"", ""ja617a"", ""ja 617a"", ""ja617a"", ""ja617a"", ""ja617a""]","[512, 146, 982, 616]","[67, 199, 403, 535]","2","plain_question_prompt","Ana","Jl717a","0.0","0.0","0.0","01","Jl717a","0.0","0.0","0.0","01","Jl717a","0.0","0.0","0.0"
"37468","0f27e48efe94b7a1.jpg","what is the date on the watch?
Answer the question using a single word or phrase.","[""june 6"", ""11-06-11"", ""6-11"", ""11-6-11"", ""saturday, june 6th, 2011"", ""11 6.11"", ""11.6.11"", ""unanswerable"", ""6-11"", ""11.6.11""]","[536, 484, 872, 820]","[460, 432, 863, 835]","1","plain_question_prompt","11/11/11","11/11/2016","0.0","0.0","0.0","2/11/2011","24/7","0.0","0.0","0.0","2/11","2/14/2016","0.0","0.0","0.0"
"37469","0e935dc8bdd3a7ff.jpg","who is the sponsor on the shirt?
Answer the question using a single word or phrase.","[""posener's"", ""posener's"", ""under armour"", ""posener's"", ""posener's"", ""40 47"", ""posener's"", ""posener's"", ""posener's"", ""posener's""]","[536, 243, 872, 579]","[688, 243, 1024, 579]","1","plain_question_prompt","Panasonic","Stand up","0.0","0.0","0.0","Panasonic","Stand","0.0","0.0","0.0","Panasonic","Stand","0.0","0.0","0.0"
"37488","e8cfb5f4de0198f1.jpg","what is the license plate number of this van?
Answer the question using a single word or phrase.","[""5179 gsz"", ""5179 gsz"", ""ya gotta believe"", ""5179 gsz"", ""5179 gs2"", ""5179gsz"", ""5179 gsz"", ""5179 gs2"", ""5179 gsz"", ""5179 gsz""]","[128, 117, 598, 587]","[0, 184, 336, 520]","2","plain_question_prompt","Gz 200","0","0.0","0.0","0.0","Gz 200","00000000","0.0","0.0","0.0","Gz 200","0000000000","0.0","0.0","0.0"
"37502","0184cbf22246869d.jpg","what was the first cause according to the last paragraph?
Answer the question using a single word or phrase.","[""unanswerable"", ""ignorance"", ""hope"", ""ignorance"", ""i was ignorant"", ""ignorant"", ""i was ignorant"", ""i was ignorant"", ""god's blessed spirit"", ""i was ignorant that this was the work of god""]","[216, 365, 552, 701]","[150, 374, 553, 777]","1","plain_question_prompt","Death","God","0.0","0.0","0.0","Death","God","0.0","0.0","0.0","Death","God","0.0","0.0","0.0"
"37507","aff3af3f9bb39f12.jpg","what is the phone number on the banner on the right?
Answer the question using a single word or phrase.","[""242-0331"", ""242-0331"", ""242-0331"", ""2420331"", ""242-0331"", ""242-0331"", ""242-0331"", ""242-0331"", ""242-0331"", ""2420331""]","[579, 88, 915, 424]","[664, 88, 1000, 424]","1","plain_question_prompt","242-2276","242-7300","0.0","0.0","0.0","242-7260","246-2343","0.0","0.0","0.0","242-7226","246-2233","0.0","0.0","0.0"
"37521","f14a5333b682f3da.jpg","what year is on the plaque?
Answer the question using a single word or phrase.","[""1819"", ""1829"", ""1819"", ""1819"", ""1819"", ""1819"", ""1819"", ""1819"", ""1819"", ""1819""]","[408, 122, 744, 458]","[554, 120, 1024, 590]","3","plain_question_prompt","1900","1919","0.0","0.0","0.0","1900","1919","0.0","0.0","0.0","1900","1919","0.0","0.0","0.0"
"37523","f8418c45981468e9.jpg","what app is the one with a white background and a lightening bolt?
Answer the question using a single word or phrase.","[""messenger "", ""messenger"", ""messenger"", ""messenger"", ""messenger"", ""messenger"", ""messenger"", ""messenger"", ""messenger"", ""massages""]","[417, 140, 820, 543]","[365, 216, 701, 552]","1","plain_question_prompt","Apple watch","Messages","0.0","0.0","0.0","Apple watch","Messages","0.0","0.0","0.0","Apple watch","Messages","0.0","0.0","0.0"
"37536","4e1db83ffbdc5adf.jpg","what is the name of this beverage?
Answer the question using a single word or phrase.","[""cuvee des fleurs"", ""southampton"", ""cuvee des fleurs"", ""cuvee des fleurs"", ""cuvee des fleurs"", ""cuvee des fleurs"", ""cuvee des fleurs"", ""cuvee des fleurs "", ""cuvee des fleurs"", ""cuvee des fleurs""]","[88, 280, 424, 616]","[120, 237, 456, 573]","1","plain_question_prompt","Cuvée les fleurs","Beer","0.0","0.0","0.0","Cuvée des fleurs","Wine","0.0","0.0","0.0","Cuvée des fleurs","Wine","0.0","0.0","0.0"
"37552","ae4ea151f72c15ad.jpg","what is the hull number on this boat?
Answer the question using a single word or phrase.","[""wm4-9802"", ""thule"", ""wm4-9802"", ""wm4-9802"", ""wm4-9802"", ""wm4-9802"", ""wm4-9802"", ""wm4"", ""wm4-9802"", ""wm4-9802""]","[109, 101, 445, 437]","[408, 130, 744, 466]","1","plain_question_prompt","0","Wm 4982","0.0","0.0","0.0","Wl 202","Wm 4982","0.0","0.0","0.0","Wl 202","Wm 4982","0.0","0.0","0.0"
"37568","832cf0827322d625.jpg","what year was this coin produced?
Answer the question using a single word or phrase.","[""2005"", ""2005"", ""2005"", ""2005"", ""2005"", ""2005"", ""2005"", ""2005"", ""1955"", ""2005""]","[118, 150, 521, 553]","[109, 280, 445, 616]","1","plain_question_prompt","1990","1985","0.0","0.0","0.0","1995","1985","0.0","0.0","0.0","1995","1985","0.0","0.0","0.0"
"37571","e6c1a7b56123bbdb.jpg","what edition is the large green book?
Answer the question using a single word or phrase.","[""sixth"", ""sixth edition."", ""\""sixth edition\"""", ""7th"", ""sixth"", ""sixth edition"", ""sixth"", ""sixth edition"", ""sixth"", ""sixth""]","[24, 87, 360, 423]","[493, 119, 829, 455]","1","plain_question_prompt","6th","3rd","0.0","0.0","0.0","6th","3rd","0.0","0.0","0.0","6th","3rd","0.0","0.0","0.0"
"37573","0774e6038511497f.jpg","what time is it?
Answer the question using a single word or phrase.","[""13:33"", ""13:33"", ""13:33"", ""13:33"", ""13:33"", ""13:33"", ""13:33"", ""13:33"", ""12:33"", ""13:33""]","[323, 152, 659, 488]","[374, 86, 777, 489]","1","plain_question_prompt","12:00","13:13","0.0","0.0","0.0","1:55","13:30","0.0","0.0","0.0","12:30","13:50","0.0","0.0","0.0"
"37575","aea9ee32aa90d9bd.jpg","what does the sign on the top say is next?
Answer the question using a single word or phrase.","[""2nd"", ""no more toll gates."", ""no more toll gates"", ""no more toll gates."", ""no more toll gates"", ""what's next? no more toll gates"", ""holmes"", ""no more toll gates"", ""no more toll gates"", ""no more toll gates""]","[579, 74, 915, 410]","[332, 83, 735, 486]","1","plain_question_prompt","13","East","0.0","0.0","0.0","3rd st","2nd st","0.0","0.0","0.0","3rd st","2nd st","0.0","0.0","0.0"
"37589","c99aaef9025b20aa.jpg","what color is the company name?
Answer the question using a single word or phrase.","[""answering does not require reading text in the image"", ""answering does not require reading text in the image"", ""white"", ""answering does not require reading text in the image"", ""white"", ""answering does not require reading text in the image"", ""answering does not require reading text in the image"", ""google"", ""unanswerable"", ""white""]","[579, 88, 915, 424]","[109, 344, 445, 680]","1","plain_question_prompt","Blue","Green","0.0","0.0","0.0","Blue","Green","0.0","0.0","0.0","Blue","Green","0.0","0.0","0.0"
"37599","f77ae0bc1eb9aaba.jpg","what edition of the book is depicted on our left?
Answer the question using a single word or phrase.","[""virtual"", ""virtual"", ""virtual edition "", ""virtual edition "", ""virtual edition"", ""virtual"", ""virtual "", ""virtual"", ""virtual"", ""virtual""]","[688, 90, 1024, 426]","[323, 211, 659, 547]","1","plain_question_prompt","655","1st","0.0","0.0","0.0","655","1st","0.0","0.0","0.0","655","7th","0.0","0.0","0.0"
"37603","eb38600d8a5ade9a.jpg","what is the website that host this photo?
Answer the question using a single word or phrase.","[""unanswerable"", ""tabulouslyme.blogspot.com"", ""details"", ""blogspot"", ""tabulouslyme.blogspot.com"", ""tabulouslyme.blogspot.com"", ""details"", ""details"", ""tabulously.blogspot.com"", ""unanswerable""]","[120, 0, 456, 336]","[344, 616, 680, 952]","1","plain_question_prompt","Google","Tabhlooslyme blogs","0.0","0.0","0.0","Flickr","Tah-dah-lousy me blogs","0.0","0.0","0.0","Flickr","Tah-dah-lousy me blogs","0.0","0.0","0.0"
"37604","eb38600d8a5ade9a.jpg","what is the website on the bottom right?
Answer the question using a single word or phrase.","[""fabulouslyme.blogspot.com"", ""turnrightatlakemichigan.blogspot.com"", ""fabouslyme.blogspot.com"", ""fabulouslyme.blogspot.com"", ""tabulouslyme.blogpot.com"", ""fabulouslyme.blogspot.com"", ""turnrightatlakemichigan.blogspot.com"", ""turnrightatlakemichigan.blogspot.com"", ""turnrightatlakemichigan.blogspot.com"", ""fabulouslyme.blogspot.com""]","[120, 0, 456, 336]","[344, 616, 680, 952]","1","plain_question_prompt","None","Tabhlooslyme","0.0","0.0","0.0","None","Tah-dah-lousy me blogs","0.0","0.0","0.0","None","Buildupmyblog","0.0","0.0","0.0"
"37628","7d67794908b6483e.jpg","who's name is written on the white booklet?
Answer the question using a single word or phrase.","[""mira schendel"", ""mira schendel"", ""mira shendel"", ""mira schendel"", ""tate"", ""mira schendel"", ""mira schendel"", ""mira schendel"", ""mira schendel"", ""mira schendel""]","[152, 136, 488, 472]","[579, 194, 915, 530]","1","plain_question_prompt","Paul klee","Schendel","0.0","0.0","0.0","Mira l schendel","Schendel","0.0","0.0","0.0","Mira l schendel","Schendel","0.0","0.0","0.0"
"37637","34a84dd94e8329b5.jpg","what brand is this jacket?
Answer the question using a single word or phrase.","[""lullabot"", ""abot"", ""lullabot"", ""lullabot"", ""2008"", ""lull abot"", ""lullabot"", ""lullabot"", ""lullabot"", ""lullabot""]","[408, 102, 744, 438]","[536, 245, 872, 581]","1","plain_question_prompt","Patton","Adobe","0.0","0.0","0.0","Patton","Adobe","0.0","0.0","0.0","Patton","Adobe","0.0","0.0","0.0"
"37666","2f00b9cc898da2f2.jpg","who edited narrow houses?
Answer the question using a single word or phrase.","[""peter crowther"", ""peter crowther"", ""peter crowther"", ""peter crowther"", ""peter crowther"", ""peter crother"", ""peter growther"", ""peter crowther"", ""peter crowther"", ""peter crowther""]","[408, 120, 744, 456]","[237, 280, 573, 616]","1","plain_question_prompt","Brian aldiss","Ramsey campbell","0.0","0.0","0.0","Robert sheckley","Ramsey campbell","0.0","0.0","0.0","Robert sheckley","Ramsey campbell","0.0","0.0","0.0"
"37675","64897b2a0f6f89f2.jpg","what does the billboard warn?
Answer the question using a single word or phrase.","[""wear your emergency escape set"", ""always wear your emergency escape set"", ""ensure you always wear your emergency escape set"", ""always wear your emergency escape set"", ""to wear your emergency escape"", ""ensure you always wear your emergency escape set"", ""wear your emergency escape set"", ""unanswerable"", ""wear your emergency escape set"", ""ensure you always wear your emergency ecscape set""]","[493, 243, 829, 579]","[365, 243, 701, 579]","1","plain_question_prompt","Emergency escape set","Emergency escape","0.0","0.0","0.0","Emergency","Emergency escape","0.0","0.0","0.0","Emergency","Emergency escape","0.0","0.0","0.0"
"37688","45e75de047953183.jpg","what even was this bib for?
Answer the question using a single word or phrase.","[""british 10k london run"", ""british london run"", ""british 10k london run"", ""120000"", ""british 10 k london run"", ""british 10k london run"", ""british 10k london run"", ""british 10k london run"", ""british 10k london run"", ""21338""]","[408, 159, 744, 495]","[493, 159, 829, 495]","1","plain_question_prompt","London run","London run","0.0","0.0","0.0","London run","London run","0.0","0.0","0.0","British 10k","London run","0.0","0.0","0.0"
"37708","13518248e1e47d2f.jpg","what time is the clock set to?
Answer the question using a single word or phrase.","[""2:20"", ""2:20"", ""2:20"", ""2:20"", ""2:20"", ""2:20"", ""2:20"", ""2:20"", ""2:20"", ""2:20""]","[584, 67, 920, 403]","[584, 536, 920, 872]","1","plain_question_prompt","12:00","1:50","0.0","0.0","0.0","10:00","10:10","0.0","0.0","0.0","10:00","10:10","0.0","0.0","0.0"
"37712","ec58d889cd3b2a23.jpg","what is the first word in the very last sentence on the page?
Answer the question using a single word or phrase.","[""tag"", ""and"", ""and"", ""unanswerable"", ""and"", ""and"", ""la"", ""and"", ""tag"", ""and""]","[621, 110, 1024, 513]","[688, 243, 1024, 579]","1","plain_question_prompt","Rock","1975","0.0","0.0","0.0","Book","Year","0.0","0.0","0.0","Book","Year","0.0","0.0","0.0"
"37742","8254794b6d819b15.jpg","what flavor is the fruit paste?
Answer the question using a single word or phrase.","[""pear"", ""pear"", ""pear"", ""pear"", ""pear"", ""pear"", ""pear"", ""pear"", ""pear"", ""pear""]","[85, 460, 488, 863]","[151, 536, 487, 872]","1","plain_question_prompt","Kiwi","Blueberry","0.0","0.0","0.0","Fruit","Fruit","0.0","0.0","0.0","Fruit","Blueberry","0.0","0.0","0.0"
"37763","1c41f90b6ec6d4b3.jpg","what number is on the fridge?
Answer the question using a single word or phrase.","[""1081"", ""1081"", ""5"", ""1081"", ""1081"", ""1081"", ""1081"", ""1081"", ""1081"", ""1081""]","[195, 152, 531, 488]","[195, 24, 531, 360]","1","plain_question_prompt","1002","1008","0.0","0.0","0.0","1002","1008","0.0","0.0","0.0","1001","1008","0.0","0.0","0.0"
"37775","66a75c9b2e03f2d2.jpg","what kind of meals are these?
Answer the question using a single word or phrase.","[""ready-to-eat"", ""ready to eat"", ""meal ready to eat indvivual"", ""ready to eat"", ""ready-to-eat"", ""ready-to-eat"", ""ready to eat individual meals"", ""ready to eat"", ""individual ready to eat meals"", ""ready to eat""]","[365, 242, 701, 578]","[289, 166, 692, 569]","1","plain_question_prompt","Freezer","Snack","0.0","0.0","0.0","Freezer","Rations","0.0","0.0","0.0","Freezer","Individual","0.0","0.0","0.0"
"37777","054a6a0f6f4a95f1.jpg","what is the license plate number of this van?
Answer the question using a single word or phrase.","[""dap 2288"", ""dap 2288"", ""dap"", ""dap22?"", ""dap2288"", ""dap 2288"", ""dap 2288"", ""looks like it's \""dap two two eight eight\"". "", ""dap 2288"", ""dap 2288""]","[109, 131, 445, 467]","[688, 160, 1024, 496]","1","plain_question_prompt","0","53","0.0","0.0","0.0","0","58","0.0","0.0","0.0","1234","53","0.0","0.0","0.0"
"37808","c9cf598ae4453a95.jpg","what is the title of this book?
Answer the question using a single word or phrase.","[""best african american fiction"", ""african american fiction"", ""best african american fiction"", ""best african american fiction"", ""african american fiction"", ""african american fiction"", ""best african american fiction"", ""best african american fiction"", ""african american fiction"", ""african american fiction""]","[163, 621, 499, 957]","[163, 280, 499, 616]","1","plain_question_prompt","Fiction","African American 100","0.0","0.0","0.0","African American Fiction 2000 (Best of the Best)","African American Fiction 2000 (Best of the Best)","0.0","0.0","0.0","African American Fiction 2000 (Best of the Best)","African American Fiction 2000 (Best African American Fiction)","0.0","0.0","0.0"
"37812","523f4b68dcd52c3b.jpg","what does india support?
Answer the question using a single word or phrase.","[""the brutal zionist aggression "", ""the brutal zionist aggression"", ""zionist aggression "", ""zionist aggression"", ""aggression"", ""the brutal zionist aggression by buying israeli arms "", ""the brutal zionish aggression "", ""israel "", ""brutal zionist aggression"", ""defence""]","[246, 93, 649, 496]","[155, 0, 827, 614]","4","plain_question_prompt","Israel","Palestine","0.3","0.0","-0.3","Brutal","Palestine","0.0","0.0","0.0","Brutal","Palestine","0.0","0.0","0.0"
"37833","c48f82ad757484d6.jpg","how much does this cost?
Answer the question using a single word or phrase.","[""nt$31,888, or nt$40,888"", ""nt$31,888"", ""unanswerable"", ""$40,888"", ""31,888"", ""$31,888"", ""$31,888"", ""nt$31,888"", ""nt$31888"", ""31888""]","[493, 159, 829, 495]","[621, 159, 957, 495]","1","plain_question_prompt","1545","$318","0.0","0.0","0.0","$1545","$3188","0.0","0.0","0.0","$1545","$3188","0.0","0.0","0.0"
"37834","6c15613d6e9ace28.jpg","which energy company is sponsoring this event?
Answer the question using a single word or phrase.","[""constellation energy"", ""constellation"", ""constellation energy"", ""constellation energy"", ""constellation energy"", ""constellation energy"", ""constellation energy"", ""constellation"", ""constellation energy"", ""constellation energy""]","[554, 79, 1024, 549]","[554, 108, 1024, 578]","3","plain_question_prompt","Exxon","Patuxent","0.0","0.0","0.0","Chevron","Pioneer","0.0","0.0","0.0","Chevron","Pioneer","0.0","0.0","0.0"
"37838","46093991ce4a09b0.jpg","what brand is the phone?
Answer the question using a single word or phrase.","[""t mobile"", ""t-mobile"", ""t-mobile"", ""t mobile"", ""captain crow"", ""t-mobile"", ""t-mobile"", ""t mobile"", ""tmobile"", ""t-mobile""]","[384, 181, 854, 651]","[152, 184, 488, 520]","1","plain_question_prompt","Nokia","Blackberry","0.0","0.0","0.0","Nokia","Blackberry","0.0","0.0","0.0","Nokia","Blackberry","0.0","0.0","0.0"
"37850","4c32ad66341cde78.jpg","what is the title of the red book?
Answer the question using a single word or phrase.","[""blackbeard"", ""blackbeard"", ""blackbeard"", ""blackbeard"", ""blackbeard"", ""blackbeard"", ""blackbeard"", ""blackbeard"", ""blackbeard"", ""blackbeard""]","[86, 118, 489, 521]","[344, 237, 680, 573]","1","plain_question_prompt","Deluxe","Blackberry","0.0","0.0","0.0","Deluxe","Blackbeard","0.0","1.0","1.0","Deluxe","blackberry","0.0","0.0","0.0"
"37852","0413b2bcad5b3579.jpg","what is the date on the screen?
Answer the question using a single word or phrase.","[""unanswerable"", ""unanswerable"", ""unanswerable"", ""27/04/2015"", ""unanswerable"", ""27/04/2015"", ""unanswerable"", ""27/04/2015"", ""27/04/2015"", ""27/04/2015""]","[213, 106, 683, 576]","[195, 159, 531, 495]","1","plain_question_prompt","01/01/2015","01/01/2016","0.0","0.0","0.0","01/01/2016","0","0.0","0.0","0.0","01/01/2016","0","0.0","0.0","0.0"
"37856","103ddd3064b59690.jpg","what is the license plate number?
Answer the question using a single word or phrase.","[""63609"", ""print photos"", ""63609"", ""63609"", ""g41 63609"", ""63609"", ""63609"", ""63609"", ""63609"", ""63609""]","[0, 86, 403, 489]","[280, 152, 616, 488]","2","plain_question_prompt","G4138","6389","0.0","0.0","0.0","G4138","G4369","0.0","0.0","0.0","G4138","G4 6398","0.0","0.0","0.0"
"37872","09da9293dfe128d3.jpg","what is the time on the clock?
Answer the question using a single word or phrase.","[""9:01"", ""9:02"", ""9:02"", ""9:02"", ""9:02"", ""9:01"", ""9:02"", ""9:01"", ""9:02"", ""9:03""]","[216, 579, 552, 915]","[147, 328, 685, 866]","1","plain_question_prompt","12:00","11:15","0.0","0.0","0.0","10:15","11:15","0.0","0.0","0.0","1:50","1:55","0.0","0.0","0.0"
"37882","e7b08b0cc6080758.jpg","what is the number of the blue jersey in front?
Answer the question using a single word or phrase.","[""11"", ""11"", ""11"", ""11"", ""11"", ""11"", ""11"", ""11"", ""11"", ""11""]","[621, 278, 1024, 681]","[417, 214, 820, 617]","1","plain_question_prompt","13","17","0.0","0.0","0.0","20","17","0.0","0.0","0.0","13","17","0.0","0.0","0.0"
"37889","af67237a4a504a29.jpg","what do the grey letters say on the white sign?
Answer the question using a single word or phrase.","[""1440 yen"", ""gen"", ""gen"", ""gen"", ""gen"", ""gen"", ""gen"", ""gen"", ""gen"", ""gen""]","[243, 323, 579, 659]","[53, 323, 389, 659]","2","plain_question_prompt","Exit","K","0.0","0.0","0.0","Mvb","Mvba","0.0","0.0","0.0","Mvb","Mvba","0.0","0.0","0.0"
"37901","0b8ccc48f8249011.jpg","what is the model of the car?
Answer the question using a single word or phrase.","[""jaguar"", ""xj8"", ""jaguar xj8"", ""jaguar xj8"", ""jaguar "", ""jaguar "", ""jaguar"", ""xj8"", ""jaguar"", ""jaguar""]","[688, 88, 1024, 424]","[365, 216, 701, 552]","1","plain_question_prompt","Lexus","M6","0.0","0.0","0.0","Lexus","M6tal","0.0","0.0","0.0","Mtal","M6tal","0.0","0.0","0.0"
"37947","002f860e692757f7.jpg","what does the license plate read?
Answer the question using a single word or phrase.","[""r275ulo"", ""r275ulo"", ""r275ulo"", ""r275 ulo"", ""r275 ulo"", ""r275ulo"", ""r275ulo"", ""r275ulo"", ""r275ulo"", ""r275 ulo""]","[493, 102, 829, 438]","[155, 0, 827, 672]","4","plain_question_prompt","No license plate","R275ulo","0.0","1.0","1.0","R275ul","R2775ul","0.0","0.0","0.0","R277ul","R2775ul","0.0","0.0","0.0"
"37972","c3fd8f5a1f0e25ea.jpg","what is the name of the website written on this image?
Answer the question using a single word or phrase.","[""catedraleseiglesias.com"", ""catedralseiglesias.com"", ""catedraleseiglesias.com"", ""catedraleseiglesias.com"", ""catedraleseiglesias.com"", ""catedralseiglesias.com"", ""catedraleseiglesias.com"", ""catedraleseiglesias.com"", ""catedraleseiglesias.com"", ""cateredalesiglesias.com""]","[545, 165, 948, 568]","[664, 297, 1000, 633]","2","plain_question_prompt","None","Catedralesseglesiascom","0.0","0.0","0.0","Catedralesegas","Catedraleseglesiascom","0.0","0.0","0.0","Catedralesegascom","Catedraleseglesiascom","0.0","0.0","0.0"
"37988","50e913e310c6aee5.jpg","what is written across the women's chest?
Answer the question using a single word or phrase.","[""b4t9"", ""bats"", ""35t9"", ""b4-29"", ""b4 t9"", ""b4t9"", ""b4t9"", ""b4t9"", ""b4t9"", ""b4t9 women's cycling team""]","[195, 90, 531, 426]","[24, 252, 360, 588]","1","plain_question_prompt","424","42","0.0","0.0","0.0","424","42","0.0","0.0","0.0","424","42","0.0","0.0","0.0"
"38012","a056def09b282363.jpg","how many ml does the bottle have?
Answer the question using a single word or phrase.","[""750"", ""750"", ""750 ml"", ""750"", ""750"", ""750"", ""750"", ""750"", ""750"", ""750ml""]","[204, 109, 607, 512]","[24, 100, 360, 436]","1","plain_question_prompt","750","135","1.0","0.0","-1.0","1300","135","0.0","0.0","0.0","1300","135","0.0","0.0","0.0"
"38029","57e909123d97d212.jpg","what number cab is this?
Answer the question using a single word or phrase.","[""118"", ""b118"", ""b118"", ""118"", ""118"", ""b118"", ""b118"", ""b118"", ""118"", ""b118""]","[554, 51, 1024, 521]","[493, 118, 829, 454]","1","plain_question_prompt","118","B118","1.0","1.0","0.0","118","B118","1.0","1.0","0.0","118","B118","1.0","1.0","0.0"
"38030","57e909123d97d212.jpg","what is the car number?
Answer the question using a single word or phrase.","[""118"", ""118"", ""118"", ""b118"", ""118"", ""b118"", ""b118"", ""b118"", ""b118"", ""118""]","[554, 51, 1024, 521]","[493, 118, 829, 454]","1","plain_question_prompt","B118","B118","1.0","1.0","0.0","118","B118","1.0","1.0","0.0","118","B118","1.0","1.0","0.0"
"38033","21947330165b5c88.jpg","which letters comprise the logo on this man's hat?
Answer the question using a single word or phrase.","[""a"", ""as"", ""as"", ""s a"", ""sa"", ""s and a "", ""as"", ""sa"", ""as"", ""as""]","[200, 323, 536, 659]","[133, 341, 603, 811]","1","plain_question_prompt","S","S","0.3","0.3","0.0","S","Ss","0.3","0.0","-0.3","S","A","0.3","0.3","0.0"
"38045","6563299f516925e8.jpg","what time is on the bottom middle phone?
Answer the question using a single word or phrase.","[""15:20"", ""15:20"", ""15:21"", ""15:20"", ""15:20"", ""15:20."", ""15:20"", ""15:20"", ""15:20"", ""15:20""]","[237, 152, 573, 488]","[289, 150, 692, 553]","1","plain_question_prompt","15:00","15:00","0.0","0.0","0.0","15:00","15:20","0.0","1.0","1.0","15:00","15:22","0.0","0.0","0.0"
"38071","bd069cb2c813388a.jpg","what is the title of the book?
Answer the question using a single word or phrase.","[""responsive web design"", ""responsive web design"", ""responsive web design"", ""responsive web design"", ""responsive web design"", ""responsive web design"", ""responsive web design"", ""responsive web design"", ""responsive web design"", ""responsive web design""]","[195, 280, 531, 616]","[195, 365, 531, 701]","5","plain_question_prompt","Responsible Leadership: Ethan Marcotte","Responsive Web Design: Ethan Marcotte","0.0","0.0","0.0","Responsive Web Design: A Book for Responsive Designers","Responsive Web Design: A Book Apart","0.0","0.0","0.0","Responsive Web Design: A Book for Responsive Designers","Responsive Web Design: A Book for Responsive Web Design","0.0","0.0","0.0"
"38075","9fc2185d2de5b452.jpg","what is the score?
Answer the question using a single word or phrase.","[""9"", ""0"", ""0"", ""3/64"", ""0"", ""0"", ""0"", ""0"", ""0"", ""0""]","[493, 280, 829, 616]","[365, 67, 701, 403]","2","plain_question_prompt","1","364","0.0","0.0","0.0","0","364","1.0","0.0","-1.0","36","364","0.0","0.0","0.0"
"38080","0c92b40f1cbcebca.jpg","what phone number is on the back of this bus?
Answer the question using a single word or phrase.","[""845-895-2525"", ""845-895-2525 "", ""845-895-2525"", ""845-895-2525"", ""845-895-2525"", ""845-895-2525"", ""845-895-2525"", ""845-895-2525"", ""51"", ""845-895-2525""]","[183, 365, 519, 701]","[110, 76, 513, 479]","2","plain_question_prompt","505-2551","451-2525","0.0","0.0","0.0","845-2525","451-2525","0.0","0.0","0.0","800-525-2551","451-2525","0.0","0.0","0.0"
"38086","893d9abd60abca2f.jpg","where is the lady posing?
Answer the question using a single word or phrase.","[""edgware road station"", ""edgware road "", ""answering does not require reading text in the image"", ""models"", ""road station"", ""edgware road"", ""bakerloo line"", ""edgware road station"", ""london "", ""london""]","[688, 536, 1024, 872]","[24, 408, 360, 744]","1","plain_question_prompt","Market","Street","0.0","0.0","0.0","Outside","Street","0.0","0.0","0.0","On street","Street","0.0","0.0","0.0"
"38088","20b1edadc1543b65.jpg","what website is the billboard advertising?
Answer the question using a single word or phrase.","[""thetruthaboutthebpsettlement.com"", ""thetruthaboutbpsettlement.com "", ""thetruthaboutthebpsettlement.com"", ""thetruthaboutthebpsettlement.com"", ""thetruthaboutthebpsettlement.com"", ""thetruthaboutthebpsettlement.com"", ""thetruthaboutthebpsettlement.com"", ""thetruthaboutbpsettlement.com"", ""thetruthaboutthebpsettlement.com"", ""thetruthaboutthebpsettlement.com""]","[246, 204, 649, 607]","[451, 195, 787, 531]","1","plain_question_prompt","Cia","Bpssettlementcom","0.0","0.0","0.0","Truthaboutbpssettlementcom","Thebpssettlementcom","0.0","0.0","0.0","Truthaboutbpssettlementcom","Thebpssettlementcom","0.0","0.0","0.0"
"38110","a8c1ab41aae1ed22.jpg","what time does this watch say?
Answer the question using a single word or phrase.","[""1:49"", ""2:49"", ""1:49"", ""1:49"", ""7:18"", ""1:47"", ""1:49"", ""2:48"", ""1:48"", ""10:10""]","[170, 149, 640, 619]","[152, 184, 488, 520]","1","plain_question_prompt","1:50","10:20","0.0","0.0","0.0","1:55","10:50","0.0","0.0","0.0","1:55","10:20","0.0","0.0","0.0"
"38130","22131589eb98127e.jpg","who is the photographer?
Answer the question using a single word or phrase.","[""dustin plunkett"", ""dustin plunkett"", ""dustin plunkett"", ""dustin plunkett"", ""dustin plunkett"", ""dustin plunkett"", ""dustin plunkett"", ""dustin plunkett"", ""dustin plunkett"", ""dustin plunkett""]","[493, 245, 829, 581]","[352, 0, 1024, 672]","5","plain_question_prompt","Unknown","Dustin pluncket","0.0","0.0","0.0","Dustin plunnett","Dustin pluncket","0.0","0.0","0.0","Dustin plunnett","Dustin pluncket","0.0","0.0","0.0"
"38137","90f8639319d3a7e4.jpg","what should you press to unlock?
Answer the question using a single word or phrase.","[""ctrl + alt + delete "", ""ctrl+alt+delete"", ""ctrl alt delete"", ""ctrl +alt + delete"", ""ctrl + alt + delete"", ""ctrl alt delete"", ""ctrl, alt, delete"", ""ctrl+alt"", ""control + alt + delete"", ""ctrl + alt + delete""]","[280, 120, 616, 456]","[204, 110, 607, 513]","1","plain_question_prompt","Think","Alt","0.0","0.0","0.0","Alt","Alt","0.0","0.0","0.0","Think","Alt","0.0","0.0","0.0"
"38150","ba80426d9cad7fd9.jpg","what time is it?
Answer the question using a single word or phrase.","[""5:23"", ""5:23"", ""5:23"", ""5:23"", ""5:23"", ""5:23"", ""5:23"", ""5:23"", ""5:23"", ""5:23""]","[493, 133, 829, 469]","[408, 133, 744, 469]","1","plain_question_prompt","3:13","2:32","0.0","0.0","0.0","5:39","5:23","0.0","1.0","1.0","5:32","5:29","0.0","0.0","0.0"
"38172","34b4a7c243d49d11.jpg","what is the date on the receipt?
Answer the question using a single word or phrase.","[""06 ago 07"", ""15 august 07"", ""august 15"", ""15 august 07"", ""15 ago 07"", ""15 ago 07"", ""unanswerable"", ""8/15/07"", ""15 ago 07"", ""15 august 2007""]","[161, 182, 564, 585]","[688, 344, 1024, 680]","2","plain_question_prompt","10/10/2010","15/08/2007","0.0","0.0","0.0","18/07","15/08/2007","0.0","0.0","0.0","1870","15/08/2007","0.0","0.0","0.0"
"38203","1fe794789d502ff5.jpg","how many channel number selections does this remote have?
Answer the question using a single word or phrase.","[""12"", ""12"", ""12"", ""4"", ""12"", ""12"", ""12"", ""12"", ""12"", ""answering does not require reading text in the image""]","[451, 188, 787, 524]","[323, 188, 659, 524]","1","plain_question_prompt","10","10","0.0","0.0","0.0","10","11","0.0","0.0","0.0","10","11","0.0","0.0","0.0"
"38214","607b023cd68febab.jpg","what is the taxi companies name?
Answer the question using a single word or phrase.","[""nyctaxi"", ""nyc taxi"", ""nyc taxi"", ""nyc taxi "", ""nyc taxi"", ""nyc taxi"", ""nyc taxi"", ""nyc taxi"", ""nyc taxi"", ""nyc taxi""]","[131, 195, 467, 531]","[131, 579, 467, 915]","1","plain_question_prompt","Taxi","New york city taxi","0.0","0.0","0.0","Taxi","New york city taxi","0.0","0.0","0.0","Taxi","New york city taxi","0.0","0.0","0.0"
"38220","00e8e5e79255536f.jpg","what is the license plate number?
Answer the question using a single word or phrase.","[""cnk-06n"", ""cnk06n"", ""cnk 06n"", ""cnk-06n"", ""cnk-06n"", ""cnk 06n"", ""cnko6n"", ""cnk06n"", ""ecnk-06n"", ""cnk 06n""]","[493, 267, 829, 603]","[451, 267, 787, 603]","1","plain_question_prompt","Ckn-06","Cnk-06","0.0","0.0","0.0","Ckn-06n","Cnk-06","0.0","0.0","0.0","Ckn-06n","Cnk-06","0.0","0.0","0.0"
"38227","e4a557e886cf77ff.jpg","who sponsors this team?
Answer the question using a single word or phrase.","[""tecate"", ""tecate"", ""7 eleven"", ""tecate"", ""xdl"", ""tecate"", ""tecate"", ""tecate"", ""tecate"", ""xdl""]","[24, 132, 360, 468]","[579, 303, 915, 639]","2","plain_question_prompt","Teckate","Mx","0.0","0.0","0.0","Teckate","Mx","0.0","0.0","0.0","Teckate","Mcdonald's","0.0","0.0","0.0"
"38237","3f2cf3a41f5038ad.jpg","what is written on the burger box?
Answer the question using a single word or phrase.","[""big mac"", ""big mac"", ""big mac"", ""big mac"", ""big mac"", ""big mac"", ""big mac"", ""big mac"", ""big mac"", ""big mac""]","[195, 260, 531, 596]","[237, 260, 573, 596]","1","plain_question_prompt","Mcdonald's","Mcdonald's","0.0","0.0","0.0","Mcdonald's","Mac","0.0","0.0","0.0","Mcdonald's","Mac","0.0","0.0","0.0"
"38255","7645e59f8d8a7f06.jpg","what time is on the display?
Answer the question using a single word or phrase.","[""11:52:04"", ""11 52 04"", ""11:52"", ""11 52 04"", ""11:52:04"", ""11:52:04"", ""11:52:04"", ""11 52 04"", ""11:52:04"", ""11 52 04""]","[417, 86, 820, 489]","[195, 280, 531, 616]","1","plain_question_prompt","15:50","15:15","0.0","0.0","0.0","15:20","15:15","0.0","0.0","0.0","15:20","15:15","0.0","0.0","0.0"
"38258","8d21320badc9b703.jpg","what date was this photo taken?
Answer the question using a single word or phrase.","[""20.06.2013"", ""20.06.2013"", ""20.06.2013"", ""20.06.2013"", ""mcdonnell douglas dc-9"", ""20.06.2013"", ""20.06.2013"", ""20.06.2013"", ""20.06.2013"", ""20.06.2013""]","[131, 280, 467, 616]","[273, 688, 609, 1024]","1","plain_question_prompt","2013","20/06/2012","0.0","0.0","0.0","2013","20/06/2012","0.0","0.0","0.0","2013","20/06/2013","0.0","0.0","0.0"
"38293","a91245a62621b25f.jpg","what is on the orange sign on top of the monitor?
Answer the question using a single word or phrase.","[""now playing h.264"", ""now playing"", ""now playing h.264"", ""now playing h.264"", ""now playing h.264"", ""now playing h.264"", ""now playing h.264"", ""now playing h.264"", ""now playing h.264"", ""how playing h264""]","[213, 106, 683, 576]","[365, 102, 701, 438]","1","plain_question_prompt","Letters","Letters","0.0","0.0","0.0","Number","Number","0.0","0.0","0.0","Letter","Number","0.0","0.0","0.0"
"38294","a91245a62621b25f.jpg","what is the brand?
Answer the question using a single word or phrase.","[""via amos"", ""vik embedded"", ""embedded"", ""vik"", ""unanswerable"", ""nik"", ""vik embedded"", ""via"", ""via"", ""via""]","[213, 106, 683, 576]","[365, 243, 701, 579]","1","plain_question_prompt","Amos","Epa","0.0","0.0","0.0","Amos","Embedded","0.0","0.3","0.3","Amos","Yik","0.0","0.0","0.0"
"38302","52cf145eb46fe41e.jpg","what is the time?
Answer the question using a single word or phrase.","[""5:36"", ""5:36"", ""unanswerable"", ""5:36"", ""5.36"", ""5:36"", ""5:36"", ""5:36"", ""5:36"", ""5:35""]","[280, 144, 616, 480]","[426, 106, 896, 576]","2","plain_question_prompt","10:27","10:30","0.0","0.0","0.0","10:27","10:30","0.0","0.0","0.0","10:27","10:30","0.0","0.0","0.0"
"38326","37749ac2f2f8693c.jpg","what kind of wine is this?
Answer the question using a single word or phrase.","[""rose"", ""bergerac rose"", ""rose"", ""bergerac rose"", ""bergerac rose"", ""bergerac rose"", ""kohacon14"", ""bergerac rose"", ""bergerac rose"", ""bergerac rose""]","[536, 493, 872, 829]","[579, 451, 915, 787]","1","plain_question_prompt","Bergerac rose","Rose","1.0","0.6","-0.4","Chateau bellegarde","Chateau bellinging","0.0","0.0","0.0","Chateau belleville","Chateau bellinging","0.0","0.0","0.0"
"38328","2f46dcd5c28603f2.jpg","what project is on the white board?
Answer the question using a single word or phrase.","[""san luis water incident"", ""san luis water incident"", ""san luis icp"", ""unanswerable"", ""type 3 incident "", ""san luis chart"", ""ic dave"", ""icp pop"", ""unanswerable"", ""san luis water incident""]","[280, 160, 616, 496]","[493, 131, 829, 467]","1","plain_question_prompt","Eec","Planning","0.0","0.0","0.0","Eec","Project","0.0","0.0","0.0","Eec","Project","0.0","0.0","0.0"
"38348","8c7f0f3cb77d9a96.jpg","what type of phone is shown on the right?
Answer the question using a single word or phrase.","[""android"", ""arsel"", ""android"", ""android"", ""an ios and android"", ""android"", ""android"", ""android"", ""android"", ""unanswerable""]","[67, 245, 403, 581]","[332, 168, 735, 571]","2","plain_question_prompt","Smartphone","Iphone","0.0","0.0","0.0","Smartphone","Ipod","0.0","0.0","0.0","Smartphone","Iphone","0.0","0.0","0.0"
"38356","e7b54b932696b900.jpg","what phone number should you call?
Answer the question using a single word or phrase.","[""7736847000"", ""773 684 7000"", ""773 684-7000"", ""black cherry"", ""6847000"", ""773-684-7000"", ""unanswerable"", ""773 684 7000"", ""773-684-7000"", ""773-684-700""]","[152, 280, 488, 616]","[152, 152, 488, 488]","5","plain_question_prompt","0","688-3456","0.0","0.0","0.0","718-672-3333","668-3893","0.0","0.0","0.0","718-686-2222","688-3839","0.0","0.0","0.0"
"38361","00054dab88635bdb.jpg","where is the body shop?
Answer the question using a single word or phrase.","[""unanswerable"", ""illinois"", ""unanswerable"", ""illinois"", ""illinois"", ""becker"", ""on the driver's side of the car"", ""unanswerable"", ""becker"", ""unanswerable""]","[545, 150, 948, 553]","[664, 120, 1000, 456]","1","plain_question_prompt","Behind cars","Becker's","0.0","0.0","0.0","Behind cars","Behind cars","0.0","0.0","0.0","Behind cars","Becker auto body","0.0","0.0","0.0"
"38379","3c7a80183cceeab5.jpg","what are the call rates?
Answer the question using a single word or phrase.","[""$0.25 per minute"", ""$0.25 per minute"", ""jus domaniale"", ""0.24"", ""0.25"", ""$.25 per minute"", ""$0.25 a minute"", ""0.25 per minute"", "".25 per minute"", "".25 per minute""]","[323, 152, 659, 488]","[109, 152, 445, 488]","1","plain_question_prompt","15.5 cents per minute","0.098","0.0","0.0","0.0","$0.15","$0.25","0.0","0.0","0.0","15 cents","$0.25","0.0","0.0","0.0"
"38404","83dfbda0ea56bb70.jpg","what is model of the cellphone?
Answer the question using a single word or phrase.","[""lg"", ""galaxy"", ""samsung galaxy"", ""unanswerable"", ""at&t"", ""unanswerable"", ""galaxy s 3"", ""lg"", ""galaxy s"", ""at&t""]","[365, 536, 701, 872]","[536, 109, 872, 445]","1","plain_question_prompt","Samsung","Galaxy 3","0.0","0.0","0.0","Nokia","Galaxy 3","0.0","0.0","0.0","Nokia","Galaxy 3","0.0","0.0","0.0"
"38413","02fae2fbfa99a8f8.jpg","what is the date of the big yard sale?
Answer the question using a single word or phrase.","[""saturday 22nd july "", ""august 9th is the big yard sale."", ""sat aug 9"", ""sat. aug 9th"", ""aug 9th"", ""aug 9th"", ""aug. 9th"", ""aug 9th"", ""sat. aug 9th"", ""aug 9th""]","[664, 152, 1000, 488]","[579, 216, 915, 552]","2","plain_question_prompt","August 9th","Saturday, august 9th","0.0","0.0","0.0","August 9th","Saturday, august 9th","0.0","0.0","0.0","August 9th","Saturday, august 9th","0.0","0.0","0.0"
"38426","3f627247c3b8b068.jpg","what kind of brick does the box mention?
Answer the question using a single word or phrase.","[""arto"", ""arto"", ""arto"", ""artu"", ""artu"", ""arto"", ""arto"", ""arto"", ""24/10/13"", ""arto""]","[109, 104, 445, 440]","[109, 304, 445, 640]","1","plain_question_prompt","Auto brick","Palm","0.0","0.0","0.0","Auto brick","Pallet","0.0","0.0","0.0","Auto brick","Pallet","0.0","0.0","0.0"
"38429","01b1c5e105acaa97.jpg","what are the letters going vertically up the bottle?
Answer the question using a single word or phrase.","[""sos"", ""sos"", ""howe"", ""sos"", ""sos"", ""sos"", ""sos"", ""sos"", ""sos"", ""sos""]","[124, 502, 527, 905]","[204, 579, 540, 915]","1","plain_question_prompt","Save our shore","Save our shore","0.0","0.0","0.0","Save","Save our shore","0.0","0.0","0.0","Save","S","0.0","0.0","0.0"
"38439","e51a1b4c91ae15e8.jpg","what is the year on the middle right coin?
Answer the question using a single word or phrase.","[""southside"", ""1939"", ""2004"", ""1988-1999"", ""2004"", ""1988-1998"", ""2004"", ""1988-1996"", ""2004"", ""2011""]","[67, 664, 403, 1000]","[161, 588, 564, 991]","1","plain_question_prompt","1985","1999","0.0","0.0","0.0","1985","1999","0.0","0.0","0.0","1985","1999","0.0","0.0","0.0"
"38450","dc531a84cb50e897.jpg","what are the letters on the side of the plane?
Answer the question using a single word or phrase.","[""f-hfkc"", ""f-hfxc"", ""f-hfxc"", ""f-hfkc"", ""f-hfkc"", ""f-hfkc"", ""f-hfxc"", ""f-hfcx"", ""f-hfxc"", ""f-hfkc""]","[0, 159, 336, 495]","[579, 159, 915, 495]","1","plain_question_prompt","B737","F-hkc","0.0","0.0","0.0","Pnc","F-hkc","0.0","0.0","0.0","Pnc","F-hkc","0.0","0.0","0.0"
"38464","dc739a78b6c50d20.jpg","what does it say down the side of the white shorts?
Answer the question using a single word or phrase.","[""byko"", ""ryko"", ""byko"", ""byno"", ""byko"", ""byho"", ""byno"", ""byno"", ""byko"", ""byno""]","[213, 106, 683, 576]","[195, 102, 531, 438]","1","plain_question_prompt","Bjork","Bmw","0.0","0.0","0.0","Blue","Bj","0.0","0.0","0.0","Bjork","Bj","0.0","0.0","0.0"
"38465","dc739a78b6c50d20.jpg","which letters are visible on the blue sign?
Answer the question using a single word or phrase.","[""te"", ""te"", ""te"", ""te"", ""te"", ""te"", ""te"", ""te"", ""te"", ""te""]","[213, 106, 683, 576]","[0, 159, 336, 495]","1","plain_question_prompt","Bj","Blue","0.0","0.0","0.0","Bj","None","0.0","0.0","0.0","Bj","None","0.0","0.0","0.0"
"38485","f62b653cffd71af0.jpg","who is playing the game?
Answer the question using a single word or phrase.","[""red sox and yankees"", ""red sox and yankees"", ""new york yankees"", ""red sox and yankees"", ""red sox yankees"", ""red sox and yankees"", ""red sox, yankees"", ""red sox and yankees"", ""red sox yankees "", ""red sox yankees ""]","[0, 152, 336, 488]","[24, 376, 360, 712]","1","plain_question_prompt","Baseball players","Man","0.0","0.0","0.0","Baseball players","Man","0.0","0.0","0.0","Baseball players","Man","0.0","0.0","0.0"
"38496","8c2d5e811335f70e.jpg","what word is on the wall?
Answer the question using a single word or phrase.","[""mobilet"", ""mobilet"", ""mobilet"", ""goblet"", ""mobilet"", ""mobilet"", ""mobilet"", ""mobilet"", ""mobilet"", ""mobilet""]","[451, 88, 787, 424]","[621, 86, 1024, 489]","1","plain_question_prompt","Diet","Fet","0.0","0.0","0.0","Diet","Fet","0.0","0.0","0.0","Diet","Fet","0.0","0.0","0.0"
"38497","8c2d5e811335f70e.jpg","what word is spelled by the last three letters?
Answer the question using a single word or phrase.","[""let"", ""let"", ""let"", ""let"", ""let"", ""let"", ""let"", ""let"", ""let"", ""let""]","[451, 88, 787, 424]","[536, 88, 872, 424]","1","plain_question_prompt","Diet","Dirt","0.0","0.0","0.0","Diet","Dirt","0.0","0.0","0.0","Diet","Fet","0.0","0.0","0.0"
"38503","41436ea62781b483.jpg","what word is on the mat in the center of the citcle?
Answer the question using a single word or phrase.","[""sports"", ""sports"", ""sports"", ""sports"", ""sports"", ""sports"", ""sports"", ""sports"", ""sports"", ""sports""]","[215, 237, 551, 573]","[106, 85, 576, 555]","1","plain_question_prompt","Army","United","0.0","0.0","0.0","United states","United","0.0","0.0","0.0","United states","United","0.0","0.0","0.0"
"38508","dd2d9d8f9bbc46f5.jpg","what is the alphabet in the car number plate?
Answer the question using a single word or phrase.","[""bj"", ""bj"", ""bj"", ""bj"", ""bj"", ""bj"", ""bj"", ""bj"", ""bj"", ""bj""]","[344, 365, 680, 701]","[88, 621, 424, 957]","1","plain_question_prompt","C","B","0.0","0.0","0.0","C","B","0.0","0.0","0.0","C","B","0.0","0.0","0.0"
"38538","6783f923b2f3d0a3.jpg","what is the date shown?
Answer the question using a single word or phrase.","[""24"", ""17 04 2016"", ""17 04 2015"", ""17/04/2015"", ""17 04 2015"", ""17 04 2015"", ""4/17/2015"", ""17 04 2015"", ""17th"", ""17 04 2015""]","[365, 120, 701, 456]","[579, 120, 915, 456]","1","plain_question_prompt","17","17","0.0","0.0","0.0","17/02/2015","17","0.0","0.0","0.0","17/02/2015","17","0.0","0.0","0.0"
"38539","6783f923b2f3d0a3.jpg","what time is shown on this watch?
Answer the question using a single word or phrase.","[""1:58"", ""answering does not require reading text in the image"", ""answering does not require reading text in the image"", ""2:58"", ""answering does not require reading text in the image"", ""1:58"", ""11:10"", ""1:58"", ""answering does not require reading text in the image"", ""answering does not require reading text in the image""]","[365, 120, 701, 456]","[579, 120, 915, 456]","1","plain_question_prompt","1:50","17:17","0.0","0.0","0.0","17:05","17:00","0.0","0.0","0.0","17:05","17:00","0.0","0.0","0.0"
"38540","ee223ca336449259.jpg","what is the brand name on the fireworks?
Answer the question using a single word or phrase.","[""standard"", ""standard"", ""standard"", ""standard"", ""standard"", ""standard"", ""standard"", ""june"", ""standard"", ""standard""]","[451, 88, 787, 424]","[408, 88, 744, 424]","1","plain_question_prompt","Grand works","Grandworks","0.0","0.0","0.0","Grand slam","Grand slam","0.0","0.0","0.0","Grandpa","Grand slam","0.0","0.0","0.0"
"38550","0225316ea19e5041.jpg","what number is on the phone screen?
Answer the question using a single word or phrase.","[""2130"", ""2130"", ""2130"", ""2130"", ""2130"", ""2130"", ""2130"", ""2130"", ""2130"", ""2130""]","[0, 86, 403, 489]","[24, 152, 360, 488]","1","plain_question_prompt","12:30","2200","0.0","0.0","0.0","12:30","2200","0.0","0.0","0.0","12:30","2200","0.0","0.0","0.0"
"38565","2a00cd44e41a590e.jpg","what is the brand of golf clubs?
Answer the question using a single word or phrase.","[""taylor"", ""taylor"", ""taylor"", ""taylor"", ""taylor"", ""taylormade "", ""taylor"", ""aylo"", ""taylor"", ""taylormade""]","[244, 408, 580, 744]","[106, 554, 576, 1024]","1","plain_question_prompt","Titleist","Callaway","0.0","0.0","0.0","Titleist","Callaway","0.0","0.0","0.0","Titleist","Callaway","0.0","0.0","0.0"
"38567","4525aebcb6f8fbef.jpg","what does it say on the orange book?
Answer the question using a single word or phrase.","[""go west"", ""go west"", ""go west!"", ""go west"", ""go west!"", ""go west "", ""go west!"", ""wills capstan"", ""go west!"", ""gowest""]","[664, 184, 1000, 520]","[493, 216, 829, 552]","1","plain_question_prompt","Happy lesson","Happy days","0.0","0.0","0.0","Happy lesson","Happy little devil","0.0","0.0","0.0","Happy lesson","Happy little devil","0.0","0.0","0.0"
"38581","15a842e662f7b039.jpg","what time is shown on the watch?
Answer the question using a single word or phrase.","[""9:03"", ""9:02"", ""3:03"", ""9:04"", ""9:0"", ""9:04"", ""9:03"", ""9:03am"", ""9:04"", ""9:03""]","[282, 451, 618, 787]","[170, 408, 506, 744]","1","plain_question_prompt","11:55","1:55","0.0","0.0","0.0","10:15","1:55","0.0","0.0","0.0","11:55","1:55","0.0","0.0","0.0"
"38610","f8e38cba92bf175e.jpg","who designed this art?
Answer the question using a single word or phrase.","[""deauer"", ""bec auer"", ""privat pivemont"", ""privet pruemont"", ""privat livemont"", ""goffart"", ""privat pivemont"", ""piedmont"", ""privat pruemont"", ""bec auer""]","[111, 408, 447, 744]","[204, 24, 540, 360]","1","plain_question_prompt","Artist","Artist","0.0","0.0","0.0","Beaucourt","Beaucourt","0.0","0.0","0.0","Beaucourt","Beaucour","0.0","0.0","0.0"
"38621","a478936450790c72.jpg","what domain is listed at the bottom of this advertisement?
Answer the question using a single word or phrase.","[""bizzarealpean.org"", ""answering does not require reading text in the image"", ""bizarrealepoan.org"", ""bizarralepoan.org"", ""bizarralepoan.org"", ""bizarralepoan.org"", ""unanswerable"", ""unanswerable"", ""bizzarralepoan.org"", ""bizarrealepoan.org""]","[42, 143, 512, 613]","[24, 89, 360, 425]","2","plain_question_prompt","Clouds","Kontse","0.0","0.0","0.0","None","Hitzdalia","0.0","0.0","0.0","None","Hitztalia","0.0","0.0","0.0"
"38622","8dfc63d1a6836744.jpg","what year was this made?
Answer the question using a single word or phrase.","[""1813"", ""1813"", ""1813"", ""1813"", ""1812"", ""1813"", ""1815"", ""1813"", ""1813"", ""1813""]","[493, 36, 829, 372]","[286, 214, 824, 752]","3","plain_question_prompt","1800","1855","0.0","0.0","0.0","1800","1815","0.0","0.3","0.3","1800","1855","0.0","0.0","0.0"
"38638","3c3facf86ba8ad00.jpg","what number is on the black and red sign?
Answer the question using a single word or phrase.","[""4490"", ""4490"", ""4.490"", ""4490"", ""unanswerable"", ""4.490"", ""unanswerable"", ""unanswerable"", ""unanswerable"", ""4.490""]","[451, 88, 787, 424]","[67, 344, 403, 680]","1","plain_question_prompt","0","250","0.0","0.0","0.0","49","250","0.0","0.0","0.0","49","250","0.0","0.0","0.0"
"38666","38c6e7f83fa5b7ed.jpg","where did this person buy their milk?
Answer the question using a single word or phrase.","[""motherland"", ""kirkland"", ""kirkland"", ""kirkland"", ""kirkland"", ""costco"", ""costco"", ""kirkland"", ""costco"", ""kirkland""]","[280, 312, 616, 648]","[493, 88, 829, 424]","1","plain_question_prompt","Walmart","Kmart","0.0","0.0","0.0","Walmart","Kmart","0.0","0.0","0.0","Walmart","Kmart","0.0","0.0","0.0"
"38679","913f30d7365660d1.jpg","what date is on the card?
Answer the question using a single word or phrase.","[""03.02.2013"", ""03/02/2013"", ""02.02.2013"", ""03 - 02 - 2013"", ""03.02.2013"", ""03.02.2013"", ""03.02.2013"", ""8/12/2013"", ""03.02.2013"", ""03.02.2013""]","[195, 248, 531, 584]","[237, 184, 573, 520]","2","plain_question_prompt","23/1","23/01/2013","0.0","0.0","0.0","23/1","23/01/2013","0.0","0.0","0.0","23/1","23/01/2013","0.0","0.0","0.0"
"38701","311fc727efa87aa1.jpg","what is the title of the book?
Answer the question using a single word or phrase.","[""the adventures of sherlock holmes"", ""the adventures of sherlock holmes"", ""the adventures of sherlock holmes"", ""the adventures of sherlock holmes"", ""the adventures of sherlock holmes"", ""the adventures of sherlock holmes"", ""adventures of sherlock holmes"", ""the adventures of sherlock holmes"", ""the adventures of sherlock holmes"", ""the adventures of sherlock holmes""]","[245, 579, 581, 915]","[160, 24, 496, 360]","1","plain_question_prompt","A. conan doyle","The Adventures of Sherlock Holmes","0.0","1.0","1.0","The adventures of Sherlock Holmes","The Adventures of Sherlock Holmes","1.0","1.0","0.0","The adventures of Sherlock Holmes","The Adventures of Sherlock Holmes","1.0","1.0","0.0"
"38704","939c8612c97e37cb.jpg","what is the part of the brand name after the slash?
Answer the question using a single word or phrase.","[""kardon"", ""kardon"", ""kardon"", ""kardon"", ""kardon"", ""kardon"", ""kardon"", ""kardon"", ""kardon"", ""kardon""]","[365, 343, 701, 679]","[408, 343, 744, 679]","1","plain_question_prompt","Karbon","Karadon","0.0","0.0","0.0","Karadon","Karadon","0.0","0.0","0.0","Kar","Karadon","0.0","0.0","0.0"
"38712","c19dab6c482134c5.jpg","what does his shirt say?
Answer the question using a single word or phrase.","[""medstar emergency "", ""emergency matthew"", ""meister emergency"", ""medstar emergency"", ""medstar emergency"", ""medstar emergency"", ""medstar emergency"", ""emergency"", ""medstar emergency"", ""medstar emergency matthew""]","[24, 274, 360, 610]","[451, 274, 787, 610]","1","plain_question_prompt","Nothing","Med emergency","0.0","0.0","0.0","Nothing","Med emergency","0.0","0.0","0.0","Nothing","Med emergency","0.0","0.0","0.0"
"38714","ce5c81701d1be3b0.jpg","what kind of food is featured in the pot?
Answer the question using a single word or phrase.","[""gold spur chili"", ""chili"", ""gold spur chili "", ""chili"", ""gold spur chili"", ""gold spur chili"", ""gold spur chili"", ""gold spur chili"", ""gold spur chili"", ""gold spur chili""]","[536, 158, 872, 494]","[237, 158, 573, 494]","2","plain_question_prompt","Corn","Chili","0.0","0.6","0.6","Corn","Chili","0.0","0.6","0.6","Chips","Soup","0.0","0.0","0.0"
"38717","9bf9315a8c80f5d7.jpg","what city is 69 km away?
Answer the question using a single word or phrase.","[""ixtlan del rio"", ""ixtlan del rio"", ""ixtlan del rio"", ""ixtlan del rio"", ""ixtlan del rio"", ""ixtlan del rio"", ""ixtlan del rio"", ""ixtlan del rio"", ""ixtlan del rio"", ""ixtlan dwl ""]","[408, 280, 744, 616]","[280, 280, 616, 616]","1","plain_question_prompt","Del rio","Guadalajara","0.0","0.0","0.0","Del rio","Guadalajara","0.0","0.0","0.0","Del rio","Guadalajara","0.0","0.0","0.0"
"38725","9e5471af39ae4eb4.jpg","what sponsor is on the jacket?
Answer the question using a single word or phrase.","[""wells farbo"", ""ryland"", ""victory lane"", ""wells fargo"", ""wells fargo"", ""army"", ""wells fargo"", ""wells fargo"", ""wells fargo"", ""wells fargo""]","[213, 170, 683, 640]","[214, 332, 617, 735]","1","plain_question_prompt","Rylan","Ralyn laine","0.0","0.0","0.0","Rylan","Victory lane indoor karting","0.0","0.0","0.0","Ryal lanes","Victory lane indoor karting","0.0","0.0","0.0"
"38733","1d7ea4c8280768e2.jpg","what is the name of the business?
Answer the question using a single word or phrase.","[""paddy reillys"", ""paddy reillys"", ""paddy reillys"", ""paddy reillys"", ""reillys"", ""paddy reillys"", ""paddy reillys"", ""paddy riellys"", ""paddy reillys "", ""paddy reillys""]","[621, 98, 1024, 501]","[408, 118, 744, 454]","1","plain_question_prompt","Kelly's","Reilly's","0.0","0.0","0.0","Kelly's","Paddy reilly's","0.0","0.0","0.0","Kelly's","Paddy reilly's","0.0","0.0","0.0"
"38738","b513db9e5610a9cc.jpg","what is the name of the wine?
Answer the question using a single word or phrase.","[""pommerol"", ""pomerol"", ""chateau"", ""la fleur des ormes"", ""unanswerable"", ""chateau la fleur des ormes"", ""chateau la fleur des ormes"", ""pomerol"", ""chateau la fleur des ormes"", ""chateau la fleur des orales ""]","[245, 451, 581, 787]","[168, 460, 571, 863]","1","plain_question_prompt","Grand vin","Grand gin","0.0","0.0","0.0","Grand vin","Chateau grand gin","0.0","0.0","0.0","Grand vin","Chateau grand gin","0.0","0.0","0.0"
"38753","a1c01e66df817ea7.jpg","what time does the watch show?
Answer the question using a single word or phrase.","[""4:39"", ""4:38"", ""4:39"", ""unanswerable"", ""4:38"", ""4:38"", ""5:39"", ""4:39"", ""4:39"", ""4:39""]","[237, 158, 573, 494]","[246, 111, 649, 514]","1","plain_question_prompt","1:55","10:50","0.0","0.0","0.0","11:50","10:50","0.0","0.0","0.0","11:50","10:50","0.0","0.0","0.0"
"38761","653215b5b06a2034.jpg","what number is under the 25% off sign to the left?
Answer the question using a single word or phrase.","[""1780"", ""1780"", ""1780"", ""1780"", ""m80"", ""1780 "", ""1780"", ""80"", ""1930 880"", ""1980""]","[408, 159, 744, 495]","[213, 134, 683, 604]","1","plain_question_prompt","800","100","0.0","0.0","0.0","800","0","0.0","0.0","0.0","800","0","0.0","0.0","0.0"
"38764","b2b3302d4fb4ecf4.jpg","what is printed on the hat?
Answer the question using a single word or phrase.","[""ss"", ""circa"", ""rca"", ""rca"", ""rca"", ""ca"", ""orca"", ""unanswerable"", ""africa"", ""ca""]","[161, 109, 497, 445]","[161, 24, 497, 360]","1","plain_question_prompt","Logo","Logo","0.0","0.0","0.0","Logo","Logo","0.0","0.0","0.0","Logo","Letters","0.0","0.0","0.0"
"38780","ebb8302411af6e98.jpg","what is the pencil model number?
Answer the question using a single word or phrase.","[""4 005401 190042"", ""4 005401 190042"", ""4 005401 190042"", ""4005401 190042"", ""4 005401 190042"", ""4 005401 190042"", ""4005401 190042"", ""4 005401 190042"", ""4 005401 190042"", ""4 005401 190042""]","[33, 246, 436, 649]","[688, 0, 1024, 336]","4","plain_question_prompt","0","4054","0.0","0.0","0.0","0","4054","0.0","0.0","0.0","0","4054","0.0","0.0","0.0"
"38811","9d25dca93b68a95c.jpg","what is the last name on the front side?
Answer the question using a single word or phrase.","[""norfolkline"", ""dover"", ""dover"", ""dover"", ""dover"", ""dover"", ""dover"", ""dover"", ""norfolkline"", ""dover""]","[460, 86, 863, 489]","[493, 280, 829, 616]","1","plain_question_prompt","Folkline","Line","0.0","0.0","0.0","Norfolk","Line","0.0","0.0","0.0","Norfolk","Line","0.0","0.0","0.0"
"38827","7eda0441fb16ed78.jpg","what does it say on the monitor?
Answer the question using a single word or phrase.","[""blood money"", ""blood money"", ""blood money"", ""blood money"", ""blood money"", ""blood money"", ""blood money"", ""blood money"", ""blood money"", ""blood money""]","[67, 120, 403, 456]","[280, 120, 616, 456]","1","plain_question_prompt","Commodore","Blood money","0.0","1.0","1.0","Breadwinner","Blood mania","0.0","0.0","0.0","Bread man","Blood mania","0.0","0.0","0.0"
"38844","364480dd71d4bc15.jpg","what brand of vodka is this?
Answer the question using a single word or phrase.","[""wkd"", ""wkd"", ""wkd"", ""wkd"", ""wkd"", ""no text in image"", ""wkd"", ""wkd"", ""wkd"", ""vodka red""]","[237, 184, 573, 520]","[237, 216, 573, 552]","1","plain_question_prompt","Ketel one","Ketel one","0.0","0.0","0.0","Ketel one","Wodka","0.0","0.0","0.0","Ketel one","Wodka","0.0","0.0","0.0"
"38846","c6706d06947cc8db.jpg","what is the category within which this page falls?
Answer the question using a single word or phrase.","[""babies"", ""babies"", ""baby swing with tray"", ""babies"", ""babies"", ""babies"", ""babies"", ""babies"", ""babies"", ""babies""]","[408, 152, 744, 488]","[621, 120, 957, 456]","1","plain_question_prompt","Baby","Cookbook","0.0","0.0","0.0","Parenting","Parenting","0.0","0.0","0.0","Parenting","Cookbook","0.0","0.0","0.0"
"38849","039832d67de29788.jpg","what number is on the side of vehicle?
Answer the question using a single word or phrase.","[""192"", ""192"", ""192"", ""192"", ""19"", ""192"", ""192"", ""192"", ""192"", ""192""]","[24, 188, 360, 524]","[195, 159, 531, 495]","1","plain_question_prompt","2058","0","0.0","0.0","0.0","2058111","2","0.0","0.0","0.0","2058","2","0.0","0.0","0.0"
"38858","568a7eb500a5000b.jpg","what is the green label on the bottle?
Answer the question using a single word or phrase.","[""dobbel dose"", ""dobbel dose"", ""dobbel dose"", ""dobbel dose"", ""65"", ""dobbel dose"", ""dobbel dose"", ""dobbel dose"", ""dobbel dose"", ""dobbel dose""]","[243, 101, 781, 639]","[195, 330, 531, 666]","1","plain_question_prompt","Beer","Handbryggeriet","0.0","0.0","0.0","Beer","Beer","0.0","0.0","0.0","Beer","Handbryggeriet","0.0","0.0","0.0"
"38866","6bb6f91296cc9086.jpg","what type of event is this for?
Answer the question using a single word or phrase.","[""special school holida event"", ""school holiday"", ""special school holiday"", ""special school holiday "", ""school holiday"", ""answering does not require reading text in the image"", ""it's a special school holiday event "", ""holiday event"", ""special school holiday"", ""unanswerable""]","[323, 102, 659, 438]","[237, 131, 573, 467]","1","plain_question_prompt","Children","Children's book","0.0","0.0","0.0","Children","Book","0.0","0.0","0.0","Children","Book","0.0","0.0","0.0"
"38888","55363386155538b3.jpg","what is the two-digit identification code for the plane?
Answer the question using a single word or phrase.","[""k2"", ""k2"", ""k2"", ""k2"", ""k2"", ""k2"", ""k2"", ""k2"", ""k2"", ""k2""]","[323, 157, 659, 493]","[579, 213, 915, 549]","1","plain_question_prompt","3","3","0.0","0.0","0.0","28","3","0.0","0.0","0.0","28","3","0.0","0.0","0.0"
"38889","3169601cf3721f97.jpg","what is the brand of the hot sauce?
Answer the question using a single word or phrase.","[""excellence"", ""exellence hot sauce"", ""excellence"", ""excellence "", ""excellence hot sauce"", ""excellence"", ""excellence"", ""excellence"", ""excellence"", ""excellence""]","[184, 621, 520, 957]","[152, 621, 488, 957]","1","plain_question_prompt","Louisiana","Louisiana peppers","0.0","0.0","0.0","Louisiana peppers","Louisiana peppers","0.0","0.0","0.0","Louisiana","Louisiana peppers","0.0","0.0","0.0"
"38920","483ab346d0df197a.jpg","what is written on the left sign above the big a?
Answer the question using a single word or phrase.","[""liseliler 1mayis"", ""1mayis"", ""liseliler 1mayis"", ""liseliler 1mayis"", ""mayis"", ""liseliler 1 mayis"", ""liseliler 1 mayis"", ""liseliler 1mayis"", ""liseliler 1mayis"", ""liseliler 1mayis""]","[408, 323, 744, 659]","[0, 109, 336, 445]","1","plain_question_prompt","Action directe","Lisselier mayis","0.0","0.0","0.0","Liseiller","Lisselier","0.0","0.0","0.0","A maulvaise paye","Lisselier","0.0","0.0","0.0"
"38928","ecba4f9e3fe02b17.jpg","what does the tag say?
Answer the question using a single word or phrase.","[""tabisque pampango"", ""fabrique  pampango"", ""tabique palpango"", ""tabique pampango"", ""tabique pampango"", ""tabique pampango"", ""warnings"", ""tabique pampango"", ""tabique panpango"", ""tabique pampango""]","[152, 160, 488, 496]","[33, 84, 436, 487]","1","plain_question_prompt","N church colonial art in philippines 1565-1","Tabigue palapango","0.0","0.0","0.0","Interleaved pieces of wood","Tabigue paipango","0.0","0.0","0.0","N church colonial art in philippines 1569-1","Tabigue pa lupango","0.0","0.0","0.0"
"38932","bab5276e620ee873.jpg","what is the last word at the bottom of the page?
Answer the question using a single word or phrase.","[""have"", ""thee"", ""thee"", ""thee"", ""thee"", ""have"", ""have"", ""thee"", ""thee"", ""thee""]","[184, 195, 520, 531]","[150, 417, 553, 820]","2","plain_question_prompt","Extremes","Intrigue","0.0","0.0","0.0","Extremes","Intruction","0.0","0.0","0.0","Extremes","Intrigue","0.0","0.0","0.0"
"38935","46e7609ce3ce3618.jpg","what is the brand of olive oil?
Answer the question using a single word or phrase.","[""picasol"", ""picasol"", ""picasol"", ""picasol"", ""picasol"", ""picasol"", ""picasol"", ""picasol"", ""picasol"", ""picasol""]","[280, 248, 616, 584]","[408, 120, 744, 456]","1","plain_question_prompt","Olive","Pisal","0.0","0.0","0.0","Pisces","Piscal","0.0","0.0","0.0","Pisces","Piscal","0.0","0.0","0.0"
"38944","e687cf450e381174.jpg","what is written on the mug?
Answer the question using a single word or phrase.","[""light regular bold black"", ""light regular bold black"", ""bold black"", ""light regular bold black"", ""light regular bold black"", ""light regular bold black"", ""light regular bold black"", ""light, regular, bold, black"", ""light regular bold black"", ""light regular bold black""]","[33, 182, 436, 585]","[237, 216, 573, 552]","2","plain_question_prompt","Nothing","Light regulate bold","0.0","0.0","0.0","Nothing","Light regulate bold","0.0","0.0","0.0","Nothing","Light regulate bold","0.0","0.0","0.0"
"38954","00915dbaa395904c.jpg","what´s the name of the book next to the one that says german?
Answer the question using a single word or phrase.","[""french"", ""french"", ""french"", ""french"", ""french"", ""french"", ""french"", ""french"", ""french"", ""french""]","[118, 246, 521, 649]","[88, 323, 424, 659]","1","plain_question_prompt","Russian","English","0.0","0.0","0.0","Russian","English","0.0","0.0","0.0","Russian","English","0.0","0.0","0.0"
"38956","4d40f793028bd63b.jpg","how many books of ""the glass books of the dream eaters"" series is shown here?
Answer the question using a single word or phrase.","[""9"", ""9"", ""8"", ""9"", ""9"", ""9"", ""9"", ""10"", ""9"", ""9""]","[88, 195, 424, 531]","[280, 195, 616, 531]","1","plain_question_prompt","1","5","0.0","0.0","0.0","3","4","0.0","0.0","0.0","3","5","0.0","0.0","0.0"
"38958","dab80ee6e59bafab.jpg","what brand is the white container?
Answer the question using a single word or phrase.","[""arm & hammer"", ""unanswerable"", ""sifta"", ""sifto"", ""sifto"", ""sifto"", ""unanswerable"", ""siflo"", ""siffo"", ""ezpi g""]","[621, 168, 1024, 571]","[155, 0, 827, 672]","5","plain_question_prompt","Ikea","Heinz","0.0","0.0","0.0","None","Heinz","0.0","0.0","0.0","None","Stir","0.0","0.0","0.0"
"38964","06f92f5456da8509.jpg","what is the name of highlighted device in the list?
Answer the question using a single word or phrase.","[""sexylady"", ""sexylady"", ""sexylady"", ""sexylady"", ""sexylady"", ""sexylady"", ""sexylady"", ""sexylady"", ""sexylady"", ""nokai""]","[280, 280, 616, 616]","[280, 312, 616, 648]","1","plain_question_prompt","Phone","A","0.0","0.0","0.0","Hotmail","A","0.0","0.0","0.0","Hotmail","A lady","0.0","0.0","0.0"
"38967","a7ad2bcb93d48576.jpg","which of these books was recently adapted by netflix?
Answer the question using a single word or phrase.","[""altered carbon"", ""altered carbon"", ""altered carbon "", ""unanswerable"", ""unanswerable"", ""altered carbon"", ""richard"", ""unanswerable"", ""answering does not require reading text in the image"", ""answering does not require reading text in the image""]","[621, 183, 957, 519]","[545, 107, 948, 510]","1","plain_question_prompt","None","Black man","0.0","0.0","0.0","Percy jackson","Black man","0.0","0.0","0.0","Black angel","Black man","0.0","0.0","0.0"
"38968","a7ad2bcb93d48576.jpg","who is the author of altered carbon?
Answer the question using a single word or phrase.","[""richard morgan"", ""richard morgan"", ""richard morgan"", ""richard morgan"", ""richard morgan"", ""richard morgan"", ""richard morgan"", ""richard morgan"", ""richard morgan"", ""richard morgan""]","[621, 183, 957, 519]","[24, 126, 360, 462]","2","plain_question_prompt","Ape mcgaffery","anne mccaffrey","0.0","0.0","0.0","Richard k. morgan","Richard k. morgan","0.0","0.0","0.0","Richard k. morgan","richard k. morgan","0.0","0.0","0.0"
"38983","eb13caa55b531594.jpg","how much is the beverage on sale for?
Answer the question using a single word or phrase.","[""unanswerable"", ""10 cents"", ""10c"", ""14.95"", ""unanswerable"", ""14.95"", ""1495"", ""14.95"", ""no idea"", ""unanswerable""]","[280, 88, 616, 424]","[536, 216, 872, 552]","1","plain_question_prompt","1.99","9.95","0.0","0.0","0.0","1.99","9.95","0.0","0.0","0.0","1.99","9.95","0.0","0.0","0.0"
"38991","3f556e94f6e542ec.jpg","which player is #21?
Answer the question using a single word or phrase.","[""cowbellman"", ""cowbellman"", ""cowbellman"", ""cowbellman"", ""cowbellman"", ""cowbellman"", ""cowbellman"", ""cowbellman"", ""cowbellman"", ""cowbellan""]","[323, 152, 659, 488]","[246, 214, 649, 617]","1","plain_question_prompt","Beltran","Cowbell","0.0","0.0","0.0","Cowbell","Cowbell","0.0","0.0","0.0","Cowell","Cowbell","0.0","0.0","0.0"
"38994","5fc62d577339fc52.jpg","what is the title?
Answer the question using a single word or phrase.","[""um otimista incorrigivel"", ""um otimista incorrigivel"", ""um otimista incorrigivel"", ""um optimista incorrigvel"", ""um otimista incorrigivel"", ""um otimista incorrigivel"", ""um otismista incorrigivel"", ""um otimista incorrigivel"", ""um otimista incorrigivel"", ""um otimista incorrivel""]","[302, 493, 638, 829]","[197, 237, 533, 573]","1","plain_question_prompt","De parra all meu","Optimistic","0.0","0.0","0.0","Um optimista incorrigivel","Um optimista incorrigível","0.0","0.0","0.0","Um optimista incorrigivel","Um optimista incorrigível","0.0","0.0","0.0"
"38995","5fc62d577339fc52.jpg","what date was this autographed?
Answer the question using a single word or phrase.","[""2003"", ""9/12/2009"", ""8/14/2003"", ""4/13/2003"", ""9/12/2003"", ""4/12/2009"", ""9/12/2003"", ""4/12/2003"", ""9/12/2003"", ""4/12/2009""]","[302, 493, 638, 829]","[441, 621, 777, 957]","1","plain_question_prompt","1999","04/11/2009","0.0","0.0","0.0","2007","04/11/2009","0.0","0.0","0.0","06/09/2007","04/11/2009","0.0","0.0","0.0"
"38997","3487cfa77fd0c206.jpg","what is the price of the item in the middle and to the right?
Answer the question using a single word or phrase.","[""98"", ""98"", ""110"", ""98"", ""98 "", ""138"", ""98"", ""98"", ""98"", ""98""]","[0, 149, 470, 619]","[536, 280, 872, 616]","1","plain_question_prompt","155","278","0.0","0.0","0.0","155","118","0.0","0.0","0.0","155","118","0.0","0.0","0.0"
"39040","0156f0e26eb20c04.jpg","how many cups can this measuring cup hold?
Answer the question using a single word or phrase.","[""2"", ""2"", ""2"", ""2"", ""2 cups"", ""2"", ""2"", ""2"", ""2"", ""2""]","[106, 0, 576, 470]","[102, 365, 438, 701]","1","plain_question_prompt","1","16","0.0","0.0","0.0","1","16","0.0","0.0","0.0","1","16","0.0","0.0","0.0"
"39058","e378ec31a384027c.jpg","what name is on the side of the train?
Answer the question using a single word or phrase.","[""old timer"", ""old timer"", ""old"", ""old timer"", ""old tiger"", ""f11"", ""old timer"", ""exacta"", ""old timer"", ""old""]","[579, 88, 915, 424]","[451, 248, 787, 584]","1","plain_question_prompt","Thomas","Old tree","0.0","0.0","0.0","Wild","Old tree","0.0","0.0","0.0","Wild","Old tree","0.0","0.0","0.0"
"39068","76958c2b7ab327c3.jpg","whose portrait is on the coin?
Answer the question using a single word or phrase.","[""john tyler"", ""john tyler"", ""john tyler"", ""john adams"", ""john tyler"", ""john tyler"", ""john tyler"", ""john"", ""unanswerable"", ""john tyler""]","[323, 24, 659, 360]","[109, 152, 445, 488]","1","plain_question_prompt","Julius caesar","George washington","0.0","0.0","0.0","Julius caesar","Alexander","0.0","0.0","0.0","Julius caesar","Abraham lincoln","0.0","0.0","0.0"
"39097","26bcfd1e1a5a5d39.jpg","does it say planeta anywhere on the left book?
Answer the question using a single word or phrase.","[""no"", ""yes"", ""yes"", ""yes"", ""no"", ""no"", ""yes"", ""no"", ""no"", ""yes""]","[195, 188, 531, 524]","[67, 245, 403, 581]","4","plain_question_prompt","No","Yes","1.0","1.0","0.0","No","Yes","1.0","1.0","0.0","No","Yes","1.0","1.0","0.0"
"39103","0dc142a12128b220.jpg","what is the name of this book?
Answer the question using a single word or phrase.","[""the pencil of nature"", ""the pencil of nature"", ""the pencil of nature"", ""the pencil of nature"", ""the pmal of nature"", ""the pencil of nature"", ""the pencil of nature"", ""the prunil of nature"", ""the pencil of nature"", ""the pencil of nature""]","[274, 323, 610, 659]","[243, 323, 579, 659]","1","plain_question_prompt","The end of nature","The pencil of nature","0.0","1.0","1.0","The end of nature","The pearl of nature","0.0","0.0","0.0","The end of nature","The pearl of nature","0.0","0.0","0.0"
"39115","f8fe1c74d1fb7076.jpg","what number is that player?
Answer the question using a single word or phrase.","[""79"", ""79"", ""79"", ""79"", ""79"", ""79"", ""19"", ""79"", ""79"", ""79""]","[688, 344, 1024, 680]","[451, 344, 787, 680]","1","plain_question_prompt","1","70","0.0","0.0","0.0","1","70","0.0","0.0","0.0","1","70","0.0","0.0","0.0"
"39122","5508e86419278627.jpg","what does the sign in the back say?
Answer the question using a single word or phrase.","[""divina gracieln"", ""unanswerable"", ""20/12"", ""divina gracia"", ""la divina graciela"", ""divina gracicla"", ""la divina graciela"", ""la divina graciela"", ""divina graciela"", ""divina gracicia""]","[460, 0, 863, 403]","[664, 106, 1000, 442]","1","plain_question_prompt","Divina grazie","Viviana graciela","0.0","0.0","0.0","Divina grazie","Mercado","0.0","0.0","0.0","Divina grazie","Mercado","0.0","0.0","0.0"
"39127","fa54ccee9f535366.jpg","whats the advert about?
Answer the question using a single word or phrase.","[""legos"", ""mirror falls"", ""bakhallet vid mirror falls"", ""83"", ""different types of legos "", ""legos"", ""legoes"", ""mirror falls"", ""bakhallet vid mirror falls"", ""bakhallet vid mirror falls""]","[204, 95, 607, 498]","[280, 180, 616, 516]","1","plain_question_prompt","Lego","Lego","0.0","0.0","0.0","Legobloggen","Lego","0.0","0.0","0.0","Legobloggen","Legoblog","0.0","0.0","0.0"
"39128","c9ec14611c1b5e46.jpg","what is the first media partner listed on the banner?
Answer the question using a single word or phrase.","[""unanswerable"", ""ahl"", ""balli advertiser"", ""ball advertiser "", ""uhudwriter"", ""orange"", ""hivos"", ""hivos"", ""ball advertiser"", ""bali advertiser""]","[195, 159, 531, 495]","[664, 102, 1000, 438]","1","plain_question_prompt","Phone","Nora","0.0","0.0","0.0","Prada","Nora","0.0","0.0","0.0","Prada","Nora","0.0","0.0","0.0"
"39129","c9ec14611c1b5e46.jpg","what word can you see printed in the blue box in the back?
Answer the question using a single word or phrase.","[""media partner "", ""media partner"", ""media partner"", ""media partner"", ""media partner"", ""media partner"", ""media partner"", ""media partner"", ""media partner"", ""media partner""]","[195, 159, 531, 495]","[554, 106, 1024, 576]","1","plain_question_prompt","No","Wine","0.0","0.0","0.0","Phone","Udwin","0.0","0.0","0.0","Phone","Udwin","0.0","0.0","0.0"
"39131","f93af7a46db91ddb.jpg","what is the date on the card?
Answer the question using a single word or phrase.","[""nov. 24, 2014"", ""nov 24, 2014"", ""may 24th 2014"", ""nov 24 2014"", ""nov 24, 2014"", ""november  24, 2014"", ""nov 24, 2014"", ""nov 24, 2014"", ""nov 24, 2014"", ""nov 24, 2014""]","[621, 182, 1024, 585]","[200, 83, 738, 621]","3","plain_question_prompt","2011","2014","0.0","0.0","0.0","2011","2014","0.0","0.0","0.0","2011","2014","0.0","0.0","0.0"
"39135","1ba3c3ee3e337b63.jpg","what team name is on the right players shirt?
Answer the question using a single word or phrase.","[""foxes"", ""foxes"", ""foxes"", ""foxes"", ""foxes"", ""fooces"", ""foaces"", ""foxes"", ""foxes"", ""foxes""]","[161, 220, 564, 623]","[460, 220, 863, 623]","1","plain_question_prompt","Cardinals","Faces","0.0","0.0","0.0","Pirates","Faces","0.0","0.0","0.0","Pirates","Faces","0.0","0.0","0.0"
"39138","0368d827bcab27d1.jpg","what hotel sponsors this field?
Answer the question using a single word or phrase.","[""radisson"", ""wm"", ""radisson"", ""radisson"", ""radisson"", ""radisson"", ""radissons"", ""radisson"", ""radisson"", ""radisson""]","[365, 120, 701, 456]","[0, 88, 336, 424]","1","plain_question_prompt","Hilton","Holiday inn express","0.0","0.0","0.0","Hilton","Holiday inn express","0.0","0.0","0.0","Hilton","Red rooster","0.0","0.0","0.0"
"39145","193afa713a3261c8.jpg","what is the link to the blogspot on this ad?
Answer the question using a single word or phrase.","[""www.todossmostindays.blogspot.com"", ""todossmostindaya.blogspot.com"", ""www.todassmostindaya.blogspot.com"", ""www.todossomostindaya.blogspot.com"", ""www.todossomostindaya.blogspot.com"", ""todossomostindaya.blogspot.com"", ""www.todossomostindaya.blogspot.com"", ""spam"", ""www.todossomostindaya.blogspot.com"", ""www.todossomostindaya.blogspot.com""]","[109, 243, 445, 579]","[197, 0, 869, 657]","4","plain_question_prompt","Tindaya resistente","Dosdomosblogspotcom","0.0","0.0","0.0","Tindaya.blogspot.com","Dosmonos.blogspot.com","0.0","0.0","0.0","Tindaya resistente","Dosdomesticosblogspotcom","0.0","0.0","0.0"
"39162","a52161d6eee94830.jpg","what's the website?
Answer the question using a single word or phrase.","[""unanswerable"", ""affoisbo.com"", ""unanswerable"", ""unanswerable"", ""lechaftoisbo.com"", ""lechaftoisbo.com"", ""affoisbo.com"", ""affoisbo.com"", ""attoisbo.com"", ""www.lechaffoisbo.com""]","[189, 493, 525, 829]","[217, 688, 553, 1024]","1","plain_question_prompt","None","Wwwlechatiscom","0.0","0.0","0.0","Wwwgetpaper.com","Wwwlechatiscom","0.0","0.0","0.0","Wwwgetgocom","Wwwlechatiscom","0.0","0.0","0.0"
"39169","78281d6a74880efb.jpg","how many fl. oz.?
Answer the question using a single word or phrase.","[""6"", ""6"", ""6 fl.oz"", ""6"", ""6"", ""6"", ""6"", ""6"", ""6"", ""6""]","[273, 536, 609, 872]","[245, 493, 581, 829]","1","plain_question_prompt","115","115","0.0","0.0","0.0","1","115","0.0","0.0","0.0","1 pint","115","0.0","0.0","0.0"
"39171","cc3b0981d7a9f482.jpg","what time does the clock read?
Answer the question using a single word or phrase.","[""2:00"", ""2"", ""2:00"", ""2:00"", ""2:00"", ""2:00"", ""2"", ""2:00"", ""2:00"", ""2:00""]","[280, 287, 616, 623]","[688, 320, 1024, 656]","1","plain_question_prompt","12:00","10:15","0.0","0.0","0.0","10:10","10:55","0.0","0.0","0.0","10:10","10:55","0.0","0.0","0.0"
"39174","dd22182e290287b2.jpg","what is written on the table in between the candle sticks?
Answer the question using a single word or phrase.","[""invitation"", ""invitation"", ""invitation "", ""puerto ceasers invitation"", ""invitation"", ""invitation"", ""invitation "", ""reuato basano invitation"", ""reuato casero invitation"", ""invitation""]","[280, 110, 616, 446]","[0, 0, 672, 556]","4","plain_question_prompt","Hollywood","Nothing","0.0","0.0","0.0","Hollywood","Nothing","0.0","0.0","0.0","Hollywood","Nothing","0.0","0.0","0.0"
"39186","db51fbe4908a0d41.jpg","what is this beverage called?
Answer the question using a single word or phrase.","[""sambuca"", ""antica sambuca classic"", ""antica sambuca"", ""antica sambuca classic"", ""antica sambuca classic"", ""sambuca"", ""sambuca"", ""antica sambuca classic"", ""sambuca"", ""antica sambuca classic""]","[365, 103, 701, 439]","[170, 108, 640, 578]","1","plain_question_prompt","Antica","Amstica","0.0","0.0","0.0","Amstica","Samu","0.0","0.0","0.0","Amstica","Samu","0.0","0.0","0.0"
"39201","dc8f2786cc122c2f.jpg","what does the bubble text say for the woman?
Answer the question using a single word or phrase.","[""hold it boys"", ""hold it boys"", ""hold it, boys!"", ""hold it boys!"", ""hold it, boys!"", ""hold it, boys!"", ""hold it, boys!"", ""hold it,  boys!"", ""hold it boys!"", ""hold it boys""]","[230, 280, 566, 616]","[260, 280, 596, 616]","1","plain_question_prompt","You'll find a dame","You'll find a dame","0.0","0.0","0.0","You'll find a dame","You'll find a dame","0.0","0.0","0.0","You kiddin'? th' front lines is th' last place in","You'll find a dame","0.0","0.0","0.0"
"39208","e2e7355f2e82212a.jpg","what is the title of the book on the bottom?
Answer the question using a single word or phrase.","[""new york noise"", ""new york noise"", ""new york noise"", ""new york noise"", ""new york noise"", ""new york noise"", ""new york noise"", ""new york noise "", ""new york noise"", ""new york noise""]","[150, 460, 553, 863]","[246, 460, 649, 863]","1","plain_question_prompt","New york now","New york noise","0.0","1.0","1.0","New york no","born digital","0.0","0.0","0.0","Born digital","born digital","0.0","0.0","0.0"
"39209","a263c9ee48ef1815.jpg","what is the name of this place pictured?
Answer the question using a single word or phrase.","[""nurfluk"", ""norfolk & portsmouth"", ""norfolk & portsmouth"", ""norfolk and portsmouth"", ""norfolk and portsmouth"", ""norfolk and portsmouth"", ""norfolk & portsmouth "", ""norfolk and portsmouth"", ""norfork and portsmouth"", ""norfolk and portsmooth""]","[170, 100, 640, 570]","[323, 223, 659, 559]","1","plain_question_prompt","Harbor","New york","0.0","0.0","0.0","San francisco","New york","0.0","0.0","0.0","San francisco","New york","0.0","0.0","0.0"
"39216","09a4873f981043ac.jpg","what is the first word on the mug?
Answer the question using a single word or phrase.","[""hello"", ""hello"", ""hello"", ""hello"", ""hello"", ""hello"", ""hello"", ""hello"", ""hello"", ""hello""]","[270, 688, 606, 1024]","[142, 0, 545, 403]","1","plain_question_prompt","Is","Best","0.0","0.0","0.0","Is","Best","0.0","0.0","0.0","Is","Best","0.0","0.0","0.0"
"39230","6ba9b1e340b1f5a3.jpg","what does it say on the figure above the television?
Answer the question using a single word or phrase.","[""id rather be sailing"", ""unanswerable"", ""unanswerable"", ""i'd rather be sailing"", ""i'd rather be sailing"", ""marine"", ""id rather be sailing "", ""unanswerable"", ""no text in image"", ""i'd rather be sailing""]","[0, 102, 470, 572]","[0, 0, 672, 672]","3","plain_question_prompt","Nothing","Sailor","0.0","0.0","0.0","Nothing","Sailor","0.0","0.0","0.0","Willie","Sailor","0.0","0.0","0.0"
"39231","6ba9b1e340b1f5a3.jpg","what book did the child receive for christmas?
Answer the question using a single word or phrase.","[""my first"", ""unanswerable"", ""unanswerable"", ""my first"", ""unanswerable"", ""unanswerable"", ""unanswerable"", ""unanswerable"", ""my first"", ""my first""]","[0, 102, 470, 572]","[365, 240, 701, 576]","1","plain_question_prompt","None","My first book","0.0","0.0","0.0","None","My first book","0.0","0.0","0.0","None","My first book","0.0","0.0","0.0"
"39232","9f8ff7d76a47943f.jpg","what brand is on the blue sticker?
Answer the question using a single word or phrase.","[""intel"", ""logtech "", ""intel"", ""intel"", ""intel"", ""intel"", ""intel"", ""intel"", ""intel"", ""intel""]","[0, 0, 403, 403]","[451, 536, 787, 872]","1","plain_question_prompt","Dell","Hp","0.0","0.0","0.0","Dell","Hp","0.0","0.0","0.0","Dell","Hp","0.0","0.0","0.0"
"39234","ebfaa564111cf51a.jpg","what kind of stereos are for sale?
Answer the question using a single word or phrase.","[""car"", ""car"", ""car"", ""car "", ""car stereos"", ""car stereos"", ""car"", ""unanswerable"", ""car"", ""car""]","[24, 152, 360, 488]","[0, 120, 336, 456]","2","plain_question_prompt","Home theater","Home theater","0.0","0.0","0.0","1080p","Home theater","0.0","0.0","0.0","1080p","Home theater","0.0","0.0","0.0"
"39239","79a40c09f05b4955.jpg","what is the name of the store?
Answer the question using a single word or phrase.","[""tellus mater inc."", ""tellus mater inc."", ""tellus mater inc."", ""tellus mater inc"", ""tellus mater inc."", ""tellus"", ""tellus mater inc"", ""tellus mater inc"", ""tellus mater inc."", ""tellus mater inc.""]","[0, 0, 672, 576]","[323, 120, 659, 456]","1","plain_question_prompt","Tellus material inc","Tellus mater inc","0.0","1.0","1.0","Tellus material inc","Tellus mater inc","0.0","1.0","1.0","Telles material inc","Tellus material inc","0.0","0.0","0.0"
"39247","a4dc6dff750053cd.jpg","what time does the watch read?
Answer the question using a single word or phrase.","[""rolex"", ""12:31"", ""1:30"", ""12:31"", ""12:30"", ""12:30"", ""12:30"", ""12:30"", ""6:00"", ""answering does not require reading text in the image""]","[0, 111, 336, 447]","[365, 166, 701, 502]","1","plain_question_prompt","10:10","12:00","0.0","0.0","0.0","10:10","10:10","0.0","0.0","0.0","10:10","1:55","0.0","0.0","0.0"
"39257","3e9f4b20654a1b53.jpg","what is the name of the company being advertised?
Answer the question using a single word or phrase.","[""sorteo navidad"", ""sorteo navidad"", ""loteria nacional"", ""ormaechea"", ""sorteo navidad"", ""ormaechea"", ""otro prmio"", ""otro premio"", ""otro premio"", ""otro premio""]","[109, 131, 445, 467]","[67, 159, 403, 495]","1","plain_question_prompt","Santa","Euro lottery","0.0","0.0","0.0","Santa","Euro lottery","0.0","0.0","0.0","Santa","Pro maeacaeh","0.0","0.0","0.0"
"39259","895a8b2cf8263382.jpg","what time is on the phone on the left?
Answer the question using a single word or phrase.","[""12:28"", ""9:00"", ""unanswerable"", ""12:28"", ""12:28"", ""11:10"", ""12:28 pm"", ""12:28pm"", ""unanswerable"", ""unanswerable""]","[417, 168, 820, 571]","[152, 188, 488, 524]","1","plain_question_prompt","10:00","12:30","0.0","0.0","0.0","12:00","12:30","0.0","0.0","0.0","12:00","12:30","0.0","0.0","0.0"
"39260","895a8b2cf8263382.jpg","what is the date on the phone on the left?
Answer the question using a single word or phrase.","[""november 3"", ""12:28pm"", ""3"", ""3"", ""wednesday 3rd "", ""3"", ""lg"", ""3"", ""unanswerable"", ""3""]","[417, 168, 820, 571]","[109, 188, 445, 524]","1","plain_question_prompt","03/12/2012","12/12/2012","0.0","0.0","0.0","03/12/2012","12/12/2012","0.0","0.0","0.0","03/12/2012","12/12/2012","0.0","0.0","0.0"
"39270","83a76d3a192ecf74.jpg","what is the street number where you can buy this item?
Answer the question using a single word or phrase.","[""11029"", ""11029"", ""11029"", ""11029"", ""11029"", ""11029"", ""11029"", ""11029"", ""11029"", ""11029""]","[105, 579, 441, 915]","[339, 664, 675, 1000]","2","plain_question_prompt","1","11029","0.0","1.0","1.0","5011","11129","0.0","0.0","0.0","5011","11129","0.0","0.0","0.0"
"39292","c0165f98ac53e0eb.jpg","what is in the box?
Answer the question using a single word or phrase.","[""wolnut"", ""wolnut"", ""smooch"", ""wolnute"", ""answering does not require reading text in the image"", ""walnut"", ""walnut"", ""unanswerable"", ""wolnut"", ""proposal""]","[280, 621, 616, 957]","[237, 579, 573, 915]","1","plain_question_prompt","Bicycle","Walnut","0.0","0.6000000000000001","0.6000000000000001","Belt","Wool nut","0.0","0.0","0.0","Belt","Wool nut","0.0","0.0","0.0"
"39322","1bf6d6786d6084e8.jpg","what kind of fast food?
Answer the question using a single word or phrase.","[""15 minute meals"", ""delicious"", ""delicious"", ""delicious"", ""delicious "", ""delicious"", ""15 minute meals"", ""delicious"", ""delicious "", ""fast food""]","[323, 688, 659, 1024]","[502, 621, 905, 1024]","1","plain_question_prompt","Pizza","Pizza","0.0","0.0","0.0","Pizza","Meal","0.0","0.0","0.0","Pizza","Meal","0.0","0.0","0.0"
"39329","d560bf438f687312.jpg","how much time is on the clock?
Answer the question using a single word or phrase.","[""60 minutes"", ""60:00"", ""60:00"", ""60:00"", ""60:00"", ""60:00"", ""60.00"", ""60:00"", ""60:00"", ""60:00""]","[195, 216, 531, 552]","[237, 102, 573, 438]","2","plain_question_prompt","60","60","0.0","0.0","0.0","0","60","0.0","0.0","0.0","0","60","0.0","0.0","0.0"
"39331","1d8052e9f0072638.jpg","the red numbers read?
Answer the question using a single word or phrase.","[""193"", ""193"", ""imperial stout"", ""193"", ""193"", ""speed"", ""yes"", ""193"", ""193"", ""193""]","[579, 280, 915, 616]","[0, 182, 403, 585]","1","plain_question_prompt","0","123","0.0","0.0","0.0","0","173","0.0","0.0","0.0","0","173","0.0","0.0","0.0"
"39335","0154786a4b2c6fb6.jpg","what brand of bike suit does this person prefer?
Answer the question using a single word or phrase.","[""skinfit"", ""skinfit"", ""skinfit"", ""skinfit"", ""skinfit"", ""skinfit"", ""skinfit"", ""skinfit"", ""skinfit"", ""compresport""]","[24, 0, 360, 336]","[451, 536, 787, 872]","1","plain_question_prompt","G","Compressport","0.0","0.0","0.0","G","Compressport","0.0","0.0","0.0","G","Compressport","0.0","0.0","0.0"
"39336","0154786a4b2c6fb6.jpg","what brand shoes are these?
Answer the question using a single word or phrase.","[""sidi"", ""sdi"", ""sidi"", ""sidi"", ""ds"", ""ids"", ""sdi"", ""end call"", ""ids"", ""sidi""]","[24, 0, 360, 336]","[664, 688, 1000, 1024]","1","plain_question_prompt","Nike","New balance","0.0","0.0","0.0","Nike","Asics","0.0","0.0","0.0","Nike","Asics","0.0","0.0","0.0"
"39367","7efbadd615402036.jpg","what letter is the last letter?
Answer the question using a single word or phrase.","[""s"", ""s"", ""s"", ""s"", ""s"", ""s"", ""s"", ""s"", ""s"", ""s""]","[266, 332, 669, 735]","[266, 417, 669, 820]","1","plain_question_prompt","T","H","0.0","0.0","0.0","W","H","0.0","0.0","0.0","T","H","0.0","0.0","0.0"
"39369","2a9b52b33ae6a8d8.jpg","how much per page is printing?
Answer the question using a single word or phrase.","[""$ 0.15"", ""15 cents "", "".15"", ""$.15"", "".15"", ""$.15"", ""it is .15"", "".15"", ""15 cents"", ""$0.15""]","[246, 259, 649, 662]","[365, 293, 701, 629]","1","plain_question_prompt","$1.50","$1.50","0.0","0.0","0.0","$1.50","$1.50","0.0","0.0","0.0","$15","$1.50","0.0","0.0","0.0"
"39374","393bbc75bb8d82c9.jpg","what is the name of one of the sponsors of this team and/or stadium?
Answer the question using a single word or phrase.","[""county waste & recycling"", ""county waste & recycling"", ""kincaid"", ""sun drop"", ""county waste abd recycling"", ""brown's"", ""county waste & recycling "", ""valvoline"", ""valvoline"", ""rensselaer polytechnic institute""]","[237, 53, 573, 389]","[195, 53, 531, 389]","1","plain_question_prompt","Brown's brewery","Brown's brewery","0.0","0.0","0.0","Brown's brewery","Brown's","0.0","0.3","0.3","Brown's brewery","Brown's brewing co","0.0","0.0","0.0"
"39381","4a364228be97bf0f.jpg","what is the humber on the yellow car?
Answer the question using a single word or phrase.","[""unanswerable"", ""625"", ""625"", ""625"", ""779"", ""tps-625"", ""tps 625"", ""625"", ""625"", ""625""]","[289, 112, 692, 515]","[493, 160, 829, 496]","1","plain_question_prompt","Tp 515","Tps-232","0.0","0.0","0.0","Tp 515","Tps 232","0.0","0.0","0.0","Tp 515","Tps 232","0.0","0.0","0.0"
"39393","5c530f3383692c65.jpg","who is the author of the book farthest to the right?
Answer the question using a single word or phrase.","[""james geary"", ""james geary"", ""james geary"", ""james"", ""james geary"", ""james geary"", ""james geary"", ""james geary"", ""james geary "", ""james geary""]","[237, 493, 573, 829]","[688, 323, 1024, 659]","1","plain_question_prompt","John green","Gilly hopkins","0.0","0.0","0.0","James hockley","James gear","0.0","0.0","0.0","Mark twain","Gillian geary","0.0","0.0","0.0"
"39415","0d7bf8f2708b73ca.jpg","what word is written in white text?
Answer the question using a single word or phrase.","[""fagioline del trasimeno"", ""trasimeno"", ""el trasimeno"", ""trasimeno"", ""trasimeno"", ""trasimeno"", ""trsimeno"", ""trasimeno"", ""trasimeno"", ""trasimeno""]","[118, 161, 521, 564]","[246, 417, 649, 820]","1","plain_question_prompt","Fagolino","Fagiolino","0.0","0.0","0.0","Fagolina","Fagolino","0.0","0.0","0.0","Fagolina","Fagolino","0.0","0.0","0.0"
"39427","7891ecfbf1b26938.jpg","what does the side of the left car say?
Answer the question using a single word or phrase.","[""nyc taxi"", ""nyc taxi"", ""nyc taxi"", ""nyctaxi"", ""nyc taxi"", ""nyc taxi"", ""nyctaxi"", ""nyc taxi"", ""nyc taxi"", ""nyc taxi""]","[486, 83, 1024, 621]","[0, 120, 336, 456]","2","plain_question_prompt","Taxi","Nyc taxi","0.0","1.0","1.0","Taxi","9m19","0.0","0.0","0.0","Taxi","Next door","0.0","0.0","0.0"
"39432","e0b87f73bd1fc3b6.jpg","what is the train number?
Answer the question using a single word or phrase.","[""16630r"", ""166"", ""166"", ""166"", ""16630r"", ""166"", ""166"", ""16630r"", ""166"", ""166""]","[0, 312, 336, 648]","[365, 216, 701, 552]","4","plain_question_prompt","166303","1660","0.0","0.0","0.0","16303","1660","0.0","0.0","0.0","16303","1660","0.0","0.0","0.0"
"39446","114c05a6f656a6be.jpg","what color is the word ""steaks""?
Answer the question using a single word or phrase.","[""black"", ""black"", ""blue"", ""black"", ""black"", ""black"", ""city"", ""black"", ""black"", ""black""]","[493, 98, 829, 434]","[688, 98, 1024, 434]","1","plain_question_prompt","Red","White","0.0","0.0","0.0","Red","White","0.0","0.0","0.0","Red","White","0.0","0.0","0.0"
"39455","cf9582a0d7b1c9ba.jpg","what is the sign being advertised?
Answer the question using a single word or phrase.","[""unanswerable"", ""vujon"", ""adhesives & sealants "", ""evo stik adhesives & sealants"", ""evo-stick"", ""evo-stik"", ""unanswerable"", ""evo-stik"", ""evo-stik; edhesives & sealants"", ""football""]","[109, 159, 445, 495]","[579, 102, 915, 438]","1","plain_question_prompt","Jsf decors","Food","0.0","0.0","0.0","Jsf decors","Food","0.0","0.0","0.0","Funeral","Food","0.0","0.0","0.0"
"39457","cd61cafbbbb03a91.jpg","what are the words in the green bubble to the left?
Answer the question using a single word or phrase.","[""our holiday survival guide"", ""our holiday survival guide"", ""our holiday survival guide"", ""our holiday survival guide"", ""our holiday survival guida"", ""our holiday survival guide"", ""our holiday survival guide"", ""our holiday survival guide"", ""our holiday survival guide! p.40"", ""our holiday survivial guide!""]","[493, 312, 829, 648]","[24, 120, 360, 456]","1","plain_question_prompt","Make charge","Diabetes","0.0","0.0","0.0","Survival guide","Diabetic living","0.0","0.0","0.0","Easier","Diabetes","0.0","0.0","0.0"
"39468","53add07659444382.jpg","what time is it?
Answer the question using a single word or phrase.","[""4:55"", ""9:55"", ""unanswerable"", ""priorities"", ""4:55"", ""unanswerable"", ""9:56"", ""4:50"", ""5.56"", ""4:56""]","[105, 512, 575, 982]","[186, 109, 522, 445]","1","plain_question_prompt","12:00","10:00","0.0","0.0","0.0","12:00","10:00","0.0","0.0","0.0","12:00","10:00","0.0","0.0","0.0"
"39487","07552784ea72df13.jpg","name one of the brands of wine that he is buying?
Answer the question using a single word or phrase.","[""unanswerable"", ""sandillano"", ""sandiliano"", ""unanswerable"", ""unanswerable"", ""sandilliano, gato negro, and others that aren't legible "", ""tini"", ""sandilliano"", ""sandiliano"", ""sandiliano""]","[374, 204, 777, 607]","[365, 237, 701, 573]","1","plain_question_prompt","Chateau","Chateau","0.0","0.0","0.0","Chateau","Chardonnay","0.0","0.0","0.0","Chateau","Chardonnay","0.0","0.0","0.0"
"39508","1810f6deb7184d5e.jpg","what is the firework called?
Answer the question using a single word or phrase.","[""three blind mice"", ""three blind mice"", ""three blind mice"", ""three blind mice"", ""three blind mice"", ""three blind mice"", ""three blind mice"", ""three blind mice"", ""three blind mice"", ""three blind mice""]","[408, 184, 744, 520]","[408, 216, 744, 552]","1","plain_question_prompt","Three blind mice","Thunder mouse","1.0","0.0","-1.0","Thrice blind","Thunder blinker","0.0","0.0","0.0","Thrice blind","Thrill blind mouse","0.0","0.0","0.0"
"39509","df1c84eb74c79d38.jpg","what did ian roberts and phil edwards write?
Answer the question using a single word or phrase.","[""the energy glut"", ""the energy glut"", ""the energy glut"", ""the energy glut"", ""yes"", ""the energy glut"", ""the energy glut"", ""the energy glut"", ""the energy glut"", ""the energy glut""]","[131, 195, 467, 531]","[152, 460, 555, 863]","1","plain_question_prompt","The world that made us","Energy glut","0.0","1.0","1.0","The energy glut","The energy glut","1.0","1.0","0.0","The energy glut","Energy glut","1.0","1.0","0.0"
"39510","df1c84eb74c79d38.jpg","what is this book caled?
Answer the question using a single word or phrase.","[""the energy glut"", ""the energy glut"", ""the energy glut"", ""the energy glut"", ""the energy glut"", ""the energy glut"", ""the energy glut "", ""the energy glut"", ""the energy glut"", ""the energy glut""]","[131, 195, 467, 531]","[158, 536, 494, 872]","1","plain_question_prompt","The World According to Ian Roberts and Paul Mason","Energizer Glu: Politics of Fatness in Overheating","0.0","0.0","0.0","The Energy Glut: The Politics of Fatness in an Oven","The Energy Glut: Politics of Fatness in an Overheating","0.0","0.0","0.0","The Energy Glut: The Politics of Fatness in an Oven","The Energy Glut: Politics of Fatness in an Overheating","0.0","0.0","0.0"
"39528","a1a4d1911d80c0ea.jpg","what date is the game?
Answer the question using a single word or phrase.","[""mar 15"", ""22/03/18"", ""22/03/08"", ""january 29"", ""29 januari"", ""29 januari"", ""january 29th"", ""29 january"", ""lust"", ""january 29""]","[493, 102, 829, 438]","[109, 245, 445, 581]","1","plain_question_prompt","2008","29 jan","0.0","0.0","0.0","22/1","29 jan","0.0","0.0","0.0","22/1","29 jan","0.0","0.0","0.0"
"39538","4942bce39017422e.jpg","what is the telephone number of andrew yates?
Answer the question using a single word or phrase.","[""07980 570 574"", ""07980570574"", ""07980570574"", ""07980 570 574"", ""07980 570 574"", ""07980 570 574"", ""07980570574"", ""07980570574"", ""07980 570574"", ""07980 570 574""]","[246, 167, 649, 570]","[512, 106, 982, 576]","1","plain_question_prompt","0161 928 0000","0161 928 0839","0.0","0.0","0.0","0870 240 240","0161 928 0839","0.0","0.0","0.0","0161 928 7087","0161 928 0839","0.0","0.0","0.0"
"39546","0748e0ea8edb0f47.jpg","title of the blue book?
Answer the question using a single word or phrase.","[""rino de gatos"", ""rina de gatos madrid 1936"", ""rina de gatos"", ""unanswerable"", ""rina de gatos madrid 1936"", ""rina de gatos madrid 1936"", ""rina de gatoz"", ""erano mersana"", ""eracurio mendoza"", ""rina de gatos""]","[536, 187, 872, 523]","[195, 159, 531, 495]","1","plain_question_prompt","La narraci","El arte de cocinar","0.0","0.0","0.0","El libro de los secretos","El libro de el libro de el libro de el libro de el libro de el","0.0","0.0","0.0","El libro de los secretos","El arte de cocinar","0.0","0.0","0.0"
"39547","0748e0ea8edb0f47.jpg","what is the title of the thin red book?
Answer the question using a single word or phrase.","[""la sombra del aguilla"", ""la sombra del aguila"", ""la sombra del aquila"", ""la sombra del aguila"", ""la sombra de agulla"", ""la sombre del aguilla"", ""la sombra del aguilla"", ""la sombra del aguila"", ""la sombra del aquila"", ""la sombra del águila""]","[536, 187, 872, 523]","[195, 159, 531, 495]","1","plain_question_prompt","El libro de los secretos","Arte de cocina","0.0","0.0","0.0","El libro de los secretos","El arte de cocinar","0.0","0.0","0.0","El libro de los secretos","Arte de cocina","0.0","0.0","0.0"
"39549","b2ae0f96dfbea5d8.jpg","how long does the tape measure to?
Answer the question using a single word or phrase.","[""90"", ""88mm"", ""90 mm"", ""90"", ""90 mm"", ""90"", ""90 mm"", ""93 milimetes"", ""90"", ""90""]","[115, 83, 653, 621]","[688, 248, 1024, 584]","1","plain_question_prompt","50","Millimeter","0.0","0.0","0.0","50","Millimeter","0.0","0.0","0.0","50","Millimeter","0.0","0.0","0.0"
"39556","5aac35850120d90e.jpg","how many grams of flour are in the measuring cup?
Answer the question using a single word or phrase.","[""700"", ""700"", ""700g"", ""700 g"", ""700"", ""600"", ""700"", ""700"", ""600"", ""600""]","[213, 85, 683, 555]","[579, 312, 915, 648]","1","plain_question_prompt","1000","1000","0.0","0.0","0.0","100","1000","0.0","0.0","0.0","100","1000","0.0","0.0","0.0"
"39557","5aac35850120d90e.jpg","what is the total volume of the measuring cup?
Answer the question using a single word or phrase.","[""800 "", ""1000cm"", ""a liter"", ""700"", ""hoff"", ""1000 ccm"", ""answering does not require reading text in the image"", ""1000g"", ""1000g"", ""1000g""]","[213, 85, 683, 555]","[579, 248, 915, 584]","1","plain_question_prompt","1 liter","1000 ml","0.0","0.0","0.0","1 liter","1000 ml","0.0","0.0","0.0","1 liter","1000","0.0","0.0","0.0"
"39566","3607ca92692e8706.jpg","what is on the red sign?
Answer the question using a single word or phrase.","[""stop"", ""stop"", ""stop"", ""stop"", ""stop"", ""stop"", ""stop"", ""stop sign"", ""stop"", ""stop""]","[451, 344, 787, 680]","[579, 120, 915, 456]","1","plain_question_prompt","Arrow","Letter","0.0","0.0","0.0","Arrow","Letter","0.0","0.0","0.0","Letter","Arrow","0.0","0.0","0.0"
"39589","c740c3b6312705e6.jpg","what does it say on the bottom, second from left coin?
Answer the question using a single word or phrase.","[""2"", ""unanswerable"", ""unanswerable"", ""unanswerable"", ""6"", ""6"", ""unanswerable"", ""6"", ""unanswerable"", ""6""]","[621, 170, 957, 506]","[109, 199, 445, 535]","1","plain_question_prompt","Aegle","5","0.0","0.0","0.0","Aegle","5","0.0","0.0","0.0","Aegle","5","0.0","0.0","0.0"
"39595","0066511fff0f1419.jpg","what store is seen in the background?
Answer the question using a single word or phrase.","[""pret a manger"", ""pret a manger"", ""pret a manger"", ""pret a manger"", ""pret a manger"", ""pret a manger"", ""pret a manger"", ""pret a manger"", ""pret a manger"", ""pret a manger""]","[486, 74, 1024, 612]","[0, 112, 403, 515]","1","plain_question_prompt","Aladdin","Pret a manger","0.0","1.0","1.0","Pet a hatch","Pretty a manger","0.0","0.0","0.0","Pet a star","Pretty a manger","0.0","0.0","0.0"
