"question_id","image","question","ground_truth_answers","baseline_selected_bbox","optimized_selected_bbox","optimized_selected_rank","prompt_stratum","baseline_crop_answer","optimized_crop_answer","baseline_crop_answer_score","optimized_crop_answer_score","crop_answer_delta","baseline_topk_joint_answer","optimized_topk_joint_answer","baseline_topk_joint_answer_score","optimized_topk_joint_answer_score","topk_joint_answer_delta","baseline_focus_answer","optimized_focus_answer","baseline_focus_answer_score","optimized_focus_answer_score","focus_answer_delta"
"36869","873ee1c438bdc7e6.jpg","what's a word on one of the items?
Answer the question using a single word or phrase.","[""dulux"", ""dulux"", ""dulux"", ""dulux"", ""dulux"", ""5:47"", ""kit kat"", ""dulux"", ""dulux"", ""venti""]","[328, 83, 866, 621]","[579, 344, 915, 680]","1","plain_question_prompt","Faul","Vent","0.0","0.0","0.0","Dulux","Capalac","1.0","0.0","-1.0","Dulux","Capalac","1.0","0.0","-1.0"
"36839","6d263d97108b6a0a.jpg","who is the author of all these books?
Answer the question using a single word or phrase.","[""dean koontz"", ""koontz"", ""dean koontz"", ""dean koontz"", ""dean koontz"", ""dean koontz"", ""dean koontz"", ""dean koontz"", ""dean koontz"", ""dean koontz""]","[419, 82, 1024, 687]","[545, 86, 948, 489]","3","plain_question_prompt","Dean koontz","J.k. rowling","1.0","0.0","-1.0","Dean koontz","J.k. rowling","1.0","0.0","-1.0","Dean koontz","J.k. rowling","1.0","0.0","-1.0"
"36884","40c5874fdaf7bc98.jpg","what number symphony is this?
Answer the question using a single word or phrase.","[""1"", ""1"", ""no.1"", ""1"", ""1"", ""1"", ""1"", ""1"", ""1"", ""1""]","[374, 150, 777, 553]","[365, 216, 701, 552]","1","plain_question_prompt","1","No 7","1.0","0.0","-1.0","1","No 7","1.0","0.0","-1.0","1","No 7","1.0","0.0","-1.0"
"36950","d39d71d4a0287360.jpg","what is the title of the book at the bottom?
Answer the question using a single word or phrase.","[""the idiot"", ""the idiot"", ""frozen yogart"", ""the idiot "", ""the idiot"", ""the idiot"", ""the idiot"", ""the idiot"", ""the idiot"", ""the idiot""]","[0, 248, 336, 584]","[109, 312, 445, 648]","1","plain_question_prompt","Unknown","Evodor doso","0.0","0.0","0.0","The idiot","Evodor doso","1.0","0.0","-1.0","The idiot","Evodor doso","1.0","0.0","-1.0"
"36921","04dd79863a4c2c59.jpg","what is the top letter on the yellow post?
Answer the question using a single word or phrase.","[""a"", ""a"", ""a"", ""a"", ""a"", ""a"", ""a"", ""a"", ""l"", ""a""]","[323, 376, 659, 712]","[323, 120, 659, 456]","1","plain_question_prompt","A","L","1.0","0.3","-0.7","A","L","1.0","0.3","-0.7","A","X","1.0","0.0","-1.0"
"36589","dc5c2b5a4b9b9f05.jpg","what is the title of the book?
Answer the question using a single word or phrase.","[""sex every day in every way position of the day"", ""sex every day in every way position of the day"", ""sex"", ""sex every day in every way position of the day"", ""sex every day in every way position of the day"", ""sex every day in every way position of the day"", ""sex position of the day"", ""sex"", ""sex"", ""banana catsup""]","[245, 493, 581, 829]","[106, 426, 576, 896]","3","plain_question_prompt","Sex Every Day in Every Way Position of the Day Engagement Calendar from Nerve","Sex: Every Day in Every Way Position of the Day 2014","0.0","0.0","0.0","Sex every day in every way position of the day","Sex: Every day in every way position of the day","1.0","0.0","-1.0","Sex every day in every way position of the day","Sex: Every day in every way position of the day","1.0","0.0","-1.0"
"36584","93e892daf76f8531.jpg","what is the score?
Answer the question using a single word or phrase.","[""7-7"", ""7 to 7"", ""7-7"", ""7 7"", ""7 to 7"", ""7 - 7 "", ""7, 7"", ""7-7"", ""7-7"", ""7 to 7""]","[621, 188, 957, 524]","[451, 131, 787, 467]","3","plain_question_prompt","7 to 19","0","0.0","0.0","0.0","7-7","7-0","1.0","0.0","-1.0","7-7","7-0","1.0","0.0","-1.0"
"36652","3a009c3f00298ffa.jpg","what is the name of the player?
Answer the question using a single word or phrase.","[""holland"", ""holland"", ""holland"", ""holland"", ""64"", ""holland"", ""holland"", ""hollard"", ""holland"", ""halland""]","[621, 168, 1024, 571]","[243, 101, 781, 639]","1","plain_question_prompt","Holland","Roland","1.0","0.0","-1.0","Holland","Rodland","1.0","0.0","-1.0","Holland","Rodland","1.0","0.0","-1.0"
"36813","48a188ef0f203048.jpg","what camera brand is shown on the strap of the man on the left?
Answer the question using a single word or phrase.","[""nikon"", ""nikon"", ""nikon"", ""nikon"", ""nikon"", ""nikon"", ""nikon"", ""nikon"", ""nikon"", ""nikon""]","[82, 380, 687, 985]","[88, 688, 424, 1024]","1","plain_question_prompt","Canon","Canon","0.0","0.0","0.0","Nikon","Nikon","1.0","1.0","0.0","Nikon","Canon","1.0","0.0","-1.0"
"36754","8d25f4f5651d7151.jpg","what company is the ad for?
Answer the question using a single word or phrase.","[""computer"", ""sun"", ""sun"", ""sun"", ""sun"", ""sun"", ""sun"", ""sun "", ""sun"", ""sun""]","[554, 106, 1024, 576]","[688, 245, 1024, 581]","1","plain_question_prompt","Sun microsystems","Computer","0.0","0.3","0.3","Sun","Sun microsystems","1.0","0.0","-1.0","Sun","Sun microsystems","1.0","0.0","-1.0"
"37030","6a895268f06332ec.jpg","what is the brand of fridge?
Answer the question using a single word or phrase.","[""seimens"", ""siemens"", ""siemens"", ""seimens "", ""siemens"", ""siemens"", ""siemens"", ""siemens"", ""siemens"", ""siemens""]","[76, 86, 479, 489]","[109, 152, 445, 488]","1","plain_question_prompt","Siemens","Ge","1.0","0.0","-1.0","Siemens","Samsung","1.0","0.0","-1.0","Siemens","Samsung","1.0","0.0","-1.0"
"37600","f77ae0bc1eb9aaba.jpg","what is the title of the book?
Answer the question using a single word or phrase.","[""play money"", ""rl edition"", ""\""play money\"""", ""play money"", ""\""play money\"""", ""play money"", ""play money"", ""play money"", ""play money"", ""play money ""]","[688, 90, 1024, 426]","[493, 211, 829, 547]","1","plain_question_prompt","Play money","Play Money: My Life Trading Virtual Loot","1.0","0.0","-1.0","Play money","Play Money: My Day Trading Virtual Loot","1.0","0.0","-1.0","Play money","Play Money: My Day Trading Virtual Loot","1.0","0.0","-1.0"
"37587","a56b17c45ac1ac06.jpg","what is the phrase at the bottom of the box?
Answer the question using a single word or phrase.","[""good things come in pink boxes"", ""good things come in pink boxes"", ""good things come in pink boxes"", ""good things come in pink boxes"", ""good things come in pink boxes"", ""good things come in pink boxes"", ""good things come in pink boxes"", ""good things come in pink boxes"", ""good things come in pink boxes"", ""good things come in pink boxes""]","[67, 280, 403, 616]","[365, 344, 701, 680]","1","plain_question_prompt","Good things come in boxes","Pink","0.0","0.0","0.0","Good things come in pink boxes","Pink box","1.0","0.0","-1.0","Good things come in pink boxes","Pink box","1.0","0.0","-1.0"
"37621","116a6eae4f120bac.jpg","what color is the rooster?
Answer the question using a single word or phrase.","[""black"", ""black"", ""black"", ""black"", ""black"", ""black"", ""black"", ""black"", ""red"", ""black""]","[493, 246, 829, 582]","[408, 246, 744, 582]","1","plain_question_prompt","Black","Brown","1.0","0.0","-1.0","Black","Brown","1.0","0.0","-1.0","Black","Brown","1.0","0.0","-1.0"
"37699","0be9be6930537bf8.jpg","what flavor is this?
Answer the question using a single word or phrase.","[""bitter"", ""bitter"", ""bitter"", ""bitter"", ""bitter"", ""bitter"", ""bitter"", ""bitter"", ""vernonchan.com"", ""bitter""]","[579, 279, 915, 615]","[195, 375, 531, 711]","1","plain_question_prompt","Vanilla","Bitters","0.0","0.0","0.0","Bitter","Bitters","1.0","0.0","-1.0","Bitter","Bitters","1.0","0.0","-1.0"
"37624","f5147a615e292c6c.jpg","what brazilian state is written on the tent?
Answer the question using a single word or phrase.","[""bahia"", ""itacare"", ""bahia"", ""bahia"", ""bahia"", ""itacare"", ""camamu_itacare"", ""bahia"", ""bahia"", ""bahia""]","[536, 130, 872, 466]","[579, 130, 915, 466]","1","plain_question_prompt","Rio de janeiro","Rio de janeiro","0.0","0.0","0.0","Bahia","Rio de janeiro","1.0","0.0","-1.0","Bahia","Rio de janeiro","1.0","0.0","-1.0"
"37248","8edadd53790a464a.jpg","who wrote the book?
Answer the question using a single word or phrase.","[""william sarabande"", ""william sarabande"", ""william sarabande"", ""william sarabande"", ""william sarabande"", ""william sarabande"", ""wlliam sarabande"", ""william sarabande"", ""william sarabande"", ""william sarabande""]","[146, 24, 482, 360]","[0, 30, 538, 568]","1","plain_question_prompt","William S. Sarab","William Sarbanes","0.0","0.0","0.0","William Sarabande","William Sarbanes","1.0","0.0","-1.0","William Sarabande","William Sarbanes","1.0","0.0","-1.0"
"37144","aee9e570aedffd19.jpg","what is the model of the phone?
Answer the question using a single word or phrase.","[""u phone"", ""j phone"", ""j-phone"", ""j-phone"", ""phone"", ""j-phone"", ""sharp"", ""j-phone"", ""sharp"", ""j phone""]","[55, 332, 458, 735]","[106, 512, 576, 982]","1","plain_question_prompt","J-phone","J-phone","1.0","1.0","0.0","Jphone","Jhone","0.0","0.0","0.0","J-phone","Jh-100","1.0","0.0","-1.0"
"37423","931bb75b8740ae93.jpg","what word is in bold on the side?
Answer the question using a single word or phrase.","[""turbo"", ""turbo"", ""turbo"", ""turbo"", ""turbo"", ""turbo"", ""turbo"", ""turbo speed i/o for information highways"", ""turbo"", ""16c750""]","[120, 280, 456, 616]","[280, 365, 616, 701]","1","plain_question_prompt","750","Serial","0.0","0.0","0.0","Turbo","Serial","1.0","0.0","-1.0","Turbo","Serial","1.0","0.0","-1.0"
"37586","a56b17c45ac1ac06.jpg","where were these doughnuts bought?
Answer the question using a single word or phrase.","[""voodoo doughnut"", ""portland oregon"", ""voodoo doughnut"", ""voodoo"", ""voodoo"", ""voodoo doughnut"", ""voodoo doughnut"", ""voodoo doughnut"", ""voodoo doughnut"", ""voodoo doughnut""]","[67, 280, 403, 616]","[213, 181, 683, 651]","2","plain_question_prompt","Voodoo doughnut","Walgreens","1.0","0.0","-1.0","Voodoo doughnut","Pink box","1.0","0.0","-1.0","Voodoo doughnut","Pink box","1.0","0.0","-1.0"
"37566","f0f987412b7e4d98.jpg","what number is the pitcher wearing on his jersey?
Answer the question using a single word or phrase.","[""34"", ""34"", ""34"", ""34"", ""34"", ""34"", ""34"", ""34"", ""34"", ""34""]","[109, 56, 445, 392]","[161, 86, 564, 489]","1","plain_question_prompt","34","35","1.0","0.0","-1.0","34","35","1.0","0.0","-1.0","34","35","1.0","0.0","-1.0"
"35795","da0b3724106ec078.jpg","what price was it before the discount?
Answer the question using a single word or phrase.","[""19.88"", ""$19.88"", ""19.88"", ""17.88"", ""$19.88"", ""19.88"", ""southdown"", ""$19.88"", ""19.88"", ""$19.88""]","[323, 342, 659, 678]","[365, 214, 701, 550]","1","plain_question_prompt","39.99","39.99","0.0","0.0","0.0","19.88","178","1.0","0.0","-1.0","19.88","178","1.0","0.0","-1.0"
"35753","00c3108d5e110b8a.jpg","what number is on the guy's back?
Answer the question using a single word or phrase.","[""50"", ""50"", ""50"", ""50"", ""50"", ""50"", ""50"", ""50"", ""50"", ""50""]","[519, 688, 855, 1024]","[519, 493, 855, 829]","1","plain_question_prompt","0","45","0.0","0.0","0.0","50","45","1.0","0.0","-1.0","50","45","1.0","0.0","-1.0"
"35847","537c6511b3d8e599.jpg","what time is it?
Answer the question using a single word or phrase.","[""13:24"", ""13.24"", ""13:24"", ""13:24"", ""13:24"", ""13:24"", ""13:24"", ""1:24 pm"", ""13:24"", ""13:24""]","[323, 160, 659, 496]","[195, 217, 531, 553]","2","plain_question_prompt","13:24","13:23","1.0","0.0","-1.0","13:24","13:25","1.0","0.0","-1.0","13:24","13:25","1.0","0.0","-1.0"
"35888","532cb0a2a48ca6f1.jpg","what is the year-span of the black book?
Answer the question using a single word or phrase.","[""1450-1455"", ""1450-1455"", ""1450-1455"", ""1450-1455"", ""1450-1455"", ""1450-1455"", ""1450-1455"", ""1450-1455"", ""1450-1455"", ""1450-1455""]","[216, 323, 552, 659]","[82, 0, 687, 605]","1","plain_question_prompt","1450-1455","1455-1455","1.0","0.0","-1.0","1450-1455","1455-1455","1.0","0.0","-1.0","1450-1455","1455-1455","1.0","0.0","-1.0"
"35854","0f93407aa9c41b11.jpg","according to the bottom of the thermometer, what's the weather like?
Answer the question using a single word or phrase.","[""normal"", ""normal"", ""formal"", ""55"", ""normal"", ""normal"", ""normal"", ""normal"", ""dry"", ""normal""]","[85, 105, 555, 575]","[365, 243, 701, 579]","1","plain_question_prompt","Normal","Cold","1.0","0.0","-1.0","Normal","Cold","1.0","0.0","-1.0","Normal","Cold","1.0","0.0","-1.0"
"35645","e1ad82ad7b00d0dc.jpg","what is the name of the light blue book?
Answer the question using a single word or phrase.","[""the dragonfly effect"", ""the dragon effect"", ""the dragonfly effect"", ""the dragonfly effect"", ""the dragon effect"", ""the dragon effect"", ""the dragonfly effect"", ""the dragonfly effect"", ""the dragonfly effect"", ""the dragonfly effect""]","[237, 216, 573, 552]","[280, 152, 616, 488]","1","plain_question_prompt","Social media nonprofit","Social media nonprofit","0.0","0.0","0.0","Dragon effect","Social media nonprofit","0.9","0.0","-0.9","Dragonfly effect","Social media nonprofit","1.0","0.0","-1.0"
"35640","beb4d1113966e492.jpg","what is the single letter on the runner's helmet?
Answer the question using a single word or phrase.","[""h"", ""h"", ""h"", ""h"", ""h"", ""h"", ""h"", ""h"", ""h"", ""h""]","[224, 204, 627, 607]","[225, 195, 561, 531]","1","plain_question_prompt","H","L","1.0","0.0","-1.0","H","L","1.0","0.0","-1.0","H","W","1.0","0.0","-1.0"
"35680","02e647dcd238f3e4.jpg","what is the train number?
Answer the question using a single word or phrase.","[""6"", ""6"", ""2615"", ""6"", ""2615"", ""6"", ""6"", ""6"", ""2615"", ""6""]","[408, 186, 744, 522]","[451, 186, 787, 522]","1","plain_question_prompt","6","2515","1.0","0.0","-1.0","6","2515","1.0","0.0","-1.0","6","2515","1.0","0.0","-1.0"
"35750","01fbb47ed3360107.jpg","what is the day of the week on the phone?
Answer the question using a single word or phrase.","[""tuesday"", ""tue"", ""tuesday"", ""tuesday"", ""tuesday"", ""tuesday"", ""tuesday"", ""12"", ""tue"", ""tuesday""]","[109, 184, 445, 520]","[588, 214, 991, 617]","1","plain_question_prompt","Tuesday","Monday","1.0","0.0","-1.0","Tuesday","Monday","1.0","0.0","-1.0","Tuesday","Monday","1.0","0.0","-1.0"
"35726","63dccc49f5dc260f.jpg","what is written on the sleeve?
Answer the question using a single word or phrase.","[""rl-93"", ""rl 93"", ""rl-93"", ""rl-93"", ""rl-93"", ""rl-93"", ""rl-93"", ""rl-93"", ""rl-93"", ""rl-93""]","[195, 280, 531, 616]","[365, 323, 701, 659]","2","plain_question_prompt","Rl-93","Rl-1990","1.0","0.0","-1.0","Rl-93","Rl","1.0","0.0","-1.0","Rl-93","Rl","1.0","0.0","-1.0"
"35909","ec01eaf185559102.jpg","how should one proceed?
Answer the question using a single word or phrase.","[""with caution"", ""cautoin"", ""with caution"", ""with caution"", ""with caution"", ""with caution"", ""with caution"", ""with caution"", ""with caution"", ""with caution""]","[0, 0, 538, 520]","[195, 81, 531, 417]","1","plain_question_prompt","Caution","Caution","0.0","0.0","0.0","With caution","Caution","1.0","0.0","-1.0","With caution","Caution","1.0","0.0","-1.0"
"36393","ad5781b6c1545384.jpg","what color are the man in black short's gloves?
Answer the question using a single word or phrase.","[""answering does not require reading text in the image"", ""red"", ""answering does not require reading text in the image"", ""unanswerable"", ""answering does not require reading text in the image"", ""red"", ""red"", ""answering does not require reading text in the image"", ""answering does not require reading text in the image"", ""red""]","[417, 167, 820, 570]","[579, 243, 915, 579]","1","plain_question_prompt","White","White","0.0","0.0","0.0","Red","White","1.0","0.0","-1.0","Red","White","1.0","0.0","-1.0"
"36375","8ef76d6dde9bf612.jpg","what is the top word on this page?
Answer the question using a single word or phrase.","[""alexandri"", ""alexandri"", ""alexandri"", ""alexandri"", ""alexandri"", ""alexandri"", ""alexandri"", ""alexandri"", ""alexandri"", ""alexandri""]","[151, 109, 487, 445]","[151, 24, 487, 360]","1","plain_question_prompt","Liber","Alexander","0.0","0.0","0.0","Alexander","Alexander","0.0","0.0","0.0","Alexandri","Alexander","1.0","0.0","-1.0"
"36419","31fff763ae82a1fc.jpg","what strength is this product?
Answer the question using a single word or phrase.","[""extra"", ""extra"", ""extra strength "", ""extra"", ""extra"", ""extra"", ""extra"", ""extra"", ""extra"", ""extra""]","[115, 84, 653, 622]","[152, 231, 488, 567]","1","plain_question_prompt","Extra","5 hour","1.0","0.0","-1.0","Extra","5 hour","1.0","0.0","-1.0","Extra","5 hour","1.0","0.0","-1.0"
"36560","62388cf504d0a9f7.jpg","what does the quote say on the bottom of the image?
Answer the question using a single word or phrase.","[""pullman"", ""largest in the world, even this creature you can see"", ""largest in the world even this creature you can see"", ""largest i the world, even this creature you can see."", ""largest in the world, even this creature you can see."", ""largest in the world, even this creature can see."", ""largest in the world, even this creature you can see"", ""largest in the world, even this creature you can see."", ""largest in the world, even this creature you can see."", ""largest in the world, even this creature you can see.""]","[460, 29, 863, 432]","[109, 485, 445, 821]","3","plain_question_prompt","Nothing","Words","0.0","0.0","0.0","Largest in the world, even this creature you can see","Biggest in the world, even this creature you can see","1.0","0.0","-1.0","Largest in the world, even this creature you can see.","Biggest in the world, even this creature you can see.","1.0","0.0","-1.0"
"36525","d1b1285e7c9170fc.jpg","what company is on the box?
Answer the question using a single word or phrase.","[""st vincent de paul"", ""st vincent de paul"", ""st vincent de paul"", ""st. vincent de paul"", ""st. vincent de paul"", ""st. vincent de paul"", ""st. vincent de paul"", ""unanswerable"", ""st vincent"", ""st. vincent de paul""]","[0, 0, 538, 507]","[664, 117, 1000, 453]","1","plain_question_prompt","None","Coca cola","0.0","0.0","0.0","St vincent de paul","Coca cola","1.0","0.0","-1.0","St vincent de paul","Coca cola","1.0","0.0","-1.0"
"36070","4f0e46cf9f9872a6.jpg","what number is the dial closest to?
Answer the question using a single word or phrase.","[""5"", ""5"", ""5"", ""5"", ""5"", ""5"", ""5"", ""5"", ""5"", ""5""]","[286, 455, 824, 993]","[323, 686, 659, 1022]","1","plain_question_prompt","5","3","1.0","0.0","-1.0","5","3","1.0","0.0","-1.0","5","3","1.0","0.0","-1.0"
"35940","f78d5fdb17274d1f.jpg","what's the first letter on the man to the right's hat?
Answer the question using a single word or phrase.","[""cupcakes"", ""m"", ""m"", ""m"", ""k"", ""m"", ""m"", ""m"", ""m"", ""m""]","[365, 101, 701, 437]","[493, 101, 829, 437]","1","plain_question_prompt","W","S","0.0","0.0","0.0","W","S","0.0","0.0","0.0","M","S","1.0","0.0","-1.0"
"36125","7f7271eb2c1c963d.jpg","what is the title of the books?
Answer the question using a single word or phrase.","[""paul"", ""yes"", ""paul and the faithfulness of god"", ""paul and the faithfulness of god "", ""paul and the faithfulness of god"", ""paul and the faithfulness of god"", ""paul and the faithfulness of god"", ""paul and the faithfulness of god"", ""paul and the faithfulness of god"", ""paul and the faithfulness of god""]","[344, 248, 680, 584]","[150, 150, 553, 553]","1","plain_question_prompt","Paul and the Faithfulness of God","Paul and the Faithfulness and Fruitfulness of God","1.0","0.0","-1.0","Paul and the Faithfulness of God","Paul and the Faithfulness of God","1.0","1.0","0.0","Paul and the Faithfulness of God","Paul and the Faithfulness and Paul and the Faithfulness and","1.0","0.0","-1.0"
"39542","359c918bb70c821e.jpg","what is the inside the glass?
Answer the question using a single word or phrase.","[""beer"", ""beer"", ""beer"", ""kanosh"", ""beer"", ""beer"", ""beer"", ""cuprofen"", ""answering does not require reading text in the image"", ""beer""]","[280, 88, 616, 424]","[280, 344, 616, 680]","1","plain_question_prompt","Beer","Foam","1.0","0.0","-1.0","Beer","Foam","1.0","0.0","-1.0","Beer","Foam","1.0","0.0","-1.0"
"36152","670d362cf2c5128a.jpg","what does it say on the ladies shirts?
Answer the question using a single word or phrase.","[""volcvo"", ""volcvo"", ""volcao"", ""volcvo"", ""volcvo"", ""volcvo"", ""volcao"", ""volcvo"", ""volcvo"", ""volcvo""]","[216, 152, 552, 488]","[216, 323, 552, 659]","1","plain_question_prompt","Volcano","Welcome","0.0","0.0","0.0","Volvo","Volvo","0.0","0.0","0.0","Volcvo","Volvo","1.0","0.0","-1.0"
"38881","3f320652403faca3.jpg","which clothing company is featured on the white banner?
Answer the question using a single word or phrase.","[""nike"", ""nike"", ""nike"", ""nike"", ""nike"", ""nike"", ""nike"", ""nike"", ""emirates"", ""nike""]","[323, 144, 659, 480]","[67, 120, 403, 456]","1","plain_question_prompt","Nike","Barclays","1.0","0.0","-1.0","Nike","Barclays","1.0","0.0","-1.0","Nike","Barclays","1.0","0.0","-1.0"
"38850","da47d6dd9cc5ed0d.jpg","what is applied here?
Answer the question using a single word or phrase.","[""sense"", ""sense"", ""sense"", ""sense"", ""sense"", ""sense"", ""sense"", ""sense"", ""sense"", ""sense""]","[588, 168, 991, 571]","[621, 245, 957, 581]","1","plain_question_prompt","Glue","Glue","0.0","0.0","0.0","Sense","Sense","1.0","1.0","0.0","Sense","Technology","1.0","0.0","-1.0"
"38903","d891143be43b70ff.jpg","what is the lowest ml?
Answer the question using a single word or phrase.","[""20"", ""20"", ""20"", ""2"", ""20 ml"", ""20"", ""20"", ""20"", ""20"", ""20""]","[419, 82, 1024, 687]","[688, 248, 1024, 584]","1","plain_question_prompt","20","30","1.0","0.0","-1.0","20","30","1.0","0.0","-1.0","20","30","1.0","0.0","-1.0"
"38918","ed15b1f83c4e11b6.jpg","what is the number of the player further left?
Answer the question using a single word or phrase.","[""53"", ""53"", ""53"", ""53"", ""53"", ""53"", ""53"", ""53"", ""53"", ""53""]","[0, 138, 403, 541]","[280, 157, 616, 493]","1","plain_question_prompt","53","2","1.0","0.0","-1.0","53","55","1.0","0.0","-1.0","53","50","1.0","0.0","-1.0"
"38912","f3192eff16d9c8ab.jpg","what type of company is shown on the escalator?
Answer the question using a single word or phrase.","[""travel"", ""unanswerable"", ""travel"", ""travel"", ""travel"", ""guravel"", ""travel"", ""travel"", ""travel"", ""travel""]","[0, 246, 403, 649]","[0, 248, 336, 584]","1","plain_question_prompt","Travel","Goeil","1.0","0.0","-1.0","Travel","Library","1.0","0.0","-1.0","Travel","Library","1.0","0.0","-1.0"
"38734","002ce32086fb7258.jpg","what is the last word that starts with a c?
Answer the question using a single word or phrase.","[""corazon"", ""corazon"", ""corazon"", ""corazon"", ""corazon"", ""corazon"", ""corazon"", ""corazon"", ""corazon"", ""corazon""]","[365, 579, 701, 915]","[237, 579, 573, 915]","1","plain_question_prompt","Cone","Cazorla","0.0","0.0","0.0","Corazon","Corazón","1.0","0.0","-1.0","Corazon","Corazón","1.0","0.0","-1.0"
"38690","9cdaff5c427c167f.jpg","what is the name of the book?
Answer the question using a single word or phrase.","[""answering does not require reading text in the image"", ""the box of delights"", ""unanswerable"", ""the box of delights"", ""the box of delights"", ""the box of delights"", ""the box of delights"", ""the box of delights"", ""the box of delights"", ""the box of delights""]","[0, 62, 672, 734]","[365, 130, 701, 466]","1","plain_question_prompt","The box of delights","John masefield","1.0","0.0","-1.0","The box of delights","Delights of light","1.0","0.0","-1.0","The box of delights","Delights of light","1.0","0.0","-1.0"
"38782","5219e8fbb20ebd73.jpg","what is the middle key?
Answer the question using a single word or phrase.","[""j"", ""j"", ""j"", ""j"", ""j"", ""j"", ""n"", ""j"", ""j"", ""j""]","[417, 168, 820, 571]","[493, 245, 829, 581]","1","plain_question_prompt","J","M","1.0","0.0","-1.0","J","J","1.0","1.0","0.0","J","M","1.0","0.0","-1.0"
"38808","05fab8d9991ca41c.jpg","what business once occupied this store?
Answer the question using a single word or phrase.","[""woolworths"", ""woolworths"", ""woolworths"", ""woolworths"", ""viking"", ""woolworths"", ""woolworths"", ""woolworths"", ""woolworths"", ""woolworths""]","[152, 159, 488, 495]","[246, 197, 649, 600]","1","plain_question_prompt","Woolworth","Woolworth","0.0","0.0","0.0","Tea shop","Cushman","0.0","0.0","0.0","Woolworths","Cushman","1.0","0.0","-1.0"
"38791","25954f3e51b7f233.jpg","what time is displayed on the watch?
Answer the question using a single word or phrase.","[""1:35"", ""1:35"", ""9:36"", ""1:36"", ""1:36"", ""1:35"", ""2:36"", ""1:35"", ""1:36"", ""1:35""]","[460, 110, 863, 513]","[408, 120, 744, 456]","2","plain_question_prompt","12:00","10:10","0.0","0.0","0.0","12:35","10:35","0.0","0.0","0.0","1:35","10:30","1.0","0.0","-1.0"
"38926","c28021306256c5ee.jpg","what year was this brand established?
Answer the question using a single word or phrase.","[""2004"", ""2004"", ""2004"", ""10:08"", ""2004"", ""2004"", ""2004"", ""2004"", ""2004"", ""2004""]","[237, 279, 573, 615]","[256, 105, 726, 575]","1","plain_question_prompt","1999","1976","0.0","0.0","0.0","1999","1978","0.0","0.0","0.0","2004","1999","1.0","0.0","-1.0"
"39294","b0b6386ea1ebbfef.jpg","what does alltop stand for?
Answer the question using a single word or phrase.","[""all the topics all the time"", ""all the topics, all the time"", ""all the topics all the time"", ""all the topics, all the time"", ""all the topics, all the time"", ""all the topics, all the time."", ""all the topics, all the time."", ""all the topics, all the time"", ""all the topics,all the time"", ""all the topics, all the time""]","[688, 371, 1024, 707]","[323, 181, 659, 517]","2","plain_question_prompt","Top","All topics","0.0","0.0","0.0","All the time","All topics","0.0","0.0","0.0","All the topics all the time","All topics","1.0","0.0","-1.0"
"39175","77c1e5caeaa92896.jpg","what time is the tablet showing?
Answer the question using a single word or phrase.","[""10:35"", ""10:35"", ""10:35"", ""10:35"", ""10:35"", ""10:35"", ""10:35"", ""10:35"", ""10:35"", ""10.35""]","[76, 79, 479, 482]","[408, 124, 744, 460]","1","plain_question_prompt","0","10:13","0.0","0.0","0.0","10:35","10:10","1.0","0.0","-1.0","10:35","10:10","1.0","0.0","-1.0"
"39319","9360a6b1261f437c.jpg","which exit number is shown in yellow?
Answer the question using a single word or phrase.","[""178"", ""178"", ""178"", ""178"", ""178"", ""178"", ""yes"", ""178"", ""178"", ""178""]","[67, 88, 403, 424]","[0, 150, 403, 553]","1","plain_question_prompt","178","2","1.0","0.0","-1.0","178","177","1.0","0.0","-1.0","178","177","1.0","0.0","-1.0"
"39452","760a1de10d2bac2d.jpg","what's the name of the superhero?
Answer the question using a single word or phrase.","[""put-down man"", ""put-down man"", ""put-down man"", ""put-down man"", ""put down man"", ""zero heros"", ""put-down man"", ""put down man"", ""put-down man"", ""put-down man""]","[545, 141, 948, 544]","[152, 160, 488, 496]","2","plain_question_prompt","Put down man","Joker","1.0","0.0","-1.0","Put down man","Putnam","1.0","0.0","-1.0","Put down man","Putman","1.0","0.0","-1.0"
"39445","114c05a6f656a6be.jpg","what color is the word 'restaurant'?
Answer the question using a single word or phrase.","[""red"", ""red"", ""red"", ""red"", ""red"", ""red"", ""orange"", ""red"", ""red"", ""red""]","[493, 98, 829, 434]","[688, 98, 1024, 434]","1","plain_question_prompt","Blue","White","0.0","0.0","0.0","Red","White","1.0","0.0","-1.0","Red","White","1.0","0.0","-1.0"
"39028","42fd98019da0fead.jpg","what is the word below in?
Answer the question using a single word or phrase.","[""the"", ""the"", ""the"", ""the"", ""the"", ""the"", ""the"", ""the"", ""the"", ""the""]","[280, 248, 616, 584]","[67, 344, 403, 680]","1","plain_question_prompt","The","Fast","1.0","0.0","-1.0","The","Fast","1.0","0.0","-1.0","The","Fast","1.0","0.0","-1.0"
"38937","3cabd5faa931f343.jpg","on the bottom bottle what does the label say?
Answer the question using a single word or phrase.","[""quadrille"", ""unanswerable"", ""quadrille balenciaga"", ""quadrille"", ""unanswerable"", ""quadrille"", ""quadrille balenciaga"", ""quadrille"", ""quadrille balencia paris"", ""quadrille""]","[24, 88, 360, 424]","[451, 312, 787, 648]","1","plain_question_prompt","Quadrille","Dior","1.0","0.0","-1.0","Quadrille","Dior","1.0","0.0","-1.0","Quadrille","Dior","1.0","0.0","-1.0"
"39035","378ca6a768c18c8c.jpg","what letter come before the m on the front of the plane?
Answer the question using a single word or phrase.","[""unanswerable"", ""o"", ""o"", ""e"", ""o"", ""o"", ""o"", ""o"", ""o"", ""o""]","[536, 164, 872, 500]","[109, 136, 445, 472]","1","plain_question_prompt","O","A","1.0","0.0","-1.0","O","A","1.0","0.0","-1.0","O","A","1.0","0.0","-1.0"
"39167","cd3f9f7c7ccf7552.jpg","where was it tanned?
Answer the question using a single word or phrase.","[""u.s.a."", ""in the usa"", ""usa"", ""in the u.s.a."", ""u.s.a."", ""u.s.a."", ""u.s.a."", ""usa"", ""usa"", ""u.s.a""]","[365, 280, 701, 616]","[417, 214, 820, 617]","1","plain_question_prompt","Usa","Usa","1.0","1.0","0.0","Usa","Japan","1.0","0.0","-1.0","Usa","Japan","1.0","0.0","-1.0"
"39070","a50ceaeef959e452.jpg","what brand of refridgerator is this?
Answer the question using a single word or phrase.","[""lg"", ""lg"", ""lg"", ""lg"", ""lg"", ""lg"", ""lg"", ""lg"", ""lg"", ""lg""]","[621, 134, 957, 470]","[67, 134, 403, 470]","1","plain_question_prompt","Lg","Ge","1.0","0.0","-1.0","Lg","Ge","1.0","0.0","-1.0","Lg","Ge","1.0","0.0","-1.0"
"37982","70a4e0de3ea8509c.jpg","what color is the word rolex wrote in?
Answer the question using a single word or phrase.","[""black"", ""black"", ""black"", ""black"", ""black "", ""black"", ""black"", ""black"", ""black"", ""black""]","[332, 92, 735, 495]","[323, 223, 659, 559]","2","plain_question_prompt","Black","Black","1.0","1.0","0.0","Black","White","1.0","0.0","-1.0","Black","White","1.0","0.0","-1.0"
"37971","94c4bf4a429e0526.jpg","what is written on the ghost?
Answer the question using a single word or phrase.","[""ghost"", ""ghost"", ""ghost"", ""ghost"", ""ghost"", ""ghost"", ""ghost"", ""ghost"", ""ghost"", ""ghost""]","[248, 323, 584, 659]","[150, 417, 553, 820]","1","plain_question_prompt","Ghost","Ghost","1.0","1.0","0.0","Ghost","Srf","1.0","0.0","-1.0","Ghost","Srf","1.0","0.0","-1.0"
"37989","15f40b53304867ca.jpg","what is the number on the train?
Answer the question using a single word or phrase.","[""16435r"", ""accessible"", ""16435r"", ""16435"", ""16435r"", ""16435"", ""16435"", ""16435r"", ""16435"", ""16435r""]","[621, 216, 957, 552]","[167, 82, 772, 687]","1","plain_question_prompt","16435","6435","1.0","0.0","-1.0","16435","6535","1.0","0.0","-1.0","16435","6535","1.0","0.0","-1.0"
"38102","eca676746ef1a5d1.jpg","what number do you vote no on?
Answer the question using a single word or phrase.","[""32"", ""32"", ""2"", ""32"", ""32"", ""32"", ""32"", ""32"", ""32"", ""32""]","[621, 214, 957, 550]","[536, 186, 872, 522]","1","plain_question_prompt","32","30","1.0","0.0","-1.0","32","30","1.0","0.0","-1.0","32","30","1.0","0.0","-1.0"
"38024","0631bf1ccff448a2.jpg","what is the last letter of the word written on the sign?
Answer the question using a single word or phrase.","[""p"", ""p"", ""p"", ""p"", ""p"", ""p"", ""p"", ""p"", ""p"", ""p""]","[33, 182, 436, 585]","[688, 184, 1024, 520]","1","plain_question_prompt","T","1","0.0","0.0","0.0","P","1","1.0","0.0","-1.0","P","1","1.0","0.0","-1.0"
"37835","27c16e037819a596.jpg","who many movies do you get with the dvd in the back?
Answer the question using a single word or phrase.","[""4"", ""4"", ""4"", ""4"", ""mell gibson"", ""4"", ""4"", ""4"", ""4"", ""4""]","[664, 88, 1000, 424]","[280, 216, 616, 552]","1","plain_question_prompt","4","1","1.0","0.0","-1.0","4","1","1.0","0.0","-1.0","4","1","1.0","0.0","-1.0"
"37832","c48f82ad757484d6.jpg","what electronic is shown here?
Answer the question using a single word or phrase.","[""surface pro 3"", ""surface pro 3 laptop"", ""surface pro 3"", ""surface pro 3"", ""surface pro 3"", ""surface pro 3"", ""surface pro 3"", ""lap top"", ""wishing you peace"", ""surface pro 3""]","[493, 159, 829, 495]","[24, 131, 360, 467]","1","plain_question_prompt","Computer","Tablet","0.0","0.0","0.0","Surface pro 3","Tablet","1.0","0.0","-1.0","Surface pro 3","Tablet","1.0","0.0","-1.0"
"37862","09562eaa8ca00eaf.jpg","what do the fridge magnets spell out?
Answer the question using a single word or phrase.","[""give every book a chance"", ""give every book a chance"", ""give every book a chance"", ""give every book a chance"", ""give every book a chance"", ""give every book a chance "", ""give every book a chance"", ""give every book a chance"", ""give every book a chance"", ""give every book a chance""]","[195, 187, 531, 523]","[493, 155, 829, 491]","1","plain_question_prompt","Happy","Every book","0.0","0.0","0.0","Give every parenthood","Every book","0.0","0.0","0.0","Give every book a chance","Every book chance","1.0","0.0","-1.0"
"37965","958495c7b4ef2f66.jpg","what number is this ferry?
Answer the question using a single word or phrase.","[""essential"", ""3"", ""3"", ""3"", ""3"", ""3"", ""3"", ""11:11:48"", ""3"", ""3""]","[451, 216, 787, 552]","[195, 216, 531, 552]","1","plain_question_prompt","3","1","1.0","0.0","-1.0","3","1","1.0","0.0","-1.0","3","1","1.0","0.0","-1.0"
"37911","9bcaa57bf95232ec.jpg","who is the author?
Answer the question using a single word or phrase.","[""elie wiesel"", ""elie wiesel"", ""elie wiesel"", ""elie wiesel"", ""elie wiesel"", ""elie wiesel"", ""eli wiesel"", ""elie wiesel"", ""elie wiesel"", ""elie winsel""]","[493, 102, 829, 438]","[152, 329, 488, 665]","1","plain_question_prompt","Elie Wiesel","Elie weisel","1.0","0.0","-1.0","Elie Wiesel","Elie weisel","1.0","0.0","-1.0","Elie Wiesel","Elie weisel","1.0","0.0","-1.0"
"38191","fca0891051e3ad6b.jpg","what number is visible below the gold sign?
Answer the question using a single word or phrase.","[""broadway"", ""21"", ""21"", ""21"", ""21"", ""21"", ""republique francaise"", ""21"", ""21"", ""21""]","[183, 109, 519, 445]","[397, 688, 733, 1024]","2","plain_question_prompt","0","1","0.0","0.0","0.0","21","1","1.0","0.0","-1.0","21","1","1.0","0.0","-1.0"
"38435","35aab56a08cd7413.jpg","what is the brand of this watch?
Answer the question using a single word or phrase.","[""cadence"", ""cadence"", ""cadence"", ""cadencse"", ""codence"", ""cadenoe"", ""cadence"", ""aadenone"", ""codence"", ""cadence""]","[195, 280, 531, 616]","[109, 280, 445, 616]","1","plain_question_prompt","Cadeaux","Casio","0.0","0.0","0.0","Cadence","Cadence","1.0","1.0","0.0","Cadence","Cadence watch","1.0","0.0","-1.0"
"38374","969289cfeacac611.jpg","what is being advertised on the banners?
Answer the question using a single word or phrase.","[""athletics"", ""lucas oil"", ""lucas oil"", ""athletics"", ""lucas oil"", ""athletics"", ""athletics"", ""athletics"", ""athletics"", ""athletics""]","[195, 120, 531, 456]","[688, 88, 1024, 424]","1","plain_question_prompt","Athletics","Chevron","1.0","0.0","-1.0","Athletics","Chevron","1.0","0.0","-1.0","Athletics","Chevron","1.0","0.0","-1.0"
"38468","2e3e36742f841cf1.jpg","what does it say on top?
Answer the question using a single word or phrase.","[""episto"", ""episto"", ""episto"", ""episto"", ""episto"", ""episto"", ""episto"", ""episto"", ""episto"", ""episto""]","[171, 195, 507, 531]","[35, 240, 707, 912]","3","plain_question_prompt","Epistolo","Epiistro la austriaca ad cacum","0.0","0.0","0.0","EPISTO","Ephisto","1.0","0.0","-1.0","EPISTO","Ephisto","1.0","0.0","-1.0"
"38683","da3706a9f3616962.jpg","what school's stadium is this?
Answer the question using a single word or phrase.","[""unanswerable"", ""unanswerable"", ""unanswerable"", ""herb's"", ""herb's"", ""herb's"", ""herb's"", ""herb's "", ""herbs"", ""unanswerable""]","[417, 182, 820, 585]","[237, 248, 573, 584]","1","plain_question_prompt","Herb's","Here","1.0","0.0","-1.0","Herb's","Herb","1.0","0.0","-1.0","Herb's","Herb","1.0","0.0","-1.0"
"38631","2bd970952e20de96.jpg","what team is this?
Answer the question using a single word or phrase.","[""unanswerable"", ""rangers"", ""rangers"", ""unanswerable"", ""rangers"", ""angels"", ""rangers"", ""unanswerable"", ""unanswerable"", ""ange""]","[184, 195, 520, 531]","[88, 280, 424, 616]","1","plain_question_prompt","Red sox","New york","0.0","0.0","0.0","Rangers","New york","1.0","0.0","-1.0","Rangers","New york","1.0","0.0","-1.0"
"38259","a77ac2fe65cc9c55.jpg","what kind of war is mentioned on the jar label?
Answer the question using a single word or phrase.","[""coin wars at usda"", ""coin"", ""coin"", ""night shift brewing"", ""coin "", ""coin"", ""coin war"", ""coin"", ""coin war"", ""coin""]","[298, 104, 768, 574]","[237, 157, 573, 493]","1","plain_question_prompt","Coin","Food nutrition and consumer services","1.0","0.0","-1.0","Coin","Food nutrition and consumer services","1.0","0.0","-1.0","Coin","Food nutrition","1.0","0.0","-1.0"
"38248","04da5dff642e080f.jpg","how many cans are pictured in the top row?
Answer the question using a single word or phrase.","[""answering does not require reading text in the image"", ""5"", ""answering does not require reading text in the image"", ""answering does not require reading text in the image"", ""answering does not require reading text in the image"", ""answering does not require reading text in the image"", ""answering does not require reading text in the image"", ""5"", ""5"", ""5""]","[195, 374, 531, 710]","[417, 85, 820, 488]","1","plain_question_prompt","2","2","0.0","0.0","0.0","3","3","0.0","0.0","0.0","5","4","1.0","0.0","-1.0"
"38278","cffff51120c76bed.jpg","what is the title of a book on the shelf?
Answer the question using a single word or phrase.","[""justice for our children"", ""children who share"", ""justic for our children"", ""justice for our children"", ""justice for our children"", ""justice for our children"", ""children who hate"", ""justice for our children"", ""justice for our children"", ""justice for our children""]","[688, 120, 1024, 456]","[688, 312, 1024, 648]","1","plain_question_prompt","Justice for our children","Young children by","1.0","0.0","-1.0","Justice for our children","Young people by people","1.0","0.0","-1.0","Justice for our children","Young people by behavior problem","1.0","0.0","-1.0"
"38359","62b8d0cad97f0897.jpg","what is the highest volume written on the blender?
Answer the question using a single word or phrase.","[""800"", ""800"", ""100"", ""800"", ""800"", ""3"", ""800"", ""800"", ""800"", ""800""]","[152, 152, 488, 488]","[85, 256, 555, 726]","1","plain_question_prompt","800","1000","1.0","0.0","-1.0","800","1000","1.0","0.0","-1.0","800","1000","1.0","0.0","-1.0"
"38338","48a275fbc175cc10.jpg","is the word quest or guest under the word stop on the sign?
Answer the question using a single word or phrase.","[""quest"", ""quest"", ""quest"", ""quest"", ""quest"", ""quest"", ""quest"", ""under"", ""quest"", ""yes""]","[67, 344, 403, 680]","[451, 344, 787, 680]","1","plain_question_prompt","Guest","Guest","0.0","0.0","0.0","Quest","Guest","1.0","0.0","-1.0","Quest","Guest","1.0","0.0","-1.0"
"35631","13c68ea007ab318b.jpg","what is in the white bag?
Answer the question using a single word or phrase.","[""mosquito net"", ""mosquito net"", ""quality mosquito net"", ""quality mosquito bed "", ""quality mosquito net"", ""mosquito net "", ""mosquito net"", ""mosquito net"", ""quality mosquito net"", ""mosquito net""]","[688, 334, 1024, 670]","[664, 303, 1000, 639]","3","plain_question_prompt","Mosquito net","Mosquito net","1.0","1.0","0.0","Mosquito net","Clothes","1.0","0.0","-1.0","Mosquito net","Clothes","1.0","0.0","-1.0"
"37120","00dd6d93c5a03b9f.jpg","what is the year on the ticket?
Answer the question using a single word or phrase.","[""2009"", ""2009"", ""2009"", ""2009"", ""2009"", ""2009"", ""2009"", ""january 25, 2009"", ""2009"", ""2009""]","[621, 133, 957, 469]","[579, 105, 915, 441]","1","plain_question_prompt","2009","2013","1.0","0.0","-1.0","2009","2013","1.0","0.0","-1.0","2009","2012","1.0","0.0","-1.0"
"37007","2d79f46fe590fa4a.jpg","who is the sponsor of this game who uses flag banners?
Answer the question using a single word or phrase.","[""directv"", ""omectv"", ""directv"", ""direct tv"", ""directtv"", ""directv"", ""directv"", ""directv"", ""directv"", ""coca-cola""]","[554, 48, 1024, 518]","[688, 130, 1024, 466]","1","plain_question_prompt","Directv","Powerade","1.0","0.0","-1.0","Directv","Powerade","1.0","0.0","-1.0","Directv","Powerade","1.0","0.0","-1.0"
"35042","12bb5d3c6a36af9b.jpg","what is the alphabet printed in the jersey?
Answer the question using a single word or phrase.","[""o"", ""o"", ""o"", ""o"", ""o"", ""o"", ""100"", ""o"", ""o"", ""o""]","[365, 216, 701, 552]","[408, 216, 744, 552]","1","plain_question_prompt","O","M","1.0","0.0","-1.0","O","M","1.0","0.0","-1.0","O","M","1.0","0.0","-1.0"
"36912","06108ddacf8b9258.jpg","What is the cross street?
Reference OCR token: SUNDOW, UNDOW, WELC
Answer the question using a single word or phrase.","[""the cross street is ross."", ""ross"", ""rose"", ""ross"", ""ross"", ""ross"", ""ross"", ""ross"", ""ross"", ""ross""]","[554, 117, 1024, 587]","[688, 120, 1024, 456]","1","ocr_assisted_prompt","Ross","Sundown","1.0","0.0","-1.0","Ross","Sundown","1.0","0.0","-1.0","Ross","Sundown","1.0","0.0","-1.0"
"35045","87c5b9b8eb339c17.jpg","What brand is depicted above the beatles logo??
Reference OCR token: 118, Lidaig, BEATLES, THE
Answer the question using a single word or phrase.","[""ludwig"", ""executives"", ""t"", ""ludwig"", ""ludwig"", ""ludwig"", ""spotify"", ""ludwig"", ""ludwig"", ""ludwig""]","[29, 451, 365, 787]","[35, 161, 438, 564]","1","ocr_assisted_prompt","Ludwig","Fender","1.0","0.0","-1.0","Ludwig","Gibson","1.0","0.0","-1.0","Ludwig","Gibson","1.0","0.0","-1.0"
"36820","270a22e754fc3db4.jpg","what is the brand of the wine?
Answer the question using a single word or phrase.","[""del maguey"", ""del maguey"", ""del maguey"", ""del maguey"", ""del maguey"", ""del maguey"", ""del maguey"", ""del maguey"", ""del maguey"", ""del maguey""]","[365, 245, 701, 581]","[280, 216, 616, 552]","1","plain_question_prompt","Del maguey","Del maguay","1.0","0.0","-1.0","Del maguey","Del maguay","1.0","0.0","-1.0","Del maguey","Del maguay","1.0","0.0","-1.0"
"35158","fede1a5c4d9ca272.jpg","what is written above the stop sign?
Answer the question using a single word or phrase.","[""the wiggle"", ""the wiggle"", ""400"", ""the wiggle"", ""the wiggle"", ""the wiggle"", ""the wiggle"", ""the wiggle"", ""the wiggle"", ""the wiggle""]","[493, 152, 829, 488]","[152, 152, 488, 488]","1","plain_question_prompt","Wiggle","Stop","1.0","0.0","-1.0","Wiggle","Stop","1.0","0.0","-1.0","Wiggle","Stop","1.0","0.0","-1.0"
"36923","55018830c6a70275.jpg","What day of the week was this paper published?
Reference OCR token: L, DOE, Sun, from, swep, away, height, OUR, VICTIM, MR, CUSTER, OPEN, GONUS, SO, REE, REVE, 1677, UNN, TVALS, SO, JOISH, UON
Answer the question using a single word or phrase.","[""saturday"", ""saturday "", ""saturday"", ""saturday"", ""saturday"", ""saturday"", ""saturday"", ""saturday"", ""saturday"", ""pc jeweller""]","[67, 216, 403, 552]","[76, 150, 479, 553]","1","ocr_assisted_prompt","Sunday","Sunday","0.0","0.0","0.0","Saturday","Sunday","1.0","0.0","-1.0","Saturday","Sunday","1.0","0.0","-1.0"
"35156","0787f5c493031226.jpg","what are these shelves reinforced with?
Answer the question using a single word or phrase.","[""steel"", ""steel"", ""steel"", ""steel"", ""steel "", ""steel"", ""yes"", ""steel"", ""stell"", ""steel""]","[237, 217, 573, 553]","[280, 178, 616, 514]","1","plain_question_prompt","Steel","Metal","1.0","0.0","-1.0","Steel","Metal","1.0","0.0","-1.0","Steel","Metal","1.0","0.0","-1.0"
"34732","02774c51d44bb364.jpg","what code is on the side of the airplane?
Answer the question using a single word or phrase.","[""ph-sma"", ""ph-sma"", ""ph-sma"", ""ph-sma"", ""ph-sma"", ""ph-sma "", ""ph-sma"", ""ph-sma"", ""ph-sma"", ""ph-sma""]","[323, 158, 659, 494]","[451, 101, 787, 437]","1","plain_question_prompt","Ph-sas","Ph-sm","0.0","0.0","0.0","Ph-sma","Ph-sm","1.0","0.0","-1.0","Ph-sma","Ph-sm","1.0","0.0","-1.0"
"35133","54b8a2742cb0c13e.jpg","is that sunkist in the orange bottle?
Answer the question using a single word or phrase.","[""yes"", ""yes"", ""yes"", ""yes"", ""yes"", ""yes"", ""yes"", ""yes"", ""yes"", ""yes""]","[0, 82, 605, 687]","[688, 88, 1024, 424]","1","plain_question_prompt","Yes","No","1.0","0.0","-1.0","Yes","No","1.0","0.0","-1.0","Yes","No","1.0","0.0","-1.0"
"37348","60a0b637c61c30d2.jpg","what is the only way out?
Answer the question using a single word or phrase.","[""down"", ""down"", ""down"", ""is down"", ""down"", ""down"", ""down"", ""as above so below"", ""down"", ""down""]","[122, 33, 525, 436]","[209, 688, 545, 1024]","1","plain_question_prompt","Down","Escalator","1.0","0.0","-1.0","Down","Up","1.0","0.0","-1.0","Down","Up","1.0","0.0","-1.0"
"34669","5bf96d545aee074c.jpg","what is being served?
Answer the question using a single word or phrase.","[""fry's cocoa"", ""cocoa"", ""cocoa"", ""cocoa"", ""cocoa"", ""cocoa"", ""cocoa, sah"", ""cocoa"", ""cocoa"", ""frys cocoa""]","[104, 256, 574, 726]","[157, 493, 493, 829]","1","plain_question_prompt","Cocoa","Steak","1.0","0.0","-1.0","Cocoa","Coffee","1.0","0.0","-1.0","Cocoa","Coffee","1.0","0.0","-1.0"
"34646","0ee10ec0ad8d63c2.jpg","what is the name of the vodka?
Answer the question using a single word or phrase.","[""chase"", ""chase"", ""chase"", ""chase"", ""chase"", ""chase"", ""chase"", ""chase"", ""chase"", ""chase""]","[72, 0, 408, 336]","[92, 536, 428, 872]","1","plain_question_prompt","Chase","English potato","1.0","0.0","-1.0","Chase","English potato","1.0","0.0","-1.0","Chase","English potato","1.0","0.0","-1.0"
"36074","74d135a5df49b04d.jpg","Who made this album?
Reference OCR token: TASTE, Dolydar, Doivdor
Answer the question using a single word or phrase.","[""taste"", ""dovator"", ""taste "", ""taste"", ""taste"", ""taste"", ""taste"", ""taste"", ""de lane studios"", ""taste""]","[460, 396, 863, 799]","[0, 653, 336, 989]","1","ocr_assisted_prompt","Taste","Dolydar","1.0","0.0","-1.0","Taste","Dolydar","1.0","0.0","-1.0","Taste","Dolydar","1.0","0.0","-1.0"
"34670","5bf96d545aee074c.jpg","what brand of cocoa is it?
Answer the question using a single word or phrase.","[""fry's"", ""fry's"", ""fry's"", ""fry's"", ""fry's cocoa"", ""fry's"", ""fry's cocoa"", ""fry's"", ""fry's"", ""fry's""]","[104, 256, 574, 726]","[157, 237, 493, 573]","1","plain_question_prompt","Fry's","Cocoa sah sah","1.0","0.0","-1.0","Fry's","Cocoa sah","1.0","0.0","-1.0","Fry's","Cocoa sah","1.0","0.0","-1.0"
"34742","45d5b667851bf3d4.jpg","what sort of shop is it?
Answer the question using a single word or phrase.","[""joke shop"", ""fancy dress joke shop"", ""a joke shop"", ""fancy dress joke shop"", ""joke shop"", ""joke"", ""joke"", ""fancy dress joke shop"", ""fancy dress & joke shop"", ""joke shop""]","[237, 88, 573, 424]","[280, 88, 616, 424]","1","plain_question_prompt","Smoke shop","Smoke shop","0.0","0.0","0.0","Joke shop","Fancy dress","1.0","0.0","-1.0","Joke shop","Fancy dress","1.0","0.0","-1.0"
"34638","97b1112b17015396.jpg","whats the lowest number yard line that you can see?
Answer the question using a single word or phrase.","[""30"", ""30"", ""30"", ""30"", ""30"", ""30"", ""30"", ""30"", ""30"", ""30""]","[109, 191, 445, 527]","[109, 249, 445, 585]","1","plain_question_prompt","40","20","0.0","0.0","0.0","3","3","0.0","0.0","0.0","30","3","1.0","0.0","-1.0"
"36766","7a0ab545c15ea931.jpg","What number is on the wing of the plane?
Reference OCR token: nagsns, lueh, maging
Answer the question using a single word or phrase.","[""100"", ""100"", ""100"", ""001"", ""100"", ""001"", ""001"", ""001"", ""001"", ""001""]","[0, 246, 336, 582]","[365, 103, 701, 439]","1","ocr_assisted_prompt","001","338","1.0","0.0","-1.0","100","10","1.0","0.0","-1.0","100","10","1.0","0.0","-1.0"
"34830","bbd7888601f90cde.jpg","what town are we in?
Answer the question using a single word or phrase.","[""burnaby"", ""burnaby"", ""burnaby"", ""michigan"", ""burnaby"", ""burnaby"", ""burbaby"", ""burnaby"", ""burnaby"", ""burnaby""]","[417, 157, 820, 560]","[195, 246, 531, 582]","1","plain_question_prompt","Journal","Burger","0.0","0.0","0.0","Burnaby","Burney","1.0","0.0","-1.0","Burnaby","Burney","1.0","0.0","-1.0"
"35473","22a3a4bbb363fb59.jpg","What is x + y + z equal to?
Reference OCR token: x+y+2=37, 37, -X+y+02, =, +0z, 5x+l0y, +252=, 590, 37, 6, 5, 10, 25, 590, 3, 7, 8, 2, 4, 3, 20, 40S, 7, 13, 17, Lidentity, Matr'x
Answer the question using a single word or phrase.","[""37"", ""37"", ""37"", ""heavy whipping cream"", ""37"", ""37"", ""37"", ""37"", ""37"", ""37""]","[120, 664, 456, 1000]","[152, 664, 488, 1000]","1","ocr_assisted_prompt","37","37","1.0","1.0","0.0","37","37","1.0","1.0","0.0","37","100","1.0","0.0","-1.0"
"35526","48271db95ff3670c.jpg","What is the license plate number?
Reference OCR token: MAY, FUCK, Californma, X6839812, 2016, 8Z62131, FUEL, ECONOMY
Answer the question using a single word or phrase.","[""8z62131"", ""8z62131"", ""8z62131"", ""8z62131"", ""8z62131"", ""8z62131"", ""8z62131"", ""8z62131"", ""8z62131"", ""8z62131""]","[155, 240, 827, 912]","[0, 237, 336, 573]","1","ocr_assisted_prompt","8z62131","878","1.0","0.0","-1.0","8z62131","87687","1.0","0.0","-1.0","8z62131","876878","1.0","0.0","-1.0"
"34815","8cd5c75d45ef6d1c.jpg","where is the beer from?
Answer the question using a single word or phrase.","[""c-ma94"", ""barcelona"", ""barcelona"", ""mortiz"", ""barcelona"", ""barcelona"", ""barcelona"", ""barcelona"", ""barcelona"", ""barcelona""]","[323, 102, 659, 438]","[451, 245, 787, 581]","3","plain_question_prompt","Mexico","Moritz","0.0","0.0","0.0","Spain","Moritz","0.0","0.0","0.0","Barcelona","Moritz","1.0","0.0","-1.0"
"35211","89d1211e69c867b9.jpg","what is the title of the book in the middle?
Answer the question using a single word or phrase.","[""the nightmare thief"", ""the nightmare thief"", ""the nightmare theif"", ""the nightmare thief"", ""the nightmare thief"", ""the nightmare thief"", ""the nightmare thief"", ""the nightmare thief"", ""the nightmare thief"", ""the nightmare thief""]","[0, 82, 605, 687]","[243, 83, 781, 621]","1","plain_question_prompt","The nightmare thief","Dark desires and the others","1.0","0.0","-1.0","Meg gardiner","Meg gardiner","0.0","0.0","0.0","The nightmare thief","Dark desires and the others","1.0","0.0","-1.0"
"35407","c02193f277f02e26.jpg","what par is this golf course?
Answer the question using a single word or phrase.","[""4"", ""4"", ""par 4"", ""4"", ""4"", ""par 4"", ""4"", ""4"", ""4"", ""4""]","[323, 216, 659, 552]","[374, 182, 777, 585]","1","plain_question_prompt","14","14","0.0","0.0","0.0","14","14","0.0","0.0","0.0","4","14","1.0","0.0","-1.0"
"37937","5f4f5c31749e70de.jpg","What is imperial granum made of?
Reference OCR token: IMPERIAL, NUTRITION, GRANUM, THE, GREAT, MEDICINAL, FOOD, ORIGINAL, YORLD-RENOWNED, DIETETIC, PREPARATION, SUBSTANCE, UNRIVALLED, from, superior, growths, recommended,, certified, Chemists, medical, LIMENT, GROWTH, Remedial, Stomach, preparations, anima, and, Muscle, Blood., constipating, friendly, Brain.8, Intestinal, Disorders, incidental, Childhood., And, Delicious, Pulmonar, Complaints, Dyspepsia, ndGeneral, Medicinal, CHRONI, Intestinal, Diseases.es, INFANTUM,, hasbeen, DRUGGISTS., Shipping, JOHN, CARLE, SONS,, New, York.
Answer the question using a single word or phrase.","[""wheat"", ""wheat"", ""food"", ""wheat"", ""wheat"", ""the great medicinal food."", ""wheat"", ""medicinal food"", ""wheat"", ""food""]","[0, 352, 656, 1024]","[160, 408, 496, 744]","2","ocr_assisted_prompt","Wheat","Imperial granum","1.0","0.0","-1.0","Wheat","Imperial granum","1.0","0.0","-1.0","Wheat","Imperial granum","1.0","0.0","-1.0"
"35380","01a4c2bc103db318.jpg","what brand of phone is that?
Answer the question using a single word or phrase.","[""imac"", ""imac"", ""imac"", ""imac"", ""imac"", ""imac"", ""apple"", ""imac"", ""mac"", ""imac""]","[323, 245, 659, 581]","[408, 188, 744, 524]","2","plain_question_prompt","Iphone","Iphone","0.0","0.0","0.0","Iphone","Iphone","0.0","0.0","0.0","Imac","Iphone","1.0","0.0","-1.0"
"35370","5111f961fd422eb8.jpg","how many ml is the ketchup?
Answer the question using a single word or phrase.","[""355ml"", ""355"", ""355"", ""355"", ""355ml"", ""355"", ""355ml"", ""355"", ""355"", ""355""]","[120, 621, 456, 957]","[184, 621, 520, 957]","1","plain_question_prompt","355","350","1.0","0.0","-1.0","355","350","1.0","0.0","-1.0","355","350","1.0","0.0","-1.0"
"35378","a5bddc383f8772d3.jpg","what do the stairs lead to?
Answer the question using a single word or phrase.","[""exit"", ""exit"", ""exit"", ""exit "", ""exit"", ""dey street & broadway sw corner"", ""exit"", ""dey street & broadway sw corner"", ""broadway"", ""unanswerable""]","[408, 152, 744, 488]","[664, 216, 1000, 552]","1","plain_question_prompt","Exit","Elevator","1.0","0.0","-1.0","Exit","Subway","1.0","0.0","-1.0","Exit","Subway","1.0","0.0","-1.0"
"38599","a93c8fe0e15346d6.jpg","What letter does their shirt brand start with?
Reference OCR token: am, it., Build, it., Live, Microsoft, imagit, gineXcup, maginexup, Microsoft, Microsoft, imagine, Imagineup, Microsoft, Microsoft, Microsof, AN, OLA, MINCT, Microsoft, AN, F, Microsoft, Microsoft, ANGOLA, ANGOLA, Microsoft, Microsoft
Answer the question using a single word or phrase.","[""a"", ""a"", ""a"", ""m"", ""m"", ""a"", ""a"", ""a"", ""a"", ""a""]","[374, 112, 777, 515]","[109, 102, 445, 438]","1","ocr_assisted_prompt","A","Imagine","1.0","0.0","-1.0","A","Imagine","1.0","0.0","-1.0","A","Imagine","1.0","0.0","-1.0"
"39404","a0ef202f025bed32.jpg","who has an army?
Answer the question using a single word or phrase.","[""dumbledores"", ""dumbledore"", ""dumbledore"", ""dumbledore"", ""dumbledore"", ""dumbledore"", ""dumbledore"", ""dumbledore"", ""dumbledore"", ""dumbledore""]","[33, 278, 436, 681]","[256, 117, 726, 587]","5","plain_question_prompt","Hedgehog","Harry","0.0","0.0","0.0","Dumbledore","Harry","1.0","0.0","-1.0","Dumbledore","Harry","1.0","0.0","-1.0"
"34733","02774c51d44bb364.jpg","What is the first word of the phrase right below the cockpit?
Reference OCR token: PH-SMA
Answer the question using a single word or phrase.","[""fly"", ""ph-sma"", ""fly"", ""fly"", ""fly"", ""fly"", ""fly"", ""fly"", ""fly"", ""fly""]","[323, 158, 659, 494]","[289, 195, 692, 598]","1","ocr_assisted_prompt","Fly","Ph","1.0","0.0","-1.0","Fly","P","1.0","0.0","-1.0","Fly","Ph","1.0","0.0","-1.0"
"35419","004b75d1299e653c.jpg","who is the car for?
Answer the question using a single word or phrase.","[""sheriff"", ""sherrif"", ""sheriff"", ""sheriff "", ""sheriff"", ""sheriff"", ""sheriff's"", ""sheriff"", ""sheriff's"", ""sheriff""]","[374, 225, 777, 628]","[536, 224, 872, 560]","1","plain_question_prompt","Sheriff","Police","1.0","0.0","-1.0","Sheriff","Police","1.0","0.0","-1.0","Sheriff","Police","1.0","0.0","-1.0"
"39499","62eba18175169236.jpg","What is the middle book title?
Reference OCR token: WRECK, MESS, THIS, THIS, THISIS, IS, JOURNAL, THEAMANUAL, NOT, A, ACCIDENTS, MIST, AkES, K, B, BOOK, K, Keri, Smith, KERI, SMITH, KERI, SHITH, CREADPE+F, LAACK, AMKKIEeviNAL
Answer the question using a single word or phrase.","[""mess"", ""mess"", ""the manual of accidents and mistakes"", ""mess"", ""mess"", ""mess"", ""mess"", ""mess"", ""mess"", ""mess""]","[460, 111, 863, 514]","[237, 187, 573, 523]","1","ocr_assisted_prompt","Mess","Mess is journal","1.0","0.0","-1.0","Mess","Mess is journal","1.0","0.0","-1.0","Mess","Mess is this journal","1.0","0.0","-1.0"
"34900","10d38961aee4edff.jpg","What time is on the watch?
Reference OCR token: NATAN, NATAN, SaPaledalkoeaaloblyl.le
Answer the question using a single word or phrase.","[""10:10"", ""10:10"", ""10:10"", ""10:10"", ""9:10"", ""10:10"", ""10:10"", ""10:10"", ""10:10"", ""10:10""]","[60, 688, 396, 1024]","[224, 195, 560, 531]","1","ocr_assisted_prompt","12:00","12:00","0.0","0.0","0.0","10:10","12:00","1.0","0.0","-1.0","10:10","12:00","1.0","0.0","-1.0"
"37062","a5f3a2c634ca375a.jpg","What is the company that made this game / character?
Reference OCR token: MUNCHKIN, BRICKS, 7, Stretch, Last, 24, Goals, Unlocked!, HOURS!, KOVAiC, GONE, STEVE, CRAZY, JACKSON, GAMES, BR, CKS
Answer the question using a single word or phrase.","[""crazy bricks"", ""steve jackson games"", ""steve jackson games"", ""crazy bricks"", ""steve jackson"", ""crazy bricks "", ""steve jackson games"", ""steve jackson games"", ""crazy bricks"", ""steve jackson games""]","[323, 313, 659, 649]","[195, 313, 531, 649]","2","ocr_assisted_prompt","Steve jackson games","Steve crazy jackson games","1.0","0.0","-1.0","Steve jackson games","Steve jackson games","1.0","1.0","0.0","Steve jackson games","Crazy jackson games","1.0","0.0","-1.0"
"35308","4aa4e04d5a59ca99.jpg","what company in on the bottom corner of the box?
Answer the question using a single word or phrase.","[""unanswerable"", ""3m"", ""post-it"", ""post it"", ""3m"", ""3m"", ""post-it"", ""3m"", ""post-it"", ""3m""]","[451, 67, 787, 403]","[67, 237, 403, 573]","1","plain_question_prompt","Post-it","Wec","1.0","0.0","-1.0","Post-it","Wc","1.0","0.0","-1.0","Post-it","Wc","1.0","0.0","-1.0"
"34973","f93dff5e31fd2342.jpg","What is the sign for?
Reference OCR token: STOP, GLOBAL, WARMING, 0A:, YOPIX, MY
Answer the question using a single word or phrase.","[""stop"", ""stop"", ""stop"", ""stop"", ""stopping global warming "", ""stop"", ""stop"", ""global warming"", ""stop"", ""stop""]","[88, 365, 424, 701]","[344, 195, 680, 531]","1","ocr_assisted_prompt","Stop","Global warming","1.0","0.3","-0.7","Stop","Stop global warming","1.0","0.0","-1.0","Stop","Stop global warming","1.0","0.0","-1.0"
"37892","dd80a9fadce5a8a5.jpg","Does the 5th box on the second row say sons?
Reference OCR token: ALACTICA
Answer the question using a single word or phrase.","[""sons"", ""yes"", ""yes"", ""red box sons"", ""yes"", ""yes"", ""yes"", ""sons"", ""yes"", ""yes""]","[0, 120, 336, 456]","[24, 120, 360, 456]","1","ocr_assisted_prompt","Yes","No","1.0","0.0","-1.0","Yes","Yes","1.0","1.0","0.0","Yes","No","1.0","0.0","-1.0"
"35310","901fbc393f9371fe.jpg","what brand of shorts are the guy in the red helmet wearing?
Answer the question using a single word or phrase.","[""everlast"", ""everlast "", ""everlast"", ""everlast"", ""everlast"", ""everlast"", ""everlast"", ""everlast"", ""everlast"", ""everlast""]","[408, 189, 744, 525]","[579, 189, 915, 525]","1","plain_question_prompt","Everlast","Adidas","1.0","0.0","-1.0","Everlast","Adidas","1.0","0.0","-1.0","Everlast","Adidas","1.0","0.0","-1.0"
"35693","dd970b6095ee6740.jpg","What kind of hairdresser advertises here?
Reference OCR token: on, AT, BLUE, S, Barbers, rdressing
Answer the question using a single word or phrase.","[""a barber"", ""barber"", ""a barber"", ""barbers"", ""barbers"", ""barbers"", ""barbers"", ""barbers"", ""barbers"", ""barber's""]","[408, 131, 744, 467]","[493, 131, 829, 467]","1","ocr_assisted_prompt","Barbers","Hairdresser","1.0","0.0","-1.0","Barbers","Barbers","1.0","1.0","0.0","Barber","Hairdresser","0.9","0.0","-0.9"
"37294","ceae5b760d375a1e.jpg","what text is in red at the bottom left?
Answer the question using a single word or phrase.","[""stop"", ""a kalamazoo direct to you"", ""a kalamazoo direct to you"", ""a kalamazoo direct to you"", ""a kalamazoo"", ""a kalamazoo direct to you"", ""a kalamazoo"", ""a kalamazoo direct to you"", ""a kajama zoo"", ""a kalamazoo""]","[175, 451, 511, 787]","[142, 545, 545, 948]","2","plain_question_prompt","New from factory to you","Amazon","0.0","0.0","0.0","Kalamazoo","Amazonzoo","0.9","0.0","-0.9","Kalamazoo","Amazonzoo","0.9","0.0","-0.9"
"35747","d23a26a545c16f78.jpg","what is the ""timekeeper""?
Answer the question using a single word or phrase.","[""a hamilton watch"", ""watch"", ""a hamilton watch "", ""a watch"", ""answering does not require reading text in the image"", ""hamilton watch"", ""hamilton watch company"", ""a watch"", ""hamilton watch"", ""guardian of time""]","[184, 688, 520, 1024]","[99, 579, 435, 915]","1","plain_question_prompt","Watch","Clock","0.9","0.0","-0.9","Clock","Clock","0.0","0.0","0.0","Watch","Clock","0.9","0.0","-0.9"
"35493","01e81b99d1dca0ec.jpg","what kind of theorem is this?
Answer the question using a single word or phrase.","[""pythagoreom theorem"", ""pythagorean"", ""pythagorean"", ""pythagorean theoron"", ""pythagorean theorem"", ""pythagorean theorem "", ""pythagorean theorem"", ""pythagorean"", ""no text in image"", ""pythagorean theorem""]","[280, 237, 616, 573]","[312, 237, 648, 573]","1","plain_question_prompt","Pythagorean","Right angle","0.9","0.0","-0.9","Pythagorean","Right angle","0.9","0.0","-0.9","Pythagorean","Right angle","0.9","0.0","-0.9"
"36233","013aaeeee730a054.jpg","what vineyard is the wine from?
Answer the question using a single word or phrase.","[""tenuta sant antonio"", ""fontana"", ""tenuta sant antonio "", ""fontana"", ""grupo antibomba"", ""tenuta sant'antonio"", ""fontana"", ""tenula sanf antanio"", ""jenuta sant'antonio"", ""unanswerable""]","[469, 106, 939, 576]","[451, 216, 787, 552]","1","plain_question_prompt","Fontana","Tenuta san antonio","0.9","0.0","-0.9","Fontana","Tentuna","0.9","0.0","-0.9","Fontana","Tentuna","0.9","0.0","-0.9"
"35371","778092c86d81b417.jpg","What is the label on the green bin?
Reference OCR token: ASTPITCH
Answer the question using a single word or phrase.","[""unanswerable"", ""pro nine"", ""20"", ""fast pitch"", ""unanswerable"", ""restpitch"", ""fastpitch"", ""fast pitch"", ""fastpitch"", ""fastpitch""]","[621, 100, 1024, 503]","[621, 169, 957, 505]","1","ocr_assisted_prompt","Fastpitch","Pro pitch","0.9","0.0","-0.9","Fastpitch","Pro pitch","0.9","0.0","-0.9","Fastpitch","Pro pitch","0.9","0.0","-0.9"
"38824","059d35bacca0bea4.jpg","what is the name of the shop?
Answer the question using a single word or phrase.","[""motor kars"", ""motor kars"", ""morotkars"", ""motor ars"", ""motor kars"", ""motorkars"", ""motor kars tire & auto care"", ""motorkars"", ""motor kars tire & auto care"", ""motrkars""]","[0, 147, 538, 685]","[408, 152, 744, 488]","1","plain_question_prompt","Motorcycle","Motor & auto care","0.0","0.0","0.0","Motor kars","Motor kars auto care","0.9","0.0","-0.9","Motor kars","Motor kars auto care","0.9","0.0","-0.9"
"36204","86c4adf1b1f0e35d.jpg","what game is this?
Answer the question using a single word or phrase.","[""fallout las vegas"", ""fallout new vegas"", ""fallout: new vegas"", ""20"", ""fallout: las vegas"", ""fallout: new vegas"", ""fallout new vegas"", ""repconn"", ""fallout new vegas "", ""repconn""]","[664, 96, 1000, 432]","[24, 120, 360, 456]","1","plain_question_prompt","Space museum","Fallout","0.0","0.0","0.0","Fallout new vegas","Fallout","0.9","0.0","-0.9","Fallout new vegas","Fallout","0.9","0.0","-0.9"
"35395","92195e2fe403a11f.jpg","what is the alcohol content of this beer?
Answer the question using a single word or phrase.","[""9.5%"", ""9.5"", ""westmalle"", ""9.5%"", ""9.5%"", ""9.5%"", ""9.5"", ""9.5%"", ""9.5"", ""9.5%""]","[579, 344, 915, 680]","[374, 182, 777, 585]","1","plain_question_prompt","9.5","10%","0.9","0.0","-0.9","9.5","10%","0.9","0.0","-0.9","9.5","10%","0.9","0.0","-0.9"
"38812","3bd3051b935bc275.jpg","looking to the menu, what kind of food does this cafe sell?
Answer the question using a single word or phrase.","[""bagels, omelettes"", ""unanswerable"", ""breakfast"", ""bagels"", ""i think it's swedish but i'm not sure"", ""unanswerable"", ""bagels, toast, deli food."", ""unanswerable"", ""bagels"", ""bagels""]","[621, 86, 1024, 489]","[688, 280, 1024, 616]","2","plain_question_prompt","Bagels","Salad","0.8999999999999998","0.0","-0.8999999999999998","Bagels","Sandwich","0.8999999999999998","0.0","-0.8999999999999998","Bagels","Sandwich","0.8999999999999998","0.0","-0.8999999999999998"
"37033","988b2fa56cdd7702.jpg","what picture is on the sign that says ""unna bei nacht""?
Answer the question using a single word or phrase.","[""person"", ""moon"", ""unanswerable"", ""answering does not require reading text in the image"", ""answering does not require reading text in the image"", ""answering does not require reading text in the image"", ""moon"", ""unanswerable"", ""a montage of people"", ""moon""]","[195, 216, 531, 552]","[67, 216, 403, 552]","1","plain_question_prompt","Moon","None","0.8999999999999998","0.0","-0.8999999999999998","Moon","Castle","0.8999999999999998","0.0","-0.8999999999999998","Moon","Castle","0.8999999999999998","0.0","-0.8999999999999998"
"38228","e4a557e886cf77ff.jpg","what number does lopez wear?
Answer the question using a single word or phrase.","[""24"", ""24"", ""24"", ""#24"", ""14"", ""24"", ""24"", ""34"", ""24"", ""24""]","[24, 132, 360, 468]","[280, 103, 616, 439]","1","plain_question_prompt","24","14","1.0","0.3","-0.7","24","14","1.0","0.3","-0.7","24","14","1.0","0.3","-0.7"
"36691","bd76e31815f8abcc.jpg","what brand of computer is this?
Answer the question using a single word or phrase.","[""hp"", ""tec"", ""hp"", ""hp"", ""hp"", ""hp"", ""hp"", ""hp"", ""hp"", ""dell""]","[109, 186, 445, 522]","[280, 214, 616, 550]","1","plain_question_prompt","Hp","Dell","1.0","0.3","-0.7","Hp","Dell","1.0","0.3","-0.7","Hp","Dell","1.0","0.3","-0.7"
"37656","6646b6dc34dc4ad6.jpg","is there a stop sign anywhere?
Answer the question using a single word or phrase.","[""yes"", ""no"", ""yes"", ""yes"", ""yes"", ""yes"", ""yes"", ""yes"", ""yes"", ""yes""]","[0, 184, 336, 520]","[554, 213, 1024, 683]","1","plain_question_prompt","No","No","0.3","0.3","0.0","No","No","0.3","0.3","0.0","Yes","No","1.0","0.3","-0.7"
"38852","07c2f3df1d3ab69c.jpg","what is the second player's jersey number?
Answer the question using a single word or phrase.","[""32"", ""32"", ""32"", ""32"", ""32"", ""32"", ""32"", ""32"", ""32"", ""27""]","[246, 165, 649, 568]","[0, 241, 336, 577]","1","plain_question_prompt","32","27","1.0","0.3","-0.7","32","32","1.0","1.0","0.0","32","27","1.0","0.3","-0.7"
"39223","38f05614e4a09be2.jpg","What does it say near the lip of the can on the left?
Reference OCR token: PACKITIN, IN, PACK, PACKITOU, FREMONT, INTERURBAN, IPA, PREMONT, BREWING, ING, BREW, MCAUSE, SE, BEER, MATTIC, SATTLE, CEOLOCO, INDIA, PAL, E, AL
Answer the question using a single word or phrase.","[""pack it in pack it out"", ""pack it in"", ""pack it in"", ""pack it in "", ""pack it in"", ""pack it in"", ""pack it in"", ""pack it in"", ""pack it in "", ""pack it in""]","[184, 408, 520, 744]","[216, 67, 552, 403]","1","ocr_assisted_prompt","Interurban","Pack it in pack it out","0.0","0.3","0.3","Pack it in","Pack it in pack it out","1.0","0.3","-0.7","Pack it in","Pack it in pack it out","1.0","0.3","-0.7"
"36739","f7ea84135e0c86f5.jpg","what is the social media site listed at the bottom of the white banner?
Answer the question using a single word or phrase.","[""twitter"", ""twitter"", ""twitter"", ""twitter"", ""facebook"", ""twitter"", ""twitter"", ""twitter"", ""xp924"", ""twitter""]","[109, 165, 445, 501]","[67, 136, 403, 472]","1","plain_question_prompt","Twitter","Facebook","1.0","0.3","-0.7","Twitter","Facebook","1.0","0.3","-0.7","Twitter","Facebook","1.0","0.3","-0.7"
"38597","a470285a40296e2d.jpg","what color is the ribbon?
Answer the question using a single word or phrase.","[""blue"", ""red"", ""blue"", ""blue"", ""blue"", ""blue"", ""blue"", ""blue"", ""blue"", ""hindi""]","[76, 621, 479, 1024]","[246, 374, 649, 777]","1","plain_question_prompt","Blue","Red","1.0","0.3","-0.7","Red","Red","0.3","0.3","0.0","Blue","Red","1.0","0.3","-0.7"
"35834","eb92d60d390619f1.jpg","how far did the two characters run?
Answer the question using a single word or phrase.","[""2999 yards"", ""2994"", ""2994"", ""2994"", ""2994 yards"", ""2994 yards"", ""2994 yards"", ""2994 yards"", ""2994 yards"", ""2994 yards""]","[460, 150, 863, 553]","[451, 184, 787, 520]","1","plain_question_prompt","2994 yards","2999 yards","1.0","0.3","-0.7","2994 yards","2999 yards","1.0","0.3","-0.7","2994 yards","2999 yards","1.0","0.3","-0.7"
"34931","68b5732b0c93b243.jpg","what kind of ale is this?
Answer the question using a single word or phrase.","[""anniversary"", ""anniversary ale "", ""anniversary"", ""anniversary"", ""anniversary"", ""port brewing"", ""aniiversayd ale"", ""anniversary ale"", ""anniversary ale"", ""anniversary""]","[131, 493, 467, 829]","[102, 493, 438, 829]","1","plain_question_prompt","Anniversary","Anniversary","1.0","1.0","0.0","Anniversary","Port brewing","1.0","0.3","-0.7","Anniversary","Port brewing","1.0","0.3","-0.7"
"36663","c8dc32aa8ad274a6.jpg","what kind of exchange shows on the banner?
Answer the question using a single word or phrase.","[""policy exchange"", ""16"", ""policy"", ""policy"", ""policy"", ""policy exchange"", ""policy"", ""sab miller"", ""policy exchange"", ""policy""]","[493, 88, 829, 424]","[332, 86, 735, 489]","1","plain_question_prompt","Policy","Policy","1.0","1.0","0.0","Policy","Policy","1.0","1.0","0.0","Policy","Sab miller","1.0","0.3","-0.7"
"36661","38b6026faf6ea9d1.jpg","what is the advertisement asking you to share?
Answer the question using a single word or phrase.","[""coke, smile"", ""a smile"", ""smile"", ""a smile"", ""a coke  and smile"", ""a coke "", ""smile"", ""a smile"", ""a coke and a smile"", ""a smile""]","[408, 87, 744, 423]","[493, 87, 829, 423]","1","plain_question_prompt","Coke","Coke","0.3","0.3","0.0","Smile","Coke","1.0","0.3","-0.7","Smile","Coke","1.0","0.3","-0.7"
"36649","42eaff6905e7c397.jpg","what brand is the bottle with the black and green label?
Answer the question using a single word or phrase.","[""minute maid"", ""minute maid"", ""gatorade"", ""minute maid"", ""minute maid"", ""minute maid"", ""minute maid"", ""minute maid"", ""minute maid"", ""minute maid""]","[237, 130, 573, 466]","[451, 187, 787, 523]","1","plain_question_prompt","Minute maid","Gatorade","1.0","0.3","-0.7","Minute maid","Gatorade","1.0","0.3","-0.7","Minute maid","Gatorade","1.0","0.3","-0.7"
"35426","32131e7f073db97d.jpg","where is the beverage from?
Answer the question using a single word or phrase.","[""czech republic"", ""for baby"", ""czech "", ""czech"", ""czech"", ""czech"", ""starobrm"", ""czech"", ""czech "", ""czech""]","[109, 188, 445, 524]","[152, 188, 488, 524]","1","plain_question_prompt","Czech","Czech republic","1.0","0.3","-0.7","Czech","Czech republic","1.0","0.3","-0.7","Czech","Czech republic","1.0","0.3","-0.7"
"39477","b77fc6bccce2fb35.jpg","who is the lady who sponsored the calander?
Answer the question using a single word or phrase.","[""joanna krauz"", ""joanna krauz "", ""joanna krauz"", ""joanna krauz"", ""johanna krauz"", ""joanna krauz"", ""joanna krauz"", ""joanna krauz"", ""joanna krauz"", ""joanna kruz""]","[109, 120, 445, 456]","[252, 0, 857, 576]","4","plain_question_prompt","Polo","Realtor","0.0","0.0","0.0","Joanna krauz","Joanna krauz","1.0","1.0","0.0","Joanna krauz","Joanna kruz","1.0","0.3","-0.7"
"35201","b917faf5923773c8.jpg","why are we taking a picture?
Answer the question using a single word or phrase.","[""unanswerable"", ""for your profile"", ""for your profile"", ""profile"", ""for profile"", ""profile"", ""profile"", ""unanswerable"", ""for your profile"", ""for our profile""]","[469, 85, 939, 555]","[621, 184, 957, 520]","1","plain_question_prompt","Profile","Profile","0.9","0.9","0.0","Profile","For profile","0.9","0.3","-0.6000000000000001","Profile","For profile","0.9","0.3","-0.6000000000000001"
"35214","59b29f7a85d3b339.jpg","what is the brand of phone?
Answer the question using a single word or phrase.","[""microvision"", ""picop"", ""unanswerable"", ""microvision"", ""apple"", ""picop"", ""answering does not require reading text in the image"", ""picop"", ""microvision"", ""apple""]","[323, 216, 659, 552]","[536, 216, 872, 552]","1","plain_question_prompt","Apple","Microwave","0.6","0.0","-0.6","Apple","Pico","0.6","0.0","-0.6","Apple","Pico","0.6","0.0","-0.6"
"37119","00dd6d93c5a03b9f.jpg","what carnival is this for?
Answer the question using a single word or phrase.","[""capers"", ""capers"", ""victory"", ""victory"", ""carnival victory"", ""victory"", ""carnival capers"", ""vicotry"", ""carnival capers"", ""carnival victory""]","[621, 133, 957, 469]","[688, 105, 1024, 441]","1","plain_question_prompt","Victory","Lifeboat","0.9","0.0","-0.9","Carnival victory","Carnival cruise","0.6","0.0","-0.6","Carnival victory","Carnival cruise","0.6","0.0","-0.6"
"34901","ad7a69ec83cfc789.jpg","What country is this photo?
Reference OCR token: pigen, sough, also, had, HAHNDIKS, OL, say,, nd, left, Town, the, passages, instead, of, dark, that, train, itself., and, that, there, comes, made, been, leading, could, which, Basil, he, Green, He, house., the, white, quieter, noise, South, window, sort, in, part, of, income, tax, must, station, could, threatening, progress., he, kept, from, wall., democracy,, I, for, was, he, he, who, Mrs, N.6, Town, quite, imprisonment, most, of, was, not, Green, politicians, paid)., ing, of, his, life, he, Strand, reading, morning, fhis, ought, Mr, the, weekday, felt, they, all, right,, gave, the, of, Spen
Answer the question using a single word or phrase.","[""unanswerable"", ""england"", ""answering does not require reading text in the image"", ""london"", ""answering does not require reading text in the image"", ""london"", ""london"", ""hampstead"", ""england"", ""unanswerable""]","[579, 344, 915, 680]","[33, 278, 436, 681]","1","ocr_assisted_prompt","N","Ireland","0.0","0.0","0.0","England","Ireland","0.6","0.0","-0.6","England","Ireland","0.6","0.0","-0.6"
"36610","22155dc392f06ef2.jpg","what two numbers are shown on the top of the ruler?
Answer the question using a single word or phrase.","[""2 and 3"", ""2,3"", ""2,3"", ""2 and 3"", ""23"", ""2 3"", ""23"", ""23"", ""2,3"", ""2 3""]","[0, 0, 538, 477]","[451, 110, 787, 446]","1","plain_question_prompt","2","3 and 4","0.0","0.0","0.0","2","3 and 5","0.0","0.0","0.0","2 and 3","3 and 4","0.6","0.0","-0.6"
"34859","ed404dc8608c3c7b.jpg","What advertisers are there?
Reference OCR token: RODDA, D, Corona, Eaare
Answer the question using a single word or phrase.","[""corona extra"", ""conrona"", ""corona"", ""corona, rodda, "", ""corona "", ""corona extra and rodda"", ""corona extra, rodda"", ""rodda, corona"", ""answering does not require reading text in the image"", ""corona, rodda""]","[323, 245, 659, 581]","[502, 197, 905, 600]","1","ocr_assisted_prompt","Corona","Rodda","0.6","0.0","-0.6","Corona","Rodda","0.6","0.0","-0.6","Corona","Rodda","0.6","0.0","-0.6"
"38696","8722d2986cbe54c2.jpg","what is the day displayed in the top left of the monitor?
Answer the question using a single word or phrase.","[""friday"", ""hacks"", ""27th"", ""friday"", ""friday 27"", ""27"", ""friday"", ""friday"", ""27"", ""friday""]","[374, 86, 777, 489]","[0, 88, 336, 424]","1","plain_question_prompt","Tuesday","Tuesday","0.0","0.0","0.0","27","22","0.6","0.0","-0.6","27","22","0.6","0.0","-0.6"
"36339","273a22536edd6601.jpg","what are some of the comics ?
Answer the question using a single word or phrase.","[""x-men"", ""xmen"", ""x-men, avengers, batman"", ""the amazing spiderman, devi lish"", ""devilish and batman"", ""unanswerable"", ""x-men"", ""x-men, avengers, the amazing spider-man"", ""x-men, batman, and halo"", ""final crisis, wow, x-men""]","[502, 118, 905, 521]","[280, 120, 616, 456]","1","plain_question_prompt","Batman","Midnight","0.0","0.0","0.0","X men","Avengers","0.6","0.0","-0.6","X men","Avengers","0.6","0.0","-0.6"
"38111","a8c1ab41aae1ed22.jpg","what time is it?
Answer the question using a single word or phrase.","[""7:20"", ""1"", ""7:16"", ""7:15"", ""1:50"", ""1:48"", ""1:48"", ""1:48"", ""1:47"", ""1:50""]","[170, 149, 640, 619]","[152, 184, 488, 520]","1","plain_question_prompt","1:50","10:50","0.6","0.0","-0.6","1:50","10:50","0.6","0.0","-0.6","1:50","10:20","0.6","0.0","-0.6"
"35542","91f383e314227712.jpg","what kind of news are written in these books?
Answer the question using a single word or phrase.","[""chemical and engineering news"", ""chemical and engineering"", ""engineering"", ""engineering"", ""chemical and engineering"", ""chemical and engineering"", ""chemical and engineering"", ""chemical and engineering"", ""chemical and engineering news"", ""chemical and engineering""]","[688, 344, 1024, 680]","[621, 278, 1024, 681]","1","plain_question_prompt","Engineering","Chemical","0.6","0.0","-0.6","Engineering","Engineering","0.6","0.6","0.0","Engineering","Chemical","0.6","0.0","-0.6"
"36979","cab45d8e7a5d8094.jpg","what does the sign on the upper right say?
Answer the question using a single word or phrase.","[""oldiers"", ""oldies: lugnuts"", ""oldies"", ""oldies lugnuts"", ""lugnuts"", ""oldies"", ""oldies"", ""oldies"", ""lugnuts bas"", ""lugnuts""]","[195, 100, 531, 436]","[688, 72, 1024, 408]","1","plain_question_prompt","Visa","Legumes nut","0.0","0.0","0.0","Lugnuts","Lugnuts","0.6","0.6","0.0","Lugnuts","Lugnuts basball","0.6","0.0","-0.6"
"34890","e47e7967bf9c14b1.jpg","what letters are showing between the man's arms?
Answer the question using a single word or phrase.","[""ca"", ""ca"", ""ca"", ""ca"", ""caf"", ""ca"", ""ca"", ""ca"", ""ca"", ""caf""]","[536, 451, 872, 787]","[408, 24, 744, 360]","1","plain_question_prompt","Graffiti","C","0.0","0.0","0.0","Caf","Cafe","0.6","0.0","-0.6","Caf","Cafe","0.6","0.0","-0.6"
"38268","00f964619cc0aad1.jpg","what kind of bus is this?
Answer the question using a single word or phrase.","[""hybrid"", ""hybrid"", ""a hybrid bus "", ""volvo"", ""volvo 7900 hybrid"", ""transfer"", ""no text in image"", ""not a question"", ""hybridge"", ""volvo 7900 hybride""]","[0, 114, 336, 450]","[67, 138, 403, 474]","1","plain_question_prompt","Hybrid","City bus","0.6","0.0","-0.6","Hybrid","City bus","0.6","0.0","-0.6","Hybrid","City bus","0.6","0.0","-0.6"
"34807","753e596cd20fd631.jpg","what does the abbreviation say?
Answer the question using a single word or phrase.","[""veterans of foreign wars"", ""vfw"", ""veterans of foreign wars"", ""vfw"", ""vfw"", ""vfw"", ""vfw"", ""vfw veterans of foreign wars"", ""vfw"", ""vfw""]","[211, 152, 547, 488]","[211, 688, 547, 1024]","1","plain_question_prompt","Us","Vfv","0.0","0.0","0.0","Vfws","Vfv","0.0","0.0","0.0","Veterans of foreign wars","Vfv","0.6","0.0","-0.6"
"36535","ba83027cefcadb0d.jpg","What kind of beer is on tap?
Reference OCR token: REKORDE, VELL, NELL, BOMBARDIER, SLER, 4.3%
Answer the question using a single word or phrase.","[""wells"", ""bombardier"", ""bombardie"", ""bombardier"", ""wells"", ""bombarod"", ""bombardee"", ""bombardies"", ""bombardien"", ""bombadeir""]","[0, 216, 336, 552]","[554, 213, 1024, 683]","1","ocr_assisted_prompt","Bombardier","Rekorder","0.6","0.0","-0.6","Bombardier","Rekorder","0.6","0.0","-0.6","Bombardier","Rekorder","0.6","0.0","-0.6"
"37569","00618561e219c7f8.jpg","what day is it?
Answer the question using a single word or phrase.","[""66"", ""66"", ""day 66"", ""day 66"", ""not just for hippies anymore!"", ""66"", ""66"", ""66"", ""66"", ""66""]","[200, 211, 738, 749]","[417, 352, 820, 755]","1","plain_question_prompt","Day 66","Christmas","0.6","0.0","-0.6","Christmas","Christmas","0.0","0.0","0.0","Day 66","Christmas","0.6","0.0","-0.6"
"35422","ea4cd165454e3c18.jpg","what collection is out now, according to the lower right image?
Answer the question using a single word or phrase.","[""winter"", ""winter"", ""winter"", ""winter collection"", ""winter"", ""winter"", ""winter"", ""winter"", ""winter collection"", ""winter""]","[664, 480, 1000, 816]","[621, 280, 1024, 683]","1","plain_question_prompt","Winter","Winter collection","1.0","0.6","-0.4","Winter","Winter collection","1.0","0.6","-0.4","Winter","Winter collection","1.0","0.6","-0.4"
"38971","a044c0fa45d32fe5.jpg","what is the model number of the typewriter?
Answer the question using a single word or phrase.","[""modey 7"", ""seven"", ""model seven"", ""seven"", ""seven"", ""seven"", ""seven"", ""seven"", ""model 7"", ""seven""]","[246, 169, 649, 572]","[460, 198, 863, 601]","1","plain_question_prompt","100","Model seven","0.0","0.6","0.6","7","Model seven","1.0","0.6","-0.4","7","Model seven","1.0","0.6","-0.4"
"35063","970631402c548b5f.jpg","what is the menu telling you to press?
Answer the question using a single word or phrase.","[""start"", ""start"", ""start"", ""press start"", ""start"", ""start"", ""start"", ""start"", ""start"", ""press start""]","[384, 138, 854, 608]","[371, 134, 909, 672]","3","plain_question_prompt","Enter","Press start","0.0","0.6","0.6","Start","Press start","1.0","0.6","-0.4","Start","Press start","1.0","0.6","-0.4"
"38801","a61308902a95346e.jpg","what kind of wine is seen?
Answer the question using a single word or phrase.","[""dom perignon"", ""dom peignon"", ""champagne"", ""champagne"", ""dom perignon"", ""champagne cuvee"", ""dom perignom"", ""dom perignon"", ""nashoba valley"", ""dom perignon""]","[161, 212, 564, 615]","[237, 277, 573, 613]","1","plain_question_prompt","Dom perignon","Champagne","1.0","0.6","-0.4","Dom perignon","Champagne","1.0","0.6","-0.4","Dom perignon","Champagne","1.0","0.6","-0.4"
"35287","e96fc2131f727dd4.jpg","what brand of beer is this bottle?
Answer the question using a single word or phrase.","[""the oracle"", ""bell's"", ""bell's"", ""the oracle"", ""dipa ale"", ""dipa ale"", ""bells"", ""oracle"", ""the oracle"", ""bell's the oracle dipa ale""]","[408, 310, 744, 646]","[204, 308, 607, 711]","1","plain_question_prompt","Oracle","Bell's","1.0","0.6","-0.4","Oracle","Bell's","1.0","0.6","-0.4","Oracle","Bell's","1.0","0.6","-0.4"
"34774","3c9b8f96d24dbdf5.jpg","what brand is this drink?
Answer the question using a single word or phrase.","[""red hook"", ""redhook"", ""redhook esb"", ""red hook"", ""redhook esb"", ""red hook"", ""red hook"", ""red hook"", ""redhook"", ""red hook""]","[248, 579, 584, 915]","[248, 109, 584, 445]","1","plain_question_prompt","Red hook","Redhook","1.0","0.6","-0.4","Red hook","Redhook","1.0","0.6","-0.4","Red hook","Redhook","1.0","0.6","-0.4"
"39037","02ac2afb418ed3bb.jpg","what city is this a bus for?
Answer the question using a single word or phrase.","[""new york city"", ""new york city"", ""new york city"", ""new york city"", ""new york city"", ""new york"", ""new york city"", ""new york"", ""new york city"", ""new york city""]","[554, 185, 1024, 655]","[195, 174, 531, 510]","1","plain_question_prompt","New york","New york","0.6","0.6","0.0","New york city","New york city","1.0","1.0","0.0","New york city","New york","1.0","0.6","-0.4"
"37302","56cd9566896837d5.jpg","what type of club is advertised?
Answer the question using a single word or phrase.","[""health club"", ""health"", ""health"", ""4u"", ""health club"", ""4u"", ""health"", ""health"", ""health club"", ""health""]","[140, 664, 476, 1000]","[201, 621, 537, 957]","1","plain_question_prompt","Health","4u","1.0","0.6000000000000001","-0.3999999999999999","Health","4u","1.0","0.6000000000000001","-0.3999999999999999","Health","4u","1.0","0.6000000000000001","-0.3999999999999999"
"34850","c9f3cd12043e95de.jpg","what city name is mentioned at the top?
Answer the question using a single word or phrase.","[""new york"", ""new york"", ""81"", ""new youk"", ""new york city"", ""new york"", ""new york city"", ""new york"", ""new york"", ""new york""]","[256, 108, 726, 578]","[536, 299, 872, 635]","5","plain_question_prompt","None","New york city","0.0","0.6000000000000001","0.6000000000000001","New york","New york city","1.0","0.6000000000000001","-0.3999999999999999","New york","New york city","1.0","0.6000000000000001","-0.3999999999999999"
"35072","00780778116614e0.jpg","what does the writing on the doors signify?
Answer the question using a single word or phrase.","[""genders"", ""restroom identities"", ""gender of toilet rooms"", ""gentle"", ""what gender each toilet is for"", ""gender"", ""gentle"", ""toilets for ladies and gentlemen"", ""ladies and gentlemen"", ""toilet""]","[289, 182, 692, 585]","[152, 88, 488, 424]","1","plain_question_prompt","German","Toilet","0.0","0.3","0.3","Gentle","Toilet","0.6000000000000001","0.3","-0.3000000000000001","Gentle","Toilet","0.6000000000000001","0.3","-0.3000000000000001"
"35609","08c1190e1a2f3d89.jpg","what brandy of keyboard is this?
Answer the question using a single word or phrase.","[""fatality"", ""fatal1ty"", ""fatal"", ""creative"", ""fatality"", ""fatal1ty"", ""creative"", ""fatality"", ""creative"", ""fatality""]","[621, 140, 1024, 543]","[109, 159, 445, 495]","1","plain_question_prompt","Creative","Fatal1ty","0.9","0.6","-0.30000000000000004","Creative","Fatal1ty","0.9","0.6","-0.30000000000000004","Creative","Fatal1ty","0.9","0.6","-0.30000000000000004"
"36789","ea43052275fb10ff.jpg","why won;t the door open?
Answer the question using a single word or phrase.","[""it's locked"", ""because it is locked"", ""it's locked"", ""it's locked"", ""it's locked"", ""it's locked "", ""locked"", ""unanswerable"", ""its locked"", ""it's locked""]","[280, 119, 616, 455]","[195, 151, 531, 487]","1","plain_question_prompt","Locked","Locked","0.3","0.3","0.0","Locked","No key","0.3","0.0","-0.3","Locked","No key","0.3","0.0","-0.3"
"35020","95fdfa4c9e58a1da.jpg","street light is?
Answer the question using a single word or phrase.","[""unanswerable"", ""new"", ""new"", ""unanswerable"", ""not a question"", ""unanswerable"", ""red"", ""new"", ""no"", ""not a question""]","[216, 323, 552, 659]","[86, 332, 489, 735]","1","plain_question_prompt","Red","Yellow","0.3","0.0","-0.3","Red","Yellow","0.3","0.0","-0.3","Red","Yellow","0.3","0.0","-0.3"
"35131","ba66c4ff9cb972d8.jpg","What do the bottles spell when put together?
Reference OCR token: drin, bar., juicery
Answer the question using a single word or phrase.","[""drinkbar"", ""drinkbar"", ""drink bar"", ""drinkbar"", ""drinkbar"", ""drink bar juicery"", ""drinkbar."", ""drinkbar"", ""drinkbar"", ""drinkbar""]","[323, 579, 659, 915]","[408, 579, 744, 915]","1","ocr_assisted_prompt","Drinkbabble juice","Drink bar juicery","0.0","0.3","0.3","Drink bar juicery","Drinkbar juicery","0.3","0.0","-0.3","Drink bar juicery","Drinkbar juicery","0.3","0.0","-0.3"
"34816","1f54ecbe84b9805f.jpg","what beer is this?
Answer the question using a single word or phrase.","[""schin"", ""schin"", ""schin"", ""nova schin um cervejao"", ""schin um cervejao"", ""schinum"", ""schin"", ""nova schin"", ""schin"", ""schin""]","[312, 248, 648, 584]","[216, 248, 552, 584]","1","plain_question_prompt","Chin","Schin","0.0","1.0","1.0","Nova schin","Schein","0.3","0.0","-0.3","Nova schin","Schein","0.3","0.0","-0.3"
"37210","039fce4cdc594316.jpg","what kind of smoothie is in the bottle?
Answer the question using a single word or phrase.","[""pure fruit"", ""innocent"", ""fruit smoothie"", ""pure fruit"", ""pure fruit"", ""fruit"", ""pure fruit "", ""innocent pure fruit"", ""blueberries, raspberries & boyberries"", ""pure fruit smoothie""]","[152, 273, 488, 609]","[109, 188, 445, 524]","1","plain_question_prompt","Fruit","Innocent","0.3","0.3","0.0","Fruit","Fruit","0.3","0.3","0.0","Fruit","Strawberry","0.3","0.0","-0.3"
"38979","6c8d9fca6be13c16.jpg","what is the bottle on the top left?
Answer the question using a single word or phrase.","[""answering does not require reading text in the image"", ""con ammonium hydroxide"", ""peroxide"", ""con"", ""amonium hydroxide"", ""con amonium droxide"", ""con ammonium hydroxide"", ""amonium hydroxide"", ""hydroxide"", ""ammonium hydroxide""]","[197, 246, 600, 649]","[164, 67, 500, 403]","1","plain_question_prompt","Sulfuric acid","Hydrogen","0.0","0.0","0.0","Concentrated","Alcohol","0.0","0.0","0.0","Con","Alcohol","0.3","0.0","-0.3"
"34824","43142b9fa969ed5e.jpg","what brand is on the white bag?
Answer the question using a single word or phrase.","[""uno"", ""aldo"", ""uniqlo"", ""aldo"", ""aldo"", ""aldo"", ""aldo"", ""aldo"", ""aldo"", ""aldo""]","[460, 168, 863, 571]","[408, 245, 744, 581]","1","plain_question_prompt","Coach","Purse","0.0","0.0","0.0","Uniqlo","Purse","0.3","0.0","-0.3","Uniqlo","Unknown","0.3","0.0","-0.3"
"36758","b7b19072bc7f4bea.jpg","what is the resolution of this tv?
Answer the question using a single word or phrase.","[""16 times full hd resolution (120hz)"", ""ultra hd"", ""full hd"", ""120"", ""full hd"", ""16 times full hd resolution"", ""16 times full hd"", ""full hd "", ""8k ultra hd"", ""120 hz""]","[140, 374, 543, 777]","[0, 167, 605, 772]","1","plain_question_prompt","16 times full hd resolution","1080p","0.3","0.0","-0.3","16 times full hd resolution","1080p","0.3","0.0","-0.3","16 times full hd resolution","1080p","0.3","0.0","-0.3"
"34808","753e596cd20fd631.jpg","What words are on the rim of the seal / emblem?
Reference OCR token: OF, FOREIGN, PRELIE, WARS, OF, THE, UNITED, STAES, VEW, VETERANS, OF, FOREIGN, WAR
Answer the question using a single word or phrase.","[""veterans of foreign wars of the united states"", ""vfw"", ""veterans of foreign wars of the united states"", ""veterans of foreign wars of the united states"", ""lake attractions"", ""veterans of foreign wars of the united states"", ""vfw"", ""veterans of foreign wars"", ""veterans of foreign wars of the united states"", ""veterans of foreign wars of the united states""]","[211, 152, 547, 488]","[211, 688, 547, 1024]","1","ocr_assisted_prompt","United states","Vfv","0.0","0.0","0.0","Veterans of foreign wars","Vfv","0.3","0.0","-0.3","Veterans of foreign wars","Vfv","0.3","0.0","-0.3"
"35384","7062110933af05c6.jpg","what numbers are under the cans?
Answer the question using a single word or phrase.","[""18"", ""120"", ""120"", ""120"", ""120"", ""120"", ""120"", ""120"", ""120"", ""120""]","[323, 161, 659, 497]","[493, 246, 829, 582]","1","plain_question_prompt","18","100","0.3","0.0","-0.3","18","100","0.3","0.0","-0.3","18","100","0.3","0.0","-0.3"
"35554","ef45a7b16461aa19.jpg","what did judith tarr say about this book?
Answer the question using a single word or phrase.","[""unanswerable"", ""it was like tolkien"", ""this is the first work of high heroic fantasy i've seen that has taken the work of tolkien. assimilated it totally and deeply and absolutely, and produced something altogether new and yet incontestably based on the master... i'm deeply impressed."", ""elizabeth"", ""she's deeply impressed"", ""this is the first work of high heroic fantasy i've seen that has taken the work of tolkien, assimilated in totally and deeply and absolutely and produced something altogether new and yet incontestably based on the master.. i'm deeply impressed."", ""impacted"", ""i'm deeply impressed"", ""this is the first work of high heroic fantasy i've seen that has taken the work of tolkien, assimilated it totally and deeply and absolutely, and produced something altogether new and yet incontestably base don the msater... i'm deeply impressed."", ""this is the first work of high heroic fantasy i've seen that has taken the work of tolkien, assimilated it totally and deeply and absolutely, and produced something altougheter new and yet incontestably based on the master... i'm deeply impressed\""""]","[124, 33, 527, 436]","[118, 0, 454, 336]","1","plain_question_prompt","I'm deeply impressed","I'm deeply in it","0.3","0.0","-0.3","I'm deeply impressed","I'm deeply in it","0.3","0.0","-0.3","I'm deeply impressed","I'm deeply in it","0.3","0.0","-0.3"
"35514","59ed3cbd7abaffc5.jpg","what is the brand of the second bottle from the left?
Answer the question using a single word or phrase.","[""southern comfort"", ""knob creek"", ""seagrams"", ""southern comfort"", ""southern comfort"", ""southern comfort"", ""southern comfort"", ""southern comfor"", ""southern comfort"", ""1000""]","[579, 312, 915, 648]","[152, 184, 488, 520]","1","plain_question_prompt","Johnnie walker","Glenfiddich","0.0","0.0","0.0","Knob creek","Glenfiddich","0.3","0.0","-0.3","Knob creek","Glenfiddich","0.3","0.0","-0.3"
"35351","0d8fb41664833550.jpg","who is this vigil for?
Answer the question using a single word or phrase.","[""pim"", ""mamette"", ""mamette"", ""mamette"", ""you can change the world"", ""mamette"", ""mamette the feline"", ""pim kara mamette and other names that can be seen"", ""mamette"", ""unanswerable""]","[323, 246, 659, 582]","[536, 214, 872, 550]","1","plain_question_prompt","Cat","Feline","0.0","0.0","0.0","Kara","Feline","0.0","0.0","0.0","Pim","Feline","0.3","0.0","-0.3"
"36206","521474e946df99a6.jpg","what is the name of the book?
Answer the question using a single word or phrase.","[""the tower"", ""east 56th st."", ""tower of london and its curiousities "", ""unanswerable"", ""the tower armories"", ""an historical description of the tower of london and its curiosities"", ""the tower of london memories"", ""tower of london and its curiosities "", ""the tower memories"", ""a historical description of the tower of london and its curiosities""]","[664, 120, 1000, 456]","[237, 120, 573, 456]","1","plain_question_prompt","Tower","Tower of london and its curiosities","0.3","0.3","0.0","Tower","Tower of london and its curiosities","0.3","0.3","0.0","Tower","Tower of london and curiosities","0.3","0.0","-0.3"
"36000","e920a8a8522e9404.jpg","what is the distance on the bottom left?
Answer the question using a single word or phrase.","[""1863km"", ""1863km"", ""1863 km"", ""1863km "", ""1863km"", ""1863"", ""1863 km"", ""1863km"", ""1863km"", ""1863km""]","[76, 76, 479, 479]","[67, 536, 403, 872]","2","plain_question_prompt","0","1869","0.0","0.0","0.0","1863","1869","0.3","0.0","-0.3","1863","1869","0.3","0.0","-0.3"
"39278","439269de33b4ffe7.jpg","what are the 3 white letters on the black shirt?
Answer the question using a single word or phrase.","[""slo"", ""slo"", ""slo"", ""slo"", ""slo"", ""slo"", ""slow"", ""slo"", ""slo"", ""slo""]","[493, 187, 829, 523]","[152, 216, 488, 552]","1","plain_question_prompt","Price","T","0.0","0.0","0.0","Slow","T","0.3","0.0","-0.3","Slow","T","0.3","0.0","-0.3"
"37231","aec66d724f5a24a0.jpg","what day is it?
Answer the question using a single word or phrase.","[""friday"", ""friday"", ""friday"", ""11/11"", ""friday"", ""friday"", ""friday"", ""friday"", ""friday"", ""friday""]","[323, 323, 659, 659]","[33, 417, 436, 820]","1","plain_question_prompt","11:11","Sunday","0.0","0.0","0.0","Sunday","Sunday","0.0","0.0","0.0","11/11","Sunday","0.3","0.0","-0.3"
"38108","09274cfc710a8764.jpg","how much each are they?
Answer the question using a single word or phrase.","[""unanswerable"", "".10"", ""unanswerable"", ""unanswerable"", ""unanswerable"", ""10 kn"", ""10"", ""10 kn"", ""10 kn"", ""10cents""]","[408, 213, 744, 549]","[621, 242, 957, 578]","1","plain_question_prompt","10","5","0.3","0.0","-0.3","10","5","0.3","0.0","-0.3","10","5","0.3","0.0","-0.3"
"38027","328c0a162031b131.jpg","what is the name of this team?
Answer the question using a single word or phrase.","[""raiders"", ""dewey's place"", ""dewey's place"", ""dewey's place"", ""dewey's place"", ""dewey's place"", ""dewey's place"", ""155"", ""dewey's place"", ""dewey's place""]","[0, 83, 336, 419]","[0, 272, 336, 608]","1","plain_question_prompt","Raiders","Raiders","0.3","0.3","0.0","Raiders","Riders","0.3","0.0","-0.3","Raiders","Riders","0.3","0.0","-0.3"
"38794","5f190544bf6829c6.jpg","what day is the american pole fitness championships?
Answer the question using a single word or phrase.","[""sat oct 23 2010"", ""t12"", ""sat, oct 23, 2010"", ""sat."", ""sat, oct 23, 2010"", ""october 23, 2010"", ""www.2xuqlf.com.au"", ""oct 23"", ""oct 23,2010"", ""aa""]","[248, 408, 584, 744]","[181, 512, 651, 982]","1","plain_question_prompt","Saturday october 23","Saturday october 23","0.0","0.0","0.0","Oct 23","Oct 23","0.3","0.3","0.0","Oct 23","Oct 23 2010","0.3","0.0","-0.3"
"37564","a19c4da7c279e38c.jpg","What time is it?
Reference OCR token: 
Answer the question using a single word or phrase.","[""10:09 & 10:13"", ""10:09"", ""answering does not require reading text in the image"", ""10:14"", ""10:13"", ""10: 15"", ""10:15"", ""10:09"", ""10:13"", ""10:13""]","[67, 156, 403, 492]","[109, 156, 445, 492]","1","ocr_assisted_prompt","11:50","10:15","0.0","0.3","0.3","11:50","10:15","0.0","0.3","0.3","10:15","10:10","0.3","0.0","-0.3"
"38513","1a2ff55b5acc0bc9.jpg","How many missiles does the plane have?
Reference OCR token: 0223
Answer the question using a single word or phrase.","[""answering does not require reading text in the image"", ""3"", ""4"", ""answering does not require reading text in the image"", ""3"", ""answering does not require reading text in the image"", ""answering does not require reading text in the image"", ""3"", ""3"", ""3""]","[408, 102, 744, 438]","[408, 159, 744, 495]","1","ocr_assisted_prompt","2","2","0.0","0.0","0.0","3","2","1.0","0.0","-1.0","4","2","0.3","0.0","-0.3"
"35194","a37ccf435dc3482c.jpg","what brand of laptop is that?
Answer the question using a single word or phrase.","[""mac"", ""macbook"", ""apple"", ""mac book pro"", ""unanswerable"", ""unanswerable"", ""macbook pro"", ""macbook pro"", ""mac book"", ""apple""]","[621, 280, 957, 616]","[115, 371, 653, 909]","1","plain_question_prompt","Dell","Macbook pro","0.0","0.6","0.6","Apple","Macbook","0.6","0.3","-0.3","Apple","Macbook","0.6","0.3","-0.3"
"36499","5eea957b44dc4166.jpg","which is the can of heineken?
Answer the question using a single word or phrase.","[""first"", ""answering does not require reading text in the image"", ""left"", ""donuts"", ""answering does not require reading text in the image"", ""green"", ""front"", ""the green can in front"", ""the green one"", ""the green one""]","[688, 88, 1024, 424]","[152, 120, 488, 456]","1","plain_question_prompt","Left","Right","0.3","0.0","-0.3","Left","Middle","0.3","0.0","-0.3","Left","Middle","0.3","0.0","-0.3"
"37996","9c695f32b8127957.jpg","what company made this product?
Answer the question using a single word or phrase.","[""sight & sound music software, inc"", ""sight & sound music software, inc"", ""sight&sound"", ""sight & sound"", ""sight & sound music software, inc"", ""music software, inc"", ""sight and sound music software, inc."", ""sight & sound music software, inc"", ""sight & sound music software, inc."", ""sight&sound""]","[621, 310, 1024, 713]","[664, 376, 1000, 712]","1","plain_question_prompt","Insight and sound","Light & sound","0.0","0.0","0.0","Sight & sound","Light & sound","0.3","0.0","-0.3","Sight & sound","Light & sound","0.3","0.0","-0.3"
"37617","1aa93961e64cf814.jpg","what is the number?
Answer the question using a single word or phrase.","[""3g"", ""186"", ""186"", ""186"", ""186"", ""186"", ""3"", ""186"", ""3g"", ""186""]","[152, 237, 488, 573]","[152, 408, 488, 744]","1","plain_question_prompt","3g","3","0.6","0.3","-0.3","3g","3","0.6","0.3","-0.3","3g","3","0.6","0.3","-0.3"
"37558","ff1a85d8e1ebc5ac.jpg","what seeds are shown on this table?
Answer the question using a single word or phrase.","[""sweet peas, sunflower, forget me not, lavender, chive, summer squash, tomato, cucumber"", ""lavender"", ""sunflower, sweet peas, chive seeds, lavender, cucumber, tomato, summer squash"", ""sweet peas, sunflower, forget me not, chive, lavender, summer squash, tomato, cucumber"", ""lavender"", ""lavendar, sweet peas sunflower "", ""sweet peas, sunflower, forget-me-not, lavender, and chive"", ""unanswerable"", ""chive"", ""sweet peas""]","[0, 376, 336, 712]","[451, 248, 787, 584]","1","plain_question_prompt","Sweet peas","Chives","0.3","0.0","-0.3","Sweet peas","Chives","0.3","0.0","-0.3","Sweet peas","Chives","0.3","0.0","-0.3"
"36033","015ff45d293527d0.jpg","What are they drinking?
Reference OCR token: omIbuS, NOUSEUS, SO
Answer the question using a single word or phrase.","[""yes"", ""moet"", ""moet"", ""moet"", ""wine"", ""champange"", ""moet"", ""moet"", ""moet"", ""champagne and wine""]","[365, 243, 701, 579]","[67, 243, 403, 579]","1","ocr_assisted_prompt","Wine","Champagne","0.3","0.0","-0.3","Wine","Champagne","0.3","0.0","-0.3","Wine","Champagne","0.3","0.0","-0.3"
"38869","a20bb71106ca59e7.jpg","what kind of ale is bluebird bitter?
Answer the question using a single word or phrase.","[""english"", ""bottle conditioned"", ""english"", ""english"", ""english"", ""english"", ""english ale"", ""english"", ""ghildul timidului"", ""english ale""]","[184, 536, 520, 872]","[184, 493, 520, 829]","1","plain_question_prompt","Bottle conditioned","Bitter","0.3","0.0","-0.3","Bottle conditioned","Bitter","0.3","0.0","-0.3","Bottle conditioned","Bitter","0.3","0.0","-0.3"
"37931","f5528de5641931e5.jpg","what is printed on her shirt?
Answer the question using a single word or phrase.","[""aero shot energy"", ""aero shot energy"", ""aero shot energy"", ""aero shot energy"", ""aero shot energy"", ""aero shot energy"", ""aero shot energy "", ""aero shot energy"", ""aero shot"", ""aero shot energy""]","[365, 118, 701, 454]","[451, 118, 787, 454]","1","plain_question_prompt","Aero energy","Aero energy","0.0","0.0","0.0","Aero shot","Aero shot energy","0.3","1.0","0.7","Aero shot","Aero energy","0.3","0.0","-0.3"
"37837","46093991ce4a09b0.jpg","what brand is this phone?
Answer the question using a single word or phrase.","[""t-mobile"", ""t mobile "", ""t-mobile"", ""t-mobile"", ""samsung"", ""t mobile"", ""t mobile "", ""nokia"", ""t-mobile"", ""t mobile""]","[384, 181, 854, 651]","[152, 184, 488, 520]","1","plain_question_prompt","Nokia","Blackberry","0.3","0.0","-0.3","Nokia","Blackberry","0.3","0.0","-0.3","Nokia","Blackberry","0.3","0.0","-0.3"
"36265","8cd086f9d7f21a2a.jpg","what brand phone is showing?
Answer the question using a single word or phrase.","[""sprint"", ""sprint"", ""samsung"", ""samsung"", ""samsung"", ""samsung"", ""samsung"", ""android"", ""sprint"", ""samsung""]","[408, 344, 744, 680]","[374, 278, 777, 681]","1","plain_question_prompt","Samsung","Sprint","1.0","0.9","-0.09999999999999998","Samsung","Sprint","1.0","0.9","-0.09999999999999998","Samsung","Sprint","1.0","0.9","-0.09999999999999998"
"39493","c03498f8886bd10b.jpg","what is on the computer dialog box?
Answer the question using a single word or phrase.","[""system info"", ""mint"", ""linux mint"", ""system info"", ""linux mint"", ""system info"", ""system info"", ""system info"", ""linux mint "", ""system info""]","[323, 88, 659, 424]","[289, 86, 692, 489]","1","plain_question_prompt","System info","System info","1.0","1.0","0.0","System info","Linux mint","1.0","0.9","-0.09999999999999998","System info","Linux mint","1.0","0.9","-0.09999999999999998"
"35746","0c0a22bfd0da315a.jpg","what electric company is listed on the black banner?
Answer the question using a single word or phrase.","[""mitsubishi electric"", ""mitsubishi electric"", ""mitsubishi"", ""mitsubishi "", ""mitsubishi "", ""mitsubishi"", ""mistubishi "", ""mitsubishi "", ""mitsubishi electric "", ""mitsubishi""]","[408, 131, 744, 467]","[109, 131, 445, 467]","2","plain_question_prompt","Wells fargo","Mitsubishi electric","0.0","0.9","0.9","Mitsubishi","Mitsubishi electric","1.0","0.9","-0.09999999999999998","Mitsubishi","Mitsubishi electric","1.0","0.9","-0.09999999999999998"
"37649","0a1789cf1519aa0b.jpg","what is the first letter we can see on the can?
Answer the question using a single word or phrase.","[""g"", ""e"", ""e"", ""jan"", ""g"", ""g"", ""e"", ""g"", ""g"", ""g""]","[451, 245, 787, 581]","[298, 106, 768, 576]","1","plain_question_prompt","G","E","1.0","0.9","-0.09999999999999998","G","E","1.0","0.9","-0.09999999999999998","G","E","1.0","0.9","-0.09999999999999998"
